addresses,basic,created_epoch,endpoints,enumeration_type,identifiers,last_updated_epoch,number,other_names,practiceLocations,taxonomies,primary_practice_address_1,primary_practice_address_2,primary_practice_city,primary_practice_state,primary_practice_postal_code,primary_taxonomy_description,provider_full_name,primary_practice_fax,primary_practice_phone,full_practice_address
"[{'address_1': '250 WILLIAMS ST NW', 'address_2': '6TH FLOOR', 'address_purpose': 'MAILING', 'address_type': 'DOM', 'city': 'ATLANTA', 'country_code': 'US', 'country_name': 'United States', 'fax_number': '404-327-6404', 'postal_code': '303031032', 'state': 'GA', 'telephone_number': '404-329-7785'}, {'address_1': '250 WILLIAMS ST NW', 'address_2': '6TH FLOOR', 'address_purpose': 'LOCATION', 'address_type': 'DOM', 'city': 'ATLANTA', 'country_code': 'US', 'country_name': 'United States', 'fax_number': '404-327-6404', 'postal_code': '303031032', 'state': 'GA', 'telephone_number': '404-329-7785'}]","{'enumeration_date': '2010-11-18', 'first_name': 'TERESA', 'last_name': 'ADES', 'last_updated': '2010-11-18', 'middle_name': 'B', 'name_prefix': 'Dr.', 'name_suffix': '--', 'sex': 'F', 'sole_proprietor': 'YES', 'status': 'A'}",1290098056000,[],NPI-1,[],1290098056000,1467754788,"[{'code': '5', 'credential': 'DNP, FNP-BC, AOCN', 'first_name': 'TERRI', 'last_name': 'ADES', 'middle_name': 'B', 'prefix': 'Dr.', 'suffix': '--', 'type': 'Other Name'}]",[],"[{'code': '363LF0000X', 'desc': 'Nurse Practitioner, Family', 'license': 'RN075965', 'primary': True, 'state': 'GA', 'taxonomy_group': ''}]",250 WILLIAMS ST NW,6TH FLOOR,ATLANTA,GA,303031032,"Nurse Practitioner, Family",TERESA ADES,404-327-6404,404-329-7785,"250 WILLIAMS ST NW, 6TH FLOOR, ATLANTA, GA 303031032"
"[{'address_1': '260 PEACHTREE ST NW STE 2200', 'address_purpose': 'MAILING', 'address_type': 'DOM', 'city': 'ATLANTA', 'country_code': 'US', 'country_name': 'United States', 'fax_number': '772-675-9100', 'postal_code': '303031292', 'state': 'GA', 'telephone_number': '855-832-6727'}, {'address_1': '7108 S KANNER HWY', 'address_purpose': 'LOCATION', 'address_type': 'DOM', 'city': 'STUART', 'country_code': 'US', 'country_name': 'United States', 'postal_code': '349977462', 'state': 'FL', 'telephone_number': '855-832-6727'}]","{'certification_date': '2020-06-02', 'credential': 'RBT', 'enumeration_date': '2020-06-02', 'first_name': 'JENNIFER', 'last_name': 'AKINS', 'last_updated': '2020-06-02', 'name_prefix': 'Mrs.', 'sex': 'F', 'sole_proprietor': 'YES', 'status': 'A'}",1591149320000,"[{'address_1': '7108 S Kanner Hwy', 'address_type': 'DOM', 'affiliation': 'N', 'city': 'Stuart', 'contentTypeDescription': '', 'country_code': 'US', 'country_name': 'United States', 'endpoint': 'www.teampbs.com', 'endpointType': 'CONNECT', 'endpointTypeDescription': 'CONNECT URL', 'postal_code': '349977462', 'state': 'FL', 'useDescription': ''}]",NPI-1,[],1591149320000,1487278743,[],[],"[{'code': '106S00000X', 'desc': 'Behavior Technician', 'license': 'RBT-20-116839', 'primary': True, 'state': 'GA', 'taxonomy_group': '193400000X - Single Specialty Group'}]",260 PEACHTREE ST NW STE 2200,,ATLANTA,GA,303031292,Behavior Technician,JENNIFER AKINS,772-675-9100,855-832-6727,"260 PEACHTREE ST NW STE 2200, ATLANTA, GA 303031292"
"[{'address_1': '260 PEACHTREE ST NW STE 2200', 'address_purpose': 'MAILING', 'address_type': 'DOM', 'city': 'ATLANTA', 'country_code': 'US', 'country_name': 'United States', 'fax_number': '866-500-2186', 'postal_code': '303031292', 'state': 'GA', 'telephone_number': '877-418-2978'}, {'address_1': '260 PEACHTREE ST NW STE 2200', 'address_purpose': 'LOCATION', 'address_type': 'DOM', 'city': 'ATLANTA', 'country_code': 'US', 'country_name': 'United States', 'fax_number': '866-500-2186', 'postal_code': '303031292', 'state': 'GA', 'telephone_number': '877-418-2978'}]","{'certification_date': '2021-04-28', 'enumeration_date': '2021-04-28', 'first_name': 'SABRINA', 'last_name': 'ALEXANDER', 'last_updated': '2021-04-28', 'sex': 'F', 'sole_proprietor': 'NO', 'status': 'A'}",1619648949000,[],NPI-1,[],1619648949000,1164005138,[],[],"[{'code': '106S00000X', 'desc': 'Behavior Technician', 'license': None, 'primary': True, 'state': None, 'taxonomy_group': ''}]",260 PEACHTREE ST NW STE 2200,,ATLANTA,GA,303031292,Behavior Technician,SABRINA ALEXANDER,866-500-2186,877-418-2978,"260 PEACHTREE ST NW STE 2200, ATLANTA, GA 303031292"
"[{'address_1': '75 PIEDMONT AVE', 'address_2': 'STE 700', 'address_purpose': 'MAILING', 'address_type': 'DOM', 'city': 'ATLANTA', 'country_code': 'US', 'country_name': 'United States', 'fax_number': '404-756-1402', 'postal_code': '303032544', 'state': 'GA', 'telephone_number': '404-756-5271'}, {'address_1': '75 PIEDMONT AVE', 'address_2': 'STE 700', 'address_purpose': 'LOCATION', 'address_type': 'DOM', 'city': 'ATLANTA', 'country_code': 'US', 'country_name': 'United States', 'fax_number': '404-756-1495', 'postal_code': '303032544', 'state': 'GA', 'telephone_number': '404-756-1410'}]","{'credential': 'MD', 'enumeration_date': '2005-07-21', 'first_name': 'ABIMBULA', 'last_name': 'AKOMOLAFE', 'last_updated': '2026-07-13', 'name_prefix': '--', 'name_suffix': '--', 'sex': 'F', 'sole_proprietor': 'NO', 'status': 'A'}",1121962192000,[],NPI-1,"[{'code': '05', 'desc': 'MEDICAID', 'identifier': '00842762A', 'issuer': None, 'state': 'GA'}]",1783941350000,1134129026,[],[],"[{'code': '207R00000X', 'desc': 'Internal Medicine', 'license': '048024', 'primary': True, 'state': 'GA', 'taxonomy_group': ''}]",75 PIEDMONT AVE,STE 700,ATLANTA,GA,303032544,Internal Medicine,ABIMBULA AKOMOLAFE,404-756-1402,404-756-5271,"75 PIEDMONT AVE, STE 700, ATLANTA, GA 303032544"
"[{'address_1': '80 JESSE HILL JR DR SE', 'address_purpose': 'MAILING', 'address_type': 'DOM', 'city': 'ATLANTA', 'country_code': 'US', 'country_name': 'United States', 'fax_number': '404-616-8202', 'postal_code': '303033031', 'state': 'GA', 'telephone_number': '404-616-8261'}, {'address_1': '80 JESSE HILL JR DR SE', 'address_purpose': 'LOCATION', 'address_type': 'DOM', 'city': 'ATLANTA', 'country_code': 'US', 'country_name': 'United States', 'fax_number': '404-616-8202', 'postal_code': '303033031', 'state': 'GA', 'telephone_number': '404-616-8261'}]","{'credential': 'FNP-C', 'enumeration_date': '2017-08-14', 'first_name': 'EVELYN', 'last_name': 'ADESANYA', 'last_updated': '2022-07-21', 'middle_name': 'MOJIRADE', 'name_prefix': '--', 'sex': 'F', 'sole_proprietor': 'NO', 'status': 'A'}",1502719860000,[],NPI-1,"[{'code': '01', 'desc': 'Other (non-Medicare)', 'identifier': 'pending', 'issuer': 'pending', 'state': 'GA'}, {'code': '05', 'desc': 'MEDICAID', 'identifier': 'pending', 'issuer': None, 'state': 'GA'}]",1658438158000,1821513607,[],[],"[{'code': '363LF0000X', 'desc': 'Nurse Practitioner, Family', 'license': 'RN224636', 'primary': True, 'state': 'GA', 'taxonomy_group': ''}]",80 JESSE HILL JR DR SE,,ATLANTA,GA,303033031,"Nurse Practitioner, Family",EVELYN ADESANYA,404-616-8202,404-616-8261,"80 JESSE HILL JR DR SE, ATLANTA, GA 303033031"
"[{'address_1': '69 JESSE HILL JR DR SE', 'address_purpose': 'MAILING', 'address_type': 'DOM', 'city': 'ATLANTA', 'country_code': 'US', 'country_name': 'United States', 'fax_number': '404-525-2957', 'postal_code': '303033033', 'state': 'GA', 'telephone_number': '404-616-7028'}, {'address_1': '69 JESSE HILL JR DR SE', 'address_purpose': 'LOCATION', 'address_type': 'DOM', 'city': 'ATLANTA', 'country_code': 'US', 'country_name': 'United States', 'fax_number': '404-525-2957', 'postal_code': '303033033', 'state': 'GA', 'telephone_number': '404-616-7028'}]","{'credential': 'MD', 'enumeration_date': '2008-05-29', 'first_name': 'BHAVIN', 'last_name': 'ADHYARU', 'last_updated': '2008-09-13', 'middle_name': 'BIPIN', 'name_prefix': 'Dr.', 'name_suffix': '--', 'sex': 'M', 'sole_proprietor': 'NO', 'status': 'A'}",1212101871000,[],NPI-1,[],1221355861000,1366600926,[],[],"[{'code': '390200000X', 'desc': 'Student in an Organized Health Care Education/Training Program', 'license': None, 'primary': False, 'state': None, 'taxonomy_group': ''}, {'code': '207R00000X', 'desc': 'Internal Medicine', 'license': '003193', 'primary': True, 'state': 'GA', 'taxonomy_group': ''}]",69 JESSE HILL JR DR SE,,ATLANTA,GA,303033033,Internal Medicine,BHAVIN ADHYARU,404-525-2957,404-616-7028,"69 JESSE HILL JR DR SE, ATLANTA, GA 303033033"
"[{'address_1': '49 JESSE HILL JR DR SE', 'address_purpose': 'MAILING', 'address_type': 'DOM', 'city': 'ATLANTA', 'country_code': 'US', 'country_name': 'United States', 'fax_number': '404-688-6355', 'postal_code': '303033049', 'state': 'GA', 'telephone_number': '404-251-8865'}, {'address_1': '49 JESSE HILL JR DR SE', 'address_purpose': 'LOCATION', 'address_type': 'DOM', 'city': 'ATLANTA', 'country_code': 'US', 'country_name': 'United States', 'fax_number': '404-688-6355', 'postal_code': '303033049', 'state': 'GA', 'telephone_number': '404-251-8865'}]","{'credential': 'M.D', 'enumeration_date': '2011-07-01', 'first_name': 'IBTIHAL', 'last_name': 'ALATTAS', 'last_updated': '2011-07-01', 'middle_name': 'MOHAMMED', 'name_prefix': '--', 'name_suffix': '--', 'sex': 'F', 'sole_proprietor': 'NO', 'status': 'A'}",1309528062000,[],NPI-1,[],1309528062000,1730476441,[],[],"[{'code': '390200000X', 'desc': 'Student in an Organized Health Care Education/Training Program', 'license': None, 'primary': True, 'state': None, 'taxonomy_group': ''}]",49 JESSE HILL JR DR SE,,ATLANTA,GA,303033049,Student in an Organized Health Care Education/Training Program,IBTIHAL ALATTAS,404-688-6355,404-251-8865,"49 JESSE HILL JR DR SE, ATLANTA, GA 303033049"
"[{'address_1': '3169 MAPLE DRIVE NE', 'address_purpose': 'LOCATION', 'address_type': 'DOM', 'city': 'ATLANTA', 'country_code': 'US', 'country_name': 'United States', 'fax_number': '404-264-6327', 'postal_code': '30305', 'state': 'GA', 'telephone_number': '610-506-8447'}, {'address_1': '719 CLIFTON RD SE', 'address_purpose': 'MAILING', 'address_type': 'DOM', 'city': 'ATLANTA', 'country_code': 'US', 'country_name': 'United States', 'fax_number': '404-962-6873', 'postal_code': '30316', 'state': 'GA', 'telephone_number': '610-506-8447'}]","{'credential': 'P.T., D.P.T', 'enumeration_date': '2016-05-16', 'first_name': 'BRITTANY', 'last_name': 'ALBRITTON', 'last_updated': '2019-09-05', 'middle_name': 'NICOLE', 'name_prefix': 'Mrs.', 'sex': 'F', 'sole_proprietor': 'NO', 'status': 'A'}",1463430101000,[],NPI-1,[],1567710970000,1164879532,"[{'code': '1', 'credential': 'P.T., D.P.T', 'first_name': 'BRITTANY', 'last_name': 'MOORE', 'middle_name': 'NICOLE', 'prefix': 'Ms.', 'type': 'Former Name'}]",[],"[{'code': '225100000X', 'desc': 'Physical Therapist', 'license': 'PT012085', 'primary': True, 'state': 'GA', 'taxonomy_group': ''}]",3169 MAPLE DRIVE NE,,ATLANTA,GA,30305,Physical Therapist,BRITTANY ALBRITTON,404-264-6327,610-506-8447,"3169 MAPLE DRIVE NE, ATLANTA, GA 30305"
"[{'address_1': '3495 PIEDMONT ROAD, NE', 'address_2': 'NINE PIEDMONT CENTER', 'address_purpose': 'MAILING', 'address_type': 'DOM', 'city': 'ATLANTA', 'country_code': 'US', 'country_name': 'United States', 'fax_number': '770-916-4434', 'postal_code': '30305', 'state': 'GA', 'telephone_number': '404-364-7070'}, {'address_1': '2400 MT. ZION PARKWAY', 'address_2': 'KAISER PERMANENTE SOUTHWOOD MEDICAL CENTER', 'address_purpose': 'LOCATION', 'address_type': 'DOM', 'city': 'JONESBORO', 'country_code': 'US', 'country_name': 'United States', 'postal_code': '30236', 'state': 'GA', 'telephone_number': '215-662-3957'}]","{'credential': 'M.D.', 'enumeration_date': '2006-12-18', 'first_name': 'AHMED', 'last_name': 'ALI', 'last_updated': '2013-10-31', 'middle_name': 'NASER', 'name_prefix': '--', 'name_suffix': '--', 'sex': 'M', 'sole_proprietor': 'NO', 'status': 'A'}",1166453870000,[],NPI-1,[],1383240246000,1396808010,[],[],"[{'code': '207R00000X', 'desc': 'Internal Medicine', 'license': 'MT189287', 'primary': False, 'state': 'PA', 'taxonomy_group': ''}, {'code': '2085R0001X', 'desc': None, 'license': 'MD435649', 'primary': False, 'state': 'PA', 'taxonomy_group': ''}, {'code': '2085R0001X', 'desc': None, 'license': '65988', 'primary': False, 'state': 'GA', 'taxonomy_group': ''}, {'code': '2085R0001X', 'desc': None, 'license': '065988', 'primary': True, 'state': 'GA', 'taxonomy_group': ''}]","3495 PIEDMONT ROAD, NE",NINE PIEDMONT CENTER,ATLANTA,GA,30305,,AHMED ALI,770-916-4434,404-364-7070,"3495 PIEDMONT ROAD, NE, NINE PIEDMONT CENTER, ATLANTA, GA 30305"
"[{'address_1': '3495 PIEDMONT ROAD, NE', 'address_2': 'NINE PIEDMONT CENTER', 'address_purpose': 'MAILING', 'address_type': 'DOM', 'city': 'ATLANTA', 'country_code': 'US', 'country_name': 'United States', 'fax_number': '740-374-5887', 'postal_code': '30305', 'state': 'GA', 'telephone_number': '404-364-7070'}, {'address_1': '2400 MT. ZION PARKWAY', 'address_2': 'KAISER PERMANENTE SOUTHWOOD MEDICAL CENTER', 'address_purpose': 'LOCATION', 'address_type': 'DOM', 'city': 'JONESBORO', 'country_code': 'US', 'country_name': 'United States', 'fax_number': '740-374-1693', 'postal_code': '30236', 'state': 'GA', 'telephone_number': '770-603-3668'}]","{'certification_date': '2022-04-14', 'credential': 'DO', 'enumeration_date': '2007-06-08', 'first_name': 'UCHENNA', 'last_name': 'AGUWA', 'last_updated': '2022-04-14', 'middle_name': 'E', 'sex': 'F', 'sole_proprietor': 'NO', 'status': 'A'}",1181299071000,"[{'address_1': '2400 Mt. Zion Parkway', 'address_2': 'Kaiser Permanente Southwood Medical Center', 'address_type': 'DOM', 'affiliation': 'N', 'city': 'Jonesboro', 'contentOtherDescription': 'C-CDA', 'contentType': 'OTHER', 'contentTypeDescription': 'Other', 'country_code': 'US', 'country_name': 'United States', 'endpoint': 'https://careepiceast.kp.org:14430/Interconnect-prodgam/wcf/epic.community.hie/xcpdrespondinggatewaysync.svc/ceq', 'endpointDescription': 'Carequality', 'endpointType': 'SOAP', 'endpointTypeDescription': 'SOAP URL', 'postal_code': '30236', 'state': 'GA', 'use': 'HIE', 'useDescription': 'Health Information Exchange (HIE)'}]",NPI-1,"[{'code': '05', 'desc': 'MEDICAID', 'identifier': '2949117', 'issuer': None, 'state': 'OH'}, {'code': '05', 'desc': 'MEDICAID', 'identifier': '38100017862', 'issuer': None, 'state': 'WV'}, {'code': '01', 'desc': 'Other (non-Medicare)', 'identifier': 'P00997170', 'issuer': 'RRMCR', 'state': 'OH'}]",1649940274000,1164625950,"[{'code': '5', 'first_name': 'UCHE', 'last_name': 'AGUWA', 'prefix': '--', 'suffix': '--', 'type': 'Other Name'}]",[],"[{'code': '207P00000X', 'desc': 'Emergency Medicine', 'license': '34009380', 'primary': False, 'state': 'OH', 'taxonomy_group': ''}, {'code': '207P00000X', 'desc': 'Emergency Medicine', 'license': '072443', 'primary': True, 'state': 'GA', 'taxonomy_group': ''}]","3495 PIEDMONT ROAD, NE",NINE PIEDMONT CENTER,ATLANTA,GA,30305,Emergency Medicine,UCHENNA AGUWA,740-374-5887,404-364-7070,"3495 PIEDMONT ROAD, NE, NINE PIEDMONT CENTER, ATLANTA, GA 30305"
"[{'address_1': '3520 PIEDMONT RD NE', 'address_2': 'SUITE 250', 'address_purpose': 'MAILING', 'address_type': 'DOM', 'city': 'ATLANTA', 'country_code': 'US', 'country_name': 'United States', 'fax_number': '404-419-6623', 'postal_code': '303051516', 'state': 'GA', 'telephone_number': '404-870-2802'}, {'address_1': '3520 PIEDMONT RD NE', 'address_2': 'SUITE 250', 'address_purpose': 'LOCATION', 'address_type': 'DOM', 'city': 'ATLANTA', 'country_code': 'US', 'country_name': 'United States', 'fax_number': '404-419-6623', 'postal_code': '303051516', 'state': 'GA', 'telephone_number': '404-870-2802'}]","{'credential': 'MD', 'enumeration_date': '2006-05-15', 'first_name': 'JACOB', 'last_name': 'ABRAHAM', 'last_updated': '2014-02-19', 'name_prefix': '--', 'name_suffix': '--', 'sex': 'M', 'sole_proprietor': 'NO', 'status': 'A'}",1147735857000,[],NPI-1,"[{'code': '05', 'desc': 'MEDICAID', 'identifier': '242113660', 'issuer': None, 'state': 'GA'}]",1392835749000,1144271800,[],[],"[{'code': '2085R0202X', 'desc': 'Radiology, Diagnostic Radiology', 'license': '056014', 'primary': True, 'state': 'GA', 'taxonomy_group': ''}]",3520 PIEDMONT RD NE,SUITE 250,ATLANTA,GA,303051516,"Radiology, Diagnostic Radiology",JACOB ABRAHAM,404-419-6623,404-870-2802,"3520 PIEDMONT RD NE, SUITE 250, ATLANTA, GA 303051516"
"[{'address_1': '550 PHARR RD NE', 'address_purpose': 'MAILING', 'address_type': 'DOM', 'city': 'ATLANTA', 'country_code': 'US', 'country_name': 'United States', 'fax_number': '678-705-2756', 'postal_code': '303053428', 'state': 'GA', 'telephone_number': '404-235-5982'}, {'address_1': '550 PHARR RD NE', 'address_purpose': 'LOCATION', 'address_type': 'DOM', 'city': 'ATLANTA', 'country_code': 'US', 'country_name': 'United States', 'fax_number': '678-705-2756', 'postal_code': '303053428', 'state': 'GA', 'telephone_number': '404-235-5982'}]","{'certification_date': '2026-02-26', 'credential': 'MD', 'enumeration_date': '2018-04-24', 'first_name': 'NNENNA', 'last_name': 'AKARONU', 'last_updated': '2026-02-26', 'middle_name': 'OKOR', 'sex': 'F', 'sole_proprietor': 'NO', 'status': 'A'}",1524606376000,[],NPI-1,[],1772142612000,1518455666,[],"[{'address_1': '240 MITCHELL BRIDGE RD', 'address_purpose': 'LOCATION', 'address_type': 'DOM', 'city': 'ATHENS', 'country_code': 'US', 'country_name': 'United States', 'postal_code': '306062043', 'state': 'GA', 'telephone_number': '706-389-6789'}]","[{'code': '2084P0804X', 'desc': 'Psychiatry & Neurology, Child & Adolescent Psychiatry', 'license': 'T9624', 'primary': False, 'state': 'TX', 'taxonomy_group': ''}, {'code': '2084P0800X', 'desc': 'Psychiatry & Neurology, Psychiatry', 'license': '99590', 'primary': True, 'state': 'GA', 'taxonomy_group': ''}, {'code': '2084P0804X', 'desc': 'Psychiatry & Neurology, Child & Adolescent Psychiatry', 'license': 'MD2023-0557', 'primary': False, 'state': 'NM', 'taxonomy_group': ''}]",550 PHARR RD NE,,ATLANTA,GA,303053428,"Psychiatry & Neurology, Psychiatry",NNENNA AKARONU,678-705-2756,404-235-5982,"550 PHARR RD NE, ATLANTA, GA 303053428"
"[{'address_1': '675 SEMINOLE AVENUE', 'address_2': 'SUITE 307', 'address_purpose': 'LOCATION', 'address_type': 'DOM', 'city': 'ATLANTA', 'country_code': 'US', 'country_name': 'United States', 'fax_number': '877-455-0324', 'postal_code': '303073416', 'state': 'GA', 'telephone_number': '678-701-9559'}, {'address_1': '675 SEMINOLE AVE NE STE 307', 'address_purpose': 'MAILING', 'address_type': 'DOM', 'city': 'ATLANTA', 'country_code': 'US', 'country_name': 'United States', 'fax_number': '877-455-0324', 'postal_code': '303073416', 'state': 'GA', 'telephone_number': '678-701-9559'}]","{'credential': 'PH.D.', 'enumeration_date': '2006-10-25', 'first_name': 'ANA', 'last_name': 'ADELSTEIN', 'last_updated': '2019-08-28', 'name_prefix': 'Dr.', 'sex': 'F', 'sole_proprietor': 'NO', 'status': 'A'}",1161780432000,[],NPI-1,"[{'code': '05', 'desc': 'MEDICAID', 'identifier': '00923458C', 'issuer': None, 'state': 'GA'}]",1567009264000,1881778967,[],[],"[{'code': '103TC0700X', 'desc': 'Psychologist, Clinical', 'license': 'PSY002524', 'primary': True, 'state': 'GA', 'taxonomy_group': ''}]",675 SEMINOLE AVENUE,SUITE 307,ATLANTA,GA,303073416,"Psychologist, Clinical",ANA ADELSTEIN,877-455-0324,678-701-9559,"675 SEMINOLE AVENUE, SUITE 307, ATLANTA, GA 303073416"
"[{'address_1': '341 PONCE DE LEON AVE NE', 'address_purpose': 'MAILING', 'address_type': 'DOM', 'city': 'ATLANTA', 'country_code': 'US', 'country_name': 'United States', 'fax_number': '404-616-9732', 'postal_code': '303082012', 'state': 'GA', 'telephone_number': '404-616-9782'}, {'address_1': '341 PONCE DE LEON AVE NE', 'address_purpose': 'LOCATION', 'address_type': 'DOM', 'city': 'ATLANTA', 'country_code': 'US', 'country_name': 'United States', 'fax_number': '404-616-9732', 'postal_code': '303082012', 'state': 'GA', 'telephone_number': '404-616-9782'}]","{'credential': 'M.D.', 'enumeration_date': '2006-09-16', 'first_name': 'EDWARD', 'last_name': 'AIKENS', 'last_updated': '2007-07-08', 'middle_name': 'LAMONTE', 'name_prefix': 'Dr.', 'name_suffix': '--', 'sex': 'M', 'sole_proprietor': 'NO', 'status': 'A'}",1158442853000,[],NPI-1,[],1183947785000,1780780593,[],[],"[{'code': '207R00000X', 'desc': 'Internal Medicine', 'license': '056402', 'primary': True, 'state': 'GA', 'taxonomy_group': ''}]",341 PONCE DE LEON AVE NE,,ATLANTA,GA,303082012,Internal Medicine,EDWARD AIKENS,404-616-9732,404-616-9782,"341 PONCE DE LEON AVE NE, ATLANTA, GA 303082012"
"[{'address_1': '341 PONCE DE LEON AVE NE', 'address_purpose': 'LOCATION', 'address_type': 'DOM', 'city': 'ATLANTA', 'country_code': 'US', 'country_name': 'United States', 'fax_number': '404-616-9732', 'postal_code': '303082012', 'state': 'GA', 'telephone_number': '404-616-2440'}, {'address_1': '508 DEERING RD NW', 'address_purpose': 'MAILING', 'address_type': 'DOM', 'city': 'ATLANTA', 'country_code': 'US', 'country_name': 'United States', 'postal_code': '303092210', 'state': 'GA', 'telephone_number': '302-542-8042'}]","{'certification_date': '2021-06-17', 'credential': 'M.D.', 'enumeration_date': '2016-03-24', 'first_name': 'BRUCE', 'last_name': 'ALDRED', 'last_updated': '2021-06-17', 'middle_name': 'MICHAEL', 'sex': 'M', 'sole_proprietor': 'NO', 'status': 'A'}",1458871510000,[],NPI-1,[],1623961263000,1194187484,[],[],"[{'code': '207RI0200X', 'desc': 'Internal Medicine, Infectious Disease', 'license': '89237', 'primary': True, 'state': 'GA', 'taxonomy_group': ''}]",341 PONCE DE LEON AVE NE,,ATLANTA,GA,303082012,"Internal Medicine, Infectious Disease",BRUCE ALDRED,404-616-9732,404-616-2440,"341 PONCE DE LEON AVE NE, ATLANTA, GA 303082012"
"[{'address_1': '341 PONCE DE LEON AVE NE', 'address_purpose': 'MAILING', 'address_type': 'DOM', 'city': 'ATLANTA', 'country_code': 'US', 'country_name': 'United States', 'fax_number': '404-616-9700', 'postal_code': '303082012', 'state': 'GA', 'telephone_number': '404-616-9748'}, {'address_1': '341 PONCE DE LEON AVE NE', 'address_purpose': 'LOCATION', 'address_type': 'DOM', 'city': 'ATLANTA', 'country_code': 'US', 'country_name': 'United States', 'fax_number': '404-616-9700', 'postal_code': '303082012', 'state': 'GA', 'telephone_number': '404-616-9748'}]","{'credential': 'pa-c', 'enumeration_date': '2007-03-01', 'first_name': 'MARYLYN', 'last_name': 'ADAMSKI', 'last_updated': '2007-07-08', 'middle_name': 'A.', 'name_prefix': '--', 'name_suffix': '--', 'sex': 'F', 'sole_proprietor': 'NO', 'status': 'A'}",1172783814000,[],NPI-1,[],1183947785000,1366570269,[],[],"[{'code': '363AM0700X', 'desc': 'Physician Assistant, Medical', 'license': '1062', 'primary': True, 'state': 'GA', 'taxonomy_group': ''}]",341 PONCE DE LEON AVE NE,,ATLANTA,GA,303082012,"Physician Assistant, Medical",MARYLYN ADAMSKI,404-616-9700,404-616-9748,"341 PONCE DE LEON AVE NE, ATLANTA, GA 303082012"
"[{'address_1': '550 PEACHTREE ST NE', 'address_purpose': 'MAILING', 'address_type': 'DOM', 'city': 'ATLANTA', 'country_code': 'US', 'country_name': 'United States', 'fax_number': '404-995-1563', 'postal_code': '303082212', 'state': 'GA', 'telephone_number': '404-995-1560'}, {'address_1': '550 PEACHTREE ST NE', 'address_purpose': 'LOCATION', 'address_type': 'DOM', 'city': 'ATLANTA', 'country_code': 'US', 'country_name': 'United States', 'fax_number': '404-995-1563', 'postal_code': '303082212', 'state': 'GA', 'telephone_number': '404-995-1560'}]","{'certification_date': '2026-09-25', 'credential': 'P.A.', 'enumeration_date': '2006-10-03', 'first_name': 'ABIMBOLA', 'last_name': 'ABIODUN', 'last_updated': '2026-09-25', 'sex': 'F', 'sole_proprietor': 'YES', 'status': 'A'}",1159928686000,[],NPI-1,"[{'code': '05', 'desc': 'MEDICAID', 'identifier': '047697566A', 'issuer': None, 'state': 'GA'}]",1790340652000,1487749867,[],[],"[{'code': '363A00000X', 'desc': 'Physician Assistant', 'license': '004583', 'primary': True, 'state': 'GA', 'taxonomy_group': ''}]",550 PEACHTREE ST NE,,ATLANTA,GA,303082212,Physician Assistant,ABIMBOLA ABIODUN,404-995-1563,404-995-1560,"550 PEACHTREE ST NE, ATLANTA, GA 303082212"
"[{'address_1': '550 PEACHTREE ST NE', 'address_2': 'HOSPITAL MEDICINE DEPARTMENT', 'address_purpose': 'LOCATION', 'address_type': 'DOM', 'city': 'ATLANTA', 'country_code': 'US', 'country_name': 'United States', 'fax_number': '404-778-5495', 'postal_code': '303082247', 'state': 'GA', 'telephone_number': '404-686-7869'}, {'address_1': '677 CHURCH ST NE', 'address_2': 'BOX 111', 'address_purpose': 'MAILING', 'address_type': 'DOM', 'city': 'MARIETTA', 'country_code': 'US', 'country_name': 'United States', 'fax_number': '770-793-7755', 'postal_code': '300601101', 'state': 'GA', 'telephone_number': '770-793-7750'}]","{'credential': 'M.D.', 'enumeration_date': '2006-07-17', 'first_name': 'VALERY', 'last_name': 'AKOPOV', 'last_updated': '2015-05-29', 'middle_name': 'A.', 'name_prefix': '--', 'name_suffix': '--', 'sex': 'M', 'sole_proprietor': 'NO', 'status': 'A'}",1153170072000,[],NPI-1,[],1432873739000,1417975871,[],[],"[{'code': '207R00000X', 'desc': 'Internal Medicine', 'license': '043844', 'primary': True, 'state': 'GA', 'taxonomy_group': ''}]",550 PEACHTREE ST NE,HOSPITAL MEDICINE DEPARTMENT,ATLANTA,GA,303082247,Internal Medicine,VALERY AKOPOV,404-778-5495,404-686-7869,"550 PEACHTREE ST NE, HOSPITAL MEDICINE DEPARTMENT, ATLANTA, GA 303082247"
"[{'address_1': '36 LINDEN AVE NE', 'address_purpose': 'MAILING', 'address_type': 'DOM', 'city': 'ATLANTA', 'country_code': 'US', 'country_name': 'United States', 'fax_number': '404-686-4835', 'postal_code': '303082951', 'state': 'GA', 'telephone_number': '404-686-2391'}, {'address_1': '36 LINDEN AVE NE', 'address_purpose': 'LOCATION', 'address_type': 'DOM', 'city': 'ATLANTA', 'country_code': 'US', 'country_name': 'United States', 'fax_number': '404-686-4835', 'postal_code': '303082951', 'state': 'GA', 'telephone_number': '404-686-2391'}]","{'certification_date': '2025-10-16', 'credential': 'NP', 'enumeration_date': '2015-10-09', 'first_name': 'ABISOLA', 'last_name': 'AJAYI', 'last_updated': '2025-10-16', 'middle_name': 'A', 'name_prefix': 'Ms.', 'sex': 'F', 'sole_proprietor': 'NO', 'status': 'A'}",1444402193000,"[{'address_1': '5700 Hillandale Dr', 'address_2': 'Suite 250', 'address_type': 'DOM', 'affiliation': 'N', 'city': 'Lithonia', 'contentOtherDescription': 'Direct Edge', 'contentType': 'OTHER', 'contentTypeDescription': 'Other', 'country_code': 'US', 'country_name': 'United States', 'endpoint': 'abisola.ajayinp.p1@direct.gacancer.nextgenshare.com', 'endpointDescription': 'Direct Address', 'endpointType': 'DIRECT', 'endpointTypeDescription': 'Direct Messaging Address', 'postal_code': '300584103', 'state': 'GA', 'use': 'DIRECT', 'useDescription': 'Direct'}]",NPI-1,"[{'code': '05', 'desc': 'MEDICAID', 'identifier': '003173644J', 'issuer': None, 'state': 'GA'}, {'code': '01', 'desc': 'Other (non-Medicare)', 'identifier': '202i508927', 'issuer': 'Medicare PTAN', 'state': 'GA'}]",1760646123000,1033580568,[],[],"[{'code': '363LF0000X', 'desc': 'Nurse Practitioner, Family', 'license': 'RN210095', 'primary': True, 'state': 'GA', 'taxonomy_group': ''}, {'code': '363L00000X', 'desc': 'Nurse Practitioner', 'license': 'RN210095', 'primary': False, 'state': 'GA', 'taxonomy_group': ''}]",36 LINDEN AVE NE,,ATLANTA,GA,303082951,"Nurse Practitioner, Family",ABISOLA AJAYI,404-686-4835,404-686-2391,"36 LINDEN AVE NE, ATLANTA, GA 303082951"
"[{'address_1': '2221 PEACHTREE RD NE STE D601', 'address_purpose': 'LOCATION', 'address_type': 'DOM', 'city': 'ATLANTA', 'country_code': 'US', 'country_name': 'United States', 'fax_number': '888-809-1916', 'postal_code': '303091148', 'state': 'GA', 'telephone_number': '404-946-8542'}, {'address_1': '2221 PEACHTREE RD NE STE D601', 'address_purpose': 'MAILING', 'address_type': 'DOM', 'city': 'ATLANTA', 'country_code': 'US', 'country_name': 'United States', 'fax_number': '888-809-1916', 'postal_code': '303091148', 'state': 'GA', 'telephone_number': '404-946-8542'}]","{'certification_date': '2025-07-08', 'credential': 'LPC', 'enumeration_date': '2008-06-09', 'first_name': 'SYMPHONY', 'last_name': 'ADAMS', 'last_updated': '2025-07-08', 'middle_name': 'HAYNES', 'name_prefix': 'Mrs.', 'sex': 'F', 'sole_proprietor': 'NO', 'status': 'A'}",1213050574000,[],NPI-1,[],1751990463000,1972763423,[],[],"[{'code': '101YM0800X', 'desc': 'Counselor, Mental Health', 'license': '005253', 'primary': True, 'state': 'GA', 'taxonomy_group': ''}]",2221 PEACHTREE RD NE STE D601,,ATLANTA,GA,303091148,"Counselor, Mental Health",SYMPHONY ADAMS,888-809-1916,404-946-8542,"2221 PEACHTREE RD NE STE D601, ATLANTA, GA 303091148"
"[{'address_1': '1968 PEACHTREE ROAD NW', 'address_purpose': 'LOCATION', 'address_type': 'DOM', 'city': 'ATLANTA', 'country_code': 'US', 'country_name': 'United States', 'fax_number': '404-351-7121', 'postal_code': '303091281', 'state': 'GA', 'telephone_number': '404-351-1754'}, {'address_1': 'PO BOX 551420', 'address_purpose': 'MAILING', 'address_type': 'DOM', 'city': 'FORT LAUDERDALE', 'country_code': 'US', 'country_name': 'United States', 'fax_number': '954-839-2569', 'postal_code': '333551420', 'state': 'FL', 'telephone_number': '800-243-3839'}]","{'credential': 'AA', 'enumeration_date': '2006-07-17', 'first_name': 'SUSAN', 'last_name': 'ADAMS', 'last_updated': '2010-10-01', 'middle_name': 'E.', 'name_prefix': 'Ms.', 'name_suffix': '--', 'sex': 'F', 'sole_proprietor': 'NO', 'status': 'A'}",1153179146000,[],NPI-1,"[{'code': '05', 'desc': 'MEDICAID', 'identifier': '100002497', 'issuer': None, 'state': 'GA'}, {'code': '05', 'desc': 'MEDICAID', 'identifier': '100002497A', 'issuer': None, 'state': 'GA'}]",1285945249000,1417975632,[],[],"[{'code': '363A00000X', 'desc': 'Physician Assistant', 'license': '002093', 'primary': False, 'state': 'GA', 'taxonomy_group': ''}, {'code': '367H00000X', 'desc': 'Anesthesiologist Assistant', 'license': '002093', 'primary': True, 'state': 'GA', 'taxonomy_group': ''}]",1968 PEACHTREE ROAD NW,,ATLANTA,GA,303091281,Anesthesiologist Assistant,SUSAN ADAMS,404-351-7121,404-351-1754,"1968 PEACHTREE ROAD NW, ATLANTA, GA 303091281"
"[{'address_1': '2140 PEACHTREE RD NW STE 232', 'address_purpose': 'LOCATION', 'address_type': 'DOM', 'city': 'ATLANTA', 'country_code': 'US', 'country_name': 'United States', 'fax_number': '404-231-5677', 'postal_code': '303091316', 'state': 'GA', 'telephone_number': '404-231-4431'}, {'address_1': '2140 PEACHTREE RD NW STE 232', 'address_purpose': 'MAILING', 'address_type': 'DOM', 'city': 'ATLANTA', 'country_code': 'US', 'country_name': 'United States', 'fax_number': '404-231-5677', 'postal_code': '303091316', 'state': 'GA', 'telephone_number': '404-231-4431'}]","{'credential': 'MPH, RD, LD', 'enumeration_date': '2006-10-25', 'first_name': 'ALENE', 'last_name': 'ALBRITTON', 'last_updated': '2019-02-19', 'middle_name': 'E', 'sex': 'F', 'sole_proprietor': 'NO', 'status': 'A'}",1161800931000,[],NPI-1,[],1550581779000,1669556403,[],[],"[{'code': '133V00000X', 'desc': 'Dietitian, Registered', 'license': 'LD002566', 'primary': True, 'state': 'GA', 'taxonomy_group': ''}]",2140 PEACHTREE RD NW STE 232,,ATLANTA,GA,303091316,"Dietitian, Registered",ALENE ALBRITTON,404-231-5677,404-231-4431,"2140 PEACHTREE RD NW STE 232, ATLANTA, GA 303091316"
"[{'address_1': '2061 PEACHTREE RD NE', 'address_2': 'STE 225', 'address_purpose': 'LOCATION', 'address_type': 'DOM', 'city': 'ATLANTA', 'country_code': 'US', 'country_name': 'United States', 'fax_number': '770-929-9092', 'postal_code': '303091427', 'state': 'GA', 'telephone_number': '404-554-0633'}, {'address_1': '3400 PEACHTREE RD NE', 'address_2': 'STE 811', 'address_purpose': 'MAILING', 'address_type': 'DOM', 'city': 'ATLANTA', 'country_code': 'US', 'country_name': 'United States', 'fax_number': '404-350-8345', 'postal_code': '303261170', 'state': 'GA', 'telephone_number': '404-350-0980'}]","{'credential': 'M.D.', 'enumeration_date': '2007-05-17', 'first_name': 'NAUREEN', 'last_name': 'ADAM', 'last_updated': '2013-09-11', 'middle_name': 'MAJID', 'name_prefix': '--', 'name_suffix': '--', 'sex': 'F', 'sole_proprietor': 'YES', 'status': 'A'}",1179443440000,[],NPI-1,[],1378911800000,1518174457,[],[],"[{'code': '208VP0014X', 'desc': 'Pain Medicine, Interventional Pain Medicine', 'license': '050775', 'primary': True, 'state': 'GA', 'taxonomy_group': ''}]",2061 PEACHTREE RD NE,STE 225,ATLANTA,GA,303091427,"Pain Medicine, Interventional Pain Medicine",NAUREEN ADAM,770-929-9092,404-554-0633,"2061 PEACHTREE RD NE, STE 225, ATLANTA, GA 303091427"
"[{'address_1': '2061 PEACHTREE RD NE STE 500', 'address_purpose': 'LOCATION', 'address_type': 'DOM', 'city': 'ATLANTA', 'country_code': 'US', 'country_name': 'United States', 'fax_number': '404-352-9251', 'postal_code': '303091446', 'state': 'GA', 'telephone_number': '404-352-3522'}, {'address_1': '2061 PEACHTREE RD NE STE 500', 'address_purpose': 'MAILING', 'address_type': 'DOM', 'city': 'ATLANTA', 'country_code': 'US', 'country_name': 'United States', 'fax_number': '404-352-9251', 'postal_code': '303091446', 'state': 'GA', 'telephone_number': '404-352-3522'}]","{'credential': 'M.D.', 'enumeration_date': '2006-07-15', 'first_name': 'RANDALL', 'last_name': 'ALEXANDER', 'last_updated': '2018-01-08', 'sex': 'M', 'sole_proprietor': 'NO', 'status': 'A'}",1152970376000,[],NPI-1,"[{'code': '05', 'desc': 'MEDICAID', 'identifier': '00979151A', 'issuer': None, 'state': 'GA'}]",1515448102000,1780600262,[],[],"[{'code': '207XS0106X', 'desc': 'Orthopaedic Surgery, Hand Surgery', 'license': '050778', 'primary': True, 'state': 'GA', 'taxonomy_group': ''}]",2061 PEACHTREE RD NE STE 500,,ATLANTA,GA,303091446,"Orthopaedic Surgery, Hand Surgery",RANDALL ALEXANDER,404-352-9251,404-352-3522,"2061 PEACHTREE RD NE STE 500, ATLANTA, GA 303091446"
"[{'address_1': '35 COLLIER RD NW', 'address_2': 'SUITE 635', 'address_purpose': 'MAILING', 'address_type': 'DOM', 'city': 'ATLANTA', 'country_code': 'US', 'country_name': 'United States', 'fax_number': '404-367-3558', 'postal_code': '303091613', 'state': 'GA', 'telephone_number': '404-367-3014'}, {'address_1': '35 COLLIER RD NW', 'address_2': 'SUITE 635', 'address_purpose': 'LOCATION', 'address_type': 'DOM', 'city': 'ATLANTA', 'country_code': 'US', 'country_name': 'United States', 'fax_number': '404-367-3558', 'postal_code': '303091613', 'state': 'GA', 'telephone_number': '404-367-3014'}]","{'credential': 'M.D.', 'enumeration_date': '2012-04-02', 'first_name': 'HODAN', 'last_name': 'AHMED', 'last_updated': '2015-08-06', 'middle_name': 'HAMZA', 'name_prefix': 'Dr.', 'name_suffix': '--', 'sex': 'F', 'sole_proprietor': 'NO', 'status': 'A'}",1333411313000,[],NPI-1,[],1438867702000,1407112618,[],[],"[{'code': '208M00000X', 'desc': 'Hospitalist', 'license': '074509', 'primary': True, 'state': 'GA', 'taxonomy_group': ''}, {'code': '207R00000X', 'desc': 'Internal Medicine', 'license': '074509', 'primary': False, 'state': 'GA', 'taxonomy_group': ''}]",35 COLLIER RD NW,SUITE 635,ATLANTA,GA,303091613,Hospitalist,HODAN AHMED,404-367-3558,404-367-3014,"35 COLLIER RD NW, SUITE 635, ATLANTA, GA 303091613"
"[{'address_1': '35 COLLIER RD NW', 'address_2': 'SUITE 635', 'address_purpose': 'MAILING', 'address_type': 'DOM', 'city': 'ATLANTA', 'country_code': 'US', 'country_name': 'United States', 'fax_number': '404-367-3558', 'postal_code': '303091613', 'state': 'GA', 'telephone_number': '404-367-3014'}, {'address_1': '35 COLLIER RD NW', 'address_2': 'SUITE 635', 'address_purpose': 'LOCATION', 'address_type': 'DOM', 'city': 'ATLANTA', 'country_code': 'US', 'country_name': 'United States', 'fax_number': '404-367-3558', 'postal_code': '303091613', 'state': 'GA', 'telephone_number': '404-367-3014'}]","{'credential': 'MD', 'enumeration_date': '2007-05-10', 'first_name': 'MOHAMMED', 'last_name': 'ABDU', 'last_updated': '2017-03-21', 'middle_name': 'M', 'name_prefix': '--', 'name_suffix': '--', 'sex': 'M', 'sole_proprietor': 'NO', 'status': 'A'}",1178813363000,[],NPI-1,[],1490121705000,1760696520,[],[],"[{'code': '207R00000X', 'desc': 'Internal Medicine', 'license': '062933', 'primary': False, 'state': 'GA', 'taxonomy_group': ''}, {'code': '208M00000X', 'desc': 'Hospitalist', 'license': '062933', 'primary': True, 'state': 'GA', 'taxonomy_group': ''}]",35 COLLIER RD NW,SUITE 635,ATLANTA,GA,303091613,Hospitalist,MOHAMMED ABDU,404-367-3558,404-367-3014,"35 COLLIER RD NW, SUITE 635, ATLANTA, GA 303091613"
"[{'address_1': '35 COLLIER RD NW', 'address_2': 'SUITE 635', 'address_purpose': 'LOCATION', 'address_type': 'DOM', 'city': 'ATLANTA', 'country_code': 'US', 'country_name': 'United States', 'fax_number': '404-367-3558', 'postal_code': '303091613', 'state': 'GA', 'telephone_number': '404-367-3014'}, {'address_1': '35 COLLIER RD NW', 'address_2': 'SUITE 635', 'address_purpose': 'MAILING', 'address_type': 'DOM', 'city': 'ATLANTA', 'country_code': 'US', 'country_name': 'United States', 'fax_number': '404-367-3558', 'postal_code': '303091613', 'state': 'GA', 'telephone_number': '404-367-3014'}]","{'certification_date': '2021-09-28', 'credential': 'M.D.', 'enumeration_date': '2010-05-24', 'first_name': 'ZUHAIR', 'last_name': 'AHMED', 'last_updated': '2021-09-28', 'middle_name': 'KHAZISYED', 'name_prefix': 'Dr.', 'sex': 'M', 'sole_proprietor': 'NO', 'status': 'A'}",1274718460000,[],NPI-1,[],1632834698000,1881913309,[],[],"[{'code': '208M00000X', 'desc': 'Hospitalist', 'license': '070515', 'primary': False, 'state': 'GA', 'taxonomy_group': ''}, {'code': '207R00000X', 'desc': 'Internal Medicine', 'license': '070515', 'primary': True, 'state': 'GA', 'taxonomy_group': ''}]",35 COLLIER RD NW,SUITE 635,ATLANTA,GA,303091613,Internal Medicine,ZUHAIR AHMED,404-367-3558,404-367-3014,"35 COLLIER RD NW, SUITE 635, ATLANTA, GA 303091613"
"[{'address_1': '275 COLLIER RD NW STE 100B', 'address_purpose': 'LOCATION', 'address_type': 'DOM', 'city': 'ATLANTA', 'country_code': 'US', 'country_name': 'United States', 'fax_number': '404-350-5820', 'postal_code': '303091700', 'state': 'GA', 'telephone_number': '404-352-3656'}, {'address_1': '275 COLLIER RD NW STE 100B', 'address_purpose': 'MAILING', 'address_type': 'DOM', 'city': 'ATLANTA', 'country_code': 'US', 'country_name': 'United States', 'fax_number': '404-350-5820', 'postal_code': '303091700', 'state': 'GA', 'telephone_number': '404-352-3656'}]","{'certification_date': '2021-07-27', 'credential': 'PA-C, MMSc', 'enumeration_date': '2010-05-11', 'first_name': 'COURTNEY', 'last_name': 'ADANK', 'last_updated': '2021-07-27', 'middle_name': 'FRANZ', 'name_prefix': 'Ms.', 'sex': 'F', 'sole_proprietor': 'NO', 'status': 'A'}",1273599033000,[],NPI-1,[],1627401433000,1083932370,[],[],"[{'code': '363A00000X', 'desc': 'Physician Assistant', 'license': '002390', 'primary': True, 'state': 'GA', 'taxonomy_group': ''}]",275 COLLIER RD NW STE 100B,,ATLANTA,GA,303091700,Physician Assistant,COURTNEY ADANK,404-350-5820,404-352-3656,"275 COLLIER RD NW STE 100B, ATLANTA, GA 303091700"
"[{'address_1': '275 COLLIER RD NW', 'address_2': 'SUITE 100-B', 'address_purpose': 'MAILING', 'address_type': 'DOM', 'city': 'ATLANTA', 'country_code': 'US', 'country_name': 'United States', 'fax_number': '404-350-5820', 'postal_code': '303091709', 'state': 'GA', 'telephone_number': '404-350-5815'}, {'address_1': '275 COLLIER RD NW', 'address_2': 'SUITE 100-B', 'address_purpose': 'LOCATION', 'address_type': 'DOM', 'city': 'ATLANTA', 'country_code': 'US', 'country_name': 'United States', 'fax_number': '404-350-5820', 'postal_code': '303091709', 'state': 'GA', 'telephone_number': '404-350-5815'}]","{'credential': 'M.D.', 'enumeration_date': '2005-07-14', 'first_name': 'KRISTAN', 'last_name': 'ADAMS', 'last_updated': '2007-09-21', 'middle_name': 'V.', 'name_prefix': 'Dr.', 'name_suffix': '--', 'sex': 'F', 'sole_proprietor': 'NO', 'status': 'A'}",1121372488000,[],NPI-1,[],1190384646000,1730188541,[],[],"[{'code': '207V00000X', 'desc': 'Obstetrics & Gynecology', 'license': '057764', 'primary': True, 'state': 'GA', 'taxonomy_group': ''}]",275 COLLIER RD NW,SUITE 100-B,ATLANTA,GA,303091709,Obstetrics & Gynecology,KRISTAN ADAMS,404-350-5820,404-350-5815,"275 COLLIER RD NW, SUITE 100-B, ATLANTA, GA 303091709"
"[{'address_1': '35 COLLIER RD NW STE 100', 'address_purpose': 'LOCATION', 'address_type': 'DOM', 'city': 'ATLANTA', 'country_code': 'US', 'country_name': 'United States', 'fax_number': '404-350-9865', 'postal_code': '303091780', 'state': 'GA', 'telephone_number': '404-350-9772'}, {'address_1': '35 COLLIER RD NW STE 100', 'address_purpose': 'MAILING', 'address_type': 'DOM', 'city': 'ATLANTA', 'country_code': 'US', 'country_name': 'United States', 'fax_number': '404-350-9865', 'postal_code': '303091780', 'state': 'GA', 'telephone_number': '404-350-9772'}]","{'certification_date': '2026-09-04', 'credential': 'PharmD', 'enumeration_date': '2026-09-04', 'first_name': 'OLUWASEMILORE', 'last_name': 'ABORISADE', 'last_updated': '2026-09-04', 'sex': 'F', 'sole_proprietor': 'NO', 'status': 'A'}",1788553505000,[],NPI-1,[],1788553505000,1922917830,[],[],"[{'code': '183500000X', 'desc': 'Pharmacist', 'license': 'RPH036459', 'primary': True, 'state': 'GA', 'taxonomy_group': ''}]",35 COLLIER RD NW STE 100,,ATLANTA,GA,303091780,Pharmacist,OLUWASEMILORE ABORISADE,404-350-9865,404-350-9772,"35 COLLIER RD NW STE 100, ATLANTA, GA 303091780"
"[{'address_1': '95 COLLIER RD NW', 'address_2': 'SUITE 5015', 'address_purpose': 'MAILING', 'address_type': 'DOM', 'city': 'ATLANTA', 'country_code': 'US', 'country_name': 'United States', 'fax_number': '404-351-5983', 'postal_code': '303091796', 'state': 'GA', 'telephone_number': '404-605-2800'}, {'address_1': '95 COLLIER RD NW', 'address_2': 'SUITE 5015', 'address_purpose': 'LOCATION', 'address_type': 'DOM', 'city': 'ATLANTA', 'country_code': 'US', 'country_name': 'United States', 'fax_number': '404-351-5983', 'postal_code': '303091796', 'state': 'GA', 'telephone_number': '404-605-2800'}]","{'credential': 'NP', 'enumeration_date': '2006-09-27', 'first_name': 'STEPHANIE', 'last_name': 'AARON', 'last_updated': '2011-03-09', 'middle_name': 'F', 'name_prefix': 'Mrs.', 'name_suffix': '--', 'sex': 'F', 'sole_proprietor': 'NO', 'status': 'A'}",1159373083000,[],NPI-1,"[{'code': '05', 'desc': 'MEDICAID', 'identifier': '156075229DEFG', 'issuer': None, 'state': 'GA'}]",1299679970000,1740371848,"[{'code': '1', 'first_name': 'STEPHANIE', 'last_name': 'FIGUEROA', 'prefix': '--', 'suffix': '--', 'type': 'Former Name'}]",[],"[{'code': '363LA2200X', 'desc': 'Nurse Practitioner, Adult Health', 'license': 'RN116808', 'primary': True, 'state': 'GA', 'taxonomy_group': ''}]",95 COLLIER RD NW,SUITE 5015,ATLANTA,GA,303091796,"Nurse Practitioner, Adult Health",STEPHANIE AARON,404-351-5983,404-605-2800,"95 COLLIER RD NW, SUITE 5015, ATLANTA, GA 303091796"
"[{'address_1': '1819 PEACHTREE RD NE', 'address_2': 'SUITE 425', 'address_purpose': 'MAILING', 'address_type': 'DOM', 'city': 'ATLANTA', 'country_code': 'US', 'country_name': 'United States', 'fax_number': '404-601-1235', 'postal_code': '303091848', 'state': 'GA', 'telephone_number': '404-352-3522'}, {'address_1': '1819 PEACHTREE RD NE', 'address_2': 'SUITE 425', 'address_purpose': 'LOCATION', 'address_type': 'DOM', 'city': 'ATLANTA', 'country_code': 'US', 'country_name': 'United States', 'fax_number': '404-601-1235', 'postal_code': '303091848', 'state': 'GA', 'telephone_number': '404-352-3522'}]","{'credential': 'OTR', 'enumeration_date': '2006-07-17', 'first_name': 'DANIEL', 'last_name': 'ACKER', 'last_updated': '2011-10-27', 'middle_name': 'E', 'name_prefix': '--', 'name_suffix': '--', 'sex': 'M', 'sole_proprietor': 'NO', 'status': 'A'}",1153139325000,[],NPI-1,[],1319721803000,1447277017,[],[],"[{'code': '225XH1200X', 'desc': 'Occupational Therapist, Hand', 'license': 'OT001875', 'primary': True, 'state': 'GA', 'taxonomy_group': ''}]",1819 PEACHTREE RD NE,SUITE 425,ATLANTA,GA,303091848,"Occupational Therapist, Hand",DANIEL ACKER,404-601-1235,404-352-3522,"1819 PEACHTREE RD NE, SUITE 425, ATLANTA, GA 303091848"
"[{'address_1': '1800 PEACHTREE ST NW STE 750', 'address_purpose': 'MAILING', 'address_type': 'DOM', 'city': 'ATLANTA', 'country_code': 'US', 'country_name': 'United States', 'fax_number': '404-609-7605', 'postal_code': '303092530', 'state': 'GA', 'telephone_number': '404-351-7654'}, {'address_1': '1800 PEACHTREE RD', 'address_2': 'SUITE 400', 'address_purpose': 'LOCATION', 'address_type': 'DOM', 'city': 'ATLANTA', 'country_code': 'US', 'country_name': 'United States', 'fax_number': '404-609-7605', 'postal_code': '303091476', 'state': 'GA', 'telephone_number': '404-351-7654'}]","{'certification_date': '2020-06-11', 'credential': 'M.D.', 'enumeration_date': '2006-05-09', 'first_name': 'CHAD', 'last_name': 'ACHILLES', 'last_updated': '2020-06-11', 'middle_name': 'MICHAEL', 'sex': 'M', 'sole_proprietor': 'NO', 'status': 'A'}",1147220400000,[],NPI-1,"[{'code': '05', 'desc': 'MEDICAID', 'identifier': '059104688A', 'issuer': None, 'state': 'GA'}]",1591927775000,1558310110,[],[],"[{'code': '208VP0014X', 'desc': 'Pain Medicine, Interventional Pain Medicine', 'license': '053968', 'primary': True, 'state': 'GA', 'taxonomy_group': ''}]",1800 PEACHTREE ST NW STE 750,,ATLANTA,GA,303092530,"Pain Medicine, Interventional Pain Medicine",CHAD ACHILLES,404-609-7605,404-351-7654,"1800 PEACHTREE ST NW STE 750, ATLANTA, GA 303092530"
"[{'address_1': '1401 PEACHTREE ST NE STE 110', 'address_purpose': 'MAILING', 'address_type': 'DOM', 'city': 'ATLANTA', 'country_code': 'US', 'country_name': 'United States', 'fax_number': '470-378-1997', 'postal_code': '303093005', 'state': 'GA', 'telephone_number': '470-749-3520'}, {'address_1': '1401 PEACHTREE ST NE STE 110', 'address_purpose': 'LOCATION', 'address_type': 'DOM', 'city': 'ATLANTA', 'country_code': 'US', 'country_name': 'United States', 'fax_number': '470-378-1997', 'postal_code': '303093005', 'state': 'GA', 'telephone_number': '470-749-3520'}]","{'certification_date': '2026-01-06', 'credential': 'PMHNP', 'enumeration_date': '2021-08-17', 'first_name': 'OMOTAYO', 'last_name': 'ABDUL', 'last_updated': '2026-01-06', 'middle_name': 'OMOSEBI', 'sex': 'F', 'sole_proprietor': 'YES', 'status': 'A'}",1629194792000,"[{'address_1': '1115 Mt Zion Blvd', 'address_type': 'DOM', 'affiliation': 'N', 'city': 'Morrow', 'contentType': 'CSV', 'contentTypeDescription': 'CSV', 'country_code': 'US', 'country_name': 'United States', 'endpoint': 'Morrow', 'endpointDescription': 'Unitedhands', 'endpointType': 'OTHERS', 'endpointTypeDescription': 'Other URL', 'postal_code': '30260', 'state': 'GA', 'use': 'OTHER', 'useDescription': 'Other', 'useOtherDescription': 'Jonesboro'}]",NPI-1,[],1767731122000,1417623984,[],[],"[{'code': '163W00000X', 'desc': 'Registered Nurse', 'license': 'RN114603', 'primary': False, 'state': 'GA', 'taxonomy_group': ''}, {'code': '363LP0808X', 'desc': 'Nurse Practitioner, Psych/Mental Health', 'license': 'APRN-NP114603', 'primary': True, 'state': 'GA', 'taxonomy_group': ''}]",1401 PEACHTREE ST NE STE 110,,ATLANTA,GA,303093005,"Nurse Practitioner, Psych/Mental Health",OMOTAYO ABDUL,470-378-1997,470-749-3520,"1401 PEACHTREE ST NE STE 110, ATLANTA, GA 303093005"
"[{'address_1': '1401 PEACHTREE ST NE', 'address_2': 'SUITE 140', 'address_purpose': 'MAILING', 'address_type': 'DOM', 'city': 'ATLANTA', 'country_code': 'US', 'country_name': 'United States', 'fax_number': '404-872-2588', 'postal_code': '303093023', 'state': 'GA', 'telephone_number': '404-872-7929'}, {'address_1': '1401 PEACHTREE ST NE', 'address_2': 'SUITE 140', 'address_purpose': 'LOCATION', 'address_type': 'DOM', 'city': 'ATLANTA', 'country_code': 'US', 'country_name': 'United States', 'fax_number': '404-872-2588', 'postal_code': '303093023', 'state': 'GA', 'telephone_number': '404-872-7929'}]","{'credential': 'M.D.', 'enumeration_date': '2007-03-29', 'first_name': 'GENE', 'last_name': 'ABEL', 'last_updated': '2007-07-08', 'middle_name': 'G', 'name_prefix': '--', 'name_suffix': '--', 'sex': 'M', 'sole_proprietor': 'NO', 'status': 'A'}",1175197658000,[],NPI-1,"[{'code': '05', 'desc': 'MEDICAID', 'identifier': '00290826C', 'issuer': None, 'state': 'GA'}]",1183947785000,1427178169,[],[],"[{'code': '174400000X', 'desc': 'Specialist', 'license': '026818', 'primary': True, 'state': 'GA', 'taxonomy_group': ''}]",1401 PEACHTREE ST NE,SUITE 140,ATLANTA,GA,303093023,Specialist,GENE ABEL,404-872-2588,404-872-7929,"1401 PEACHTREE ST NE, SUITE 140, ATLANTA, GA 303093023"
"[{'address_1': '1110 W PEACHTREE ST NW STE 1100', 'address_purpose': 'MAILING', 'address_type': 'DOM', 'city': 'ATLANTA', 'country_code': 'US', 'country_name': 'United States', 'fax_number': '404-215-9222', 'postal_code': '303093609', 'state': 'GA', 'telephone_number': '404-892-2131'}, {'address_1': '6135 BARFIELD RD STE 200', 'address_purpose': 'LOCATION', 'address_type': 'DOM', 'city': 'ATLANTA', 'country_code': 'US', 'country_name': 'United States', 'fax_number': '404-256-8506', 'postal_code': '303284308', 'state': 'GA', 'telephone_number': '404-256-8500'}]","{'certification_date': '2025-10-28', 'credential': 'FNP-C', 'enumeration_date': '2020-10-13', 'first_name': 'ANGELA', 'last_name': 'ADELEKE', 'last_updated': '2025-10-28', 'middle_name': 'TOPE', 'sex': 'F', 'sole_proprietor': 'YES', 'status': 'A'}",1602603392000,"[{'address_1': '6135 Barfield Rd Ste 200', 'address_type': 'DOM', 'affiliation': 'N', 'city': 'Atlanta', 'contentOtherDescription': 'Direct Edge', 'contentType': 'OTHER', 'contentTypeDescription': 'Other', 'country_code': 'US', 'country_name': 'United States', 'endpoint': 'angelaadeleke@lmg.allscriptsdirect.net', 'endpointDescription': 'Direct Address', 'endpointType': 'DIRECT', 'endpointTypeDescription': 'Direct Messaging Address', 'postal_code': '303284308', 'state': 'GA', 'use': 'DIRECT', 'useDescription': 'Direct'}]",NPI-1,[],1761682414000,1790383776,[],[],"[{'code': '363LF0000X', 'desc': 'Nurse Practitioner, Family', 'license': 'APRN-NP250668', 'primary': True, 'state': 'GA', 'taxonomy_group': ''}]",1110 W PEACHTREE ST NW STE 1100,,ATLANTA,GA,303093609,"Nurse Practitioner, Family",ANGELA ADELEKE,404-215-9222,404-892-2131,"1110 W PEACHTREE ST NW STE 1100, ATLANTA, GA 303093609"
"[{'address_1': '1014 PIEDMONT AVE NE', 'address_purpose': 'MAILING', 'address_type': 'DOM', 'city': 'ATLANTA', 'country_code': 'US', 'country_name': 'United States', 'fax_number': '404-585-4879', 'postal_code': '303093702', 'state': 'GA', 'telephone_number': '404-876-0550'}, {'address_1': '1014 PIEDMONT AVE NE', 'address_purpose': 'LOCATION', 'address_type': 'DOM', 'city': 'ATLANTA', 'country_code': 'US', 'country_name': 'United States', 'fax_number': '404-585-4879', 'postal_code': '303093702', 'state': 'GA', 'telephone_number': '404-876-0550'}]","{'credential': 'D.C', 'enumeration_date': '2008-05-07', 'first_name': 'CHRISTOPHER', 'last_name': 'ALBERTS', 'last_updated': '2013-06-14', 'middle_name': 'JOSEPH', 'name_prefix': '--', 'name_suffix': '--', 'sex': 'M', 'sole_proprietor': 'NO', 'status': 'A'}",1210191204000,[],NPI-1,[],1371235540000,1215103361,[],[],"[{'code': '111N00000X', 'desc': 'Chiropractor', 'license': 'CHIR008230', 'primary': True, 'state': 'GA', 'taxonomy_group': ''}]",1014 PIEDMONT AVE NE,,ATLANTA,GA,303093702,Chiropractor,CHRISTOPHER ALBERTS,404-585-4879,404-876-0550,"1014 PIEDMONT AVE NE, ATLANTA, GA 303093702"
"[{'address_1': '720 WESTVIEW DR, SW, ATLANTA', 'address_purpose': 'LOCATION', 'address_type': 'DOM', 'city': 'ATLANTA', 'country_code': 'US', 'country_name': 'United States', 'fax_number': '404-756-1313', 'postal_code': '30310', 'state': 'GA', 'telephone_number': '404-756-1383'}, {'address_1': '720 WESTVIEW DR, SW, ATLANTA', 'address_purpose': 'MAILING', 'address_type': 'DOM', 'city': 'ATLANTA', 'country_code': 'US', 'country_name': 'United States', 'fax_number': '404-756-1313', 'postal_code': '30310', 'state': 'GA', 'telephone_number': '404-756-1383'}]","{'credential': 'M.D.', 'enumeration_date': '2024-05-02', 'first_name': 'ABISOLA', 'last_name': 'AJAYI', 'last_updated': '2024-08-22', 'middle_name': 'SHARON', 'name_prefix': 'Dr.', 'sex': 'F', 'sole_proprietor': 'NO', 'status': 'A'}",1714676702000,[],NPI-1,[],1724343939000,1346097896,[],[],"[{'code': '390200000X', 'desc': 'Student in an Organized Health Care Education/Training Program', 'license': None, 'primary': True, 'state': None, 'taxonomy_group': ''}]","720 WESTVIEW DR, SW, ATLANTA",,ATLANTA,GA,30310,Student in an Organized Health Care Education/Training Program,ABISOLA AJAYI,404-756-1313,404-756-1383,"720 WESTVIEW DR, SW, ATLANTA, ATLANTA, GA 30310"
"[{'address_1': '2001 MARTIN LUTHER KING JR DR SW', 'address_2': 'SUITE 409', 'address_purpose': 'MAILING', 'address_type': 'DOM', 'city': 'ATLANTA', 'country_code': 'US', 'country_name': 'United States', 'fax_number': '404-564-6487', 'postal_code': '303101101', 'state': 'GA', 'telephone_number': '404-564-6486'}, {'address_1': '2001 MARTIN LUTHER KING JR DR SW', 'address_2': 'SUITE 409', 'address_purpose': 'LOCATION', 'address_type': 'DOM', 'city': 'ATLANTA', 'country_code': 'US', 'country_name': 'United States', 'fax_number': '404-564-6487', 'postal_code': '303101101', 'state': 'GA', 'telephone_number': '404-564-6486'}]","{'enumeration_date': '2014-10-17', 'first_name': 'BRIGHT', 'last_name': 'ADIRI', 'last_updated': '2014-10-17', 'name_prefix': '--', 'name_suffix': '--', 'sex': 'M', 'sole_proprietor': 'YES', 'status': 'A'}",1413566087000,[],NPI-1,[],1413566087000,1346644507,[],[],"[{'code': '101YM0800X', 'desc': 'Counselor, Mental Health', 'license': None, 'primary': False, 'state': None, 'taxonomy_group': ''}, {'code': '171M00000X', 'desc': 'Case Manager/Care Coordinator', 'license': None, 'primary': True, 'state': None, 'taxonomy_group': ''}, {'code': '171W00000X', 'desc': 'Contractor', 'license': None, 'primary': False, 'state': None, 'taxonomy_group': ''}]",2001 MARTIN LUTHER KING JR DR SW,SUITE 409,ATLANTA,GA,303101101,Case Manager/Care Coordinator,BRIGHT ADIRI,404-564-6487,404-564-6486,"2001 MARTIN LUTHER KING JR DR SW, SUITE 409, ATLANTA, GA 303101101"
"[{'address_1': '2001 MARTIN LUTHER KING JR DR SW', 'address_2': 'SUITE 409', 'address_purpose': 'MAILING', 'address_type': 'DOM', 'city': 'ATLANTA', 'country_code': 'US', 'country_name': 'United States', 'fax_number': '404-564-6487', 'postal_code': '303101101', 'state': 'GA', 'telephone_number': '404-564-6486'}, {'address_1': '2001 MARTIN LUTHER KING JR DR SW', 'address_2': 'SUITE 409', 'address_purpose': 'LOCATION', 'address_type': 'DOM', 'city': 'ATLANTA', 'country_code': 'US', 'country_name': 'United States', 'fax_number': '404-564-6487', 'postal_code': '303101101', 'state': 'GA', 'telephone_number': '404-564-6486'}]","{'credential': 'RN', 'enumeration_date': '2015-11-23', 'first_name': 'NANCY', 'last_name': 'ADIRI', 'last_updated': '2015-11-23', 'name_prefix': '--', 'name_suffix': '--', 'sex': 'F', 'sole_proprietor': 'YES', 'status': 'A'}",1448306229000,[],NPI-1,[],1448306229000,1871967208,[],[],"[{'code': '163W00000X', 'desc': 'Registered Nurse', 'license': 'RN138647', 'primary': True, 'state': 'GA', 'taxonomy_group': ''}]",2001 MARTIN LUTHER KING JR DR SW,SUITE 409,ATLANTA,GA,303101101,Registered Nurse,NANCY ADIRI,404-564-6487,404-564-6486,"2001 MARTIN LUTHER KING JR DR SW, SUITE 409, ATLANTA, GA 303101101"
"[{'address_1': '720 WESTVIEW DR SW', 'address_purpose': 'LOCATION', 'address_type': 'DOM', 'city': 'ATLANTA', 'country_code': 'US', 'country_name': 'United States', 'fax_number': '404-616-4131', 'postal_code': '303101458', 'state': 'GA', 'telephone_number': '404-616-1692'}, {'address_1': '720 WESTVIEW DR SW', 'address_purpose': 'MAILING', 'address_type': 'DOM', 'city': 'ATLANTA', 'country_code': 'US', 'country_name': 'United States', 'fax_number': '404-616-4131', 'postal_code': '303101458', 'state': 'GA', 'telephone_number': '404-616-1692'}]","{'certification_date': '2023-03-27', 'credential': 'MD', 'enumeration_date': '2023-03-27', 'first_name': 'AUTUMN', 'last_name': 'ACKLIN', 'last_updated': '2023-03-27', 'sex': 'F', 'sole_proprietor': 'NO', 'status': 'A'}",1679954223000,[],NPI-1,[],1679954223000,1356045256,[],[],"[{'code': '390200000X', 'desc': 'Student in an Organized Health Care Education/Training Program', 'license': None, 'primary': True, 'state': None, 'taxonomy_group': ''}]",720 WESTVIEW DR SW,,ATLANTA,GA,303101458,Student in an Organized Health Care Education/Training Program,AUTUMN ACKLIN,404-616-4131,404-616-1692,"720 WESTVIEW DR SW, ATLANTA, GA 303101458"
"[{'address_1': '720 WESTVIEW DR SW', 'address_purpose': 'LOCATION', 'address_type': 'DOM', 'city': 'ATLANTA', 'country_code': 'US', 'country_name': 'United States', 'fax_number': '404-756-1313', 'postal_code': '303101458', 'state': 'GA', 'telephone_number': '404-756-1383'}, {'address_1': '720 WESTVIEW DR SW', 'address_purpose': 'MAILING', 'address_type': 'DOM', 'city': 'ATLANTA', 'country_code': 'US', 'country_name': 'United States', 'fax_number': '404-756-1313', 'postal_code': '303101458', 'state': 'GA', 'telephone_number': '404-756-1383'}]","{'certification_date': '2022-08-04', 'credential': 'MD', 'enumeration_date': '2022-08-05', 'first_name': 'UFUOMA', 'last_name': 'AGBEDIA-EJUGHEMRE', 'last_updated': '2022-08-05', 'name_prefix': 'Dr.', 'sex': 'F', 'sole_proprietor': 'NO', 'status': 'A'}",1659720226000,[],NPI-1,[],1659720226000,1811624182,[],[],"[{'code': '390200000X', 'desc': 'Student in an Organized Health Care Education/Training Program', 'license': None, 'primary': True, 'state': None, 'taxonomy_group': ''}]",720 WESTVIEW DR SW,,ATLANTA,GA,303101458,Student in an Organized Health Care Education/Training Program,UFUOMA AGBEDIA-EJUGHEMRE,404-756-1313,404-756-1383,"720 WESTVIEW DR SW, ATLANTA, GA 303101458"
"[{'address_1': '1827 S GORDON ST SW', 'address_purpose': 'MAILING', 'address_type': 'DOM', 'city': 'ATLANTA', 'country_code': 'US', 'country_name': 'United States', 'fax_number': '470-408-2473', 'postal_code': '303102361', 'state': 'GA', 'telephone_number': '404-500-8264'}, {'address_1': '3295 RIVER EXCHANGE DR STE 170', 'address_purpose': 'LOCATION', 'address_type': 'DOM', 'city': 'PEACHTREE CORNERS', 'country_code': 'US', 'country_name': 'United States', 'fax_number': '470-408-2473', 'postal_code': '300924220', 'state': 'GA', 'telephone_number': '404-500-8264'}]","{'certification_date': '2026-02-08', 'credential': 'CF-SLP', 'enumeration_date': '2026-02-09', 'first_name': 'OLUWADAMINI', 'last_name': 'ADELAJA-STEVENS', 'last_updated': '2026-02-09', 'middle_name': 'NOELLE', 'name_prefix': 'Ms.', 'sex': 'F', 'sole_proprietor': 'NO', 'status': 'A'}",1770635116000,[],NPI-1,[],1770635116000,1104777846,[],[],"[{'code': '235Z00000X', 'desc': 'Speech-Language Pathologist,  ', 'license': 'PCET004453', 'primary': True, 'state': 'GA', 'taxonomy_group': ''}]",1827 S GORDON ST SW,,ATLANTA,GA,303102361,"Speech-Language Pathologist,  ",OLUWADAMINI ADELAJA-STEVENS,470-408-2473,404-500-8264,"1827 S GORDON ST SW, ATLANTA, GA 303102361"
"[{'address_1': '868 YORK AVE SW', 'address_purpose': 'MAILING', 'address_type': 'DOM', 'city': 'ATLANTA', 'country_code': 'US', 'country_name': 'United States', 'fax_number': '404-755-7400', 'postal_code': '303102750', 'state': 'GA', 'telephone_number': '404-756-6883'}, {'address_1': '868 YORK AVE SW', 'address_purpose': 'LOCATION', 'address_type': 'DOM', 'city': 'ATLANTA', 'country_code': 'US', 'country_name': 'United States', 'fax_number': '404-755-7400', 'postal_code': '303102750', 'state': 'GA', 'telephone_number': '404-756-6883'}]","{'certification_date': '2020-06-29', 'credential': 'NP', 'enumeration_date': '2020-06-29', 'first_name': 'REBECCA', 'last_name': 'ADAMS', 'last_updated': '2020-06-29', 'middle_name': 'NICOLE', 'sex': 'F', 'sole_proprietor': 'NO', 'status': 'A'}",1593440039000,[],NPI-1,[],1593440039000,1700403599,"[{'code': '1', 'first_name': 'REBECCA', 'last_name': 'BRITTON', 'middle_name': 'NICOLE', 'type': 'Former Name'}]",[],"[{'code': '363LF0000X', 'desc': 'Nurse Practitioner, Family', 'license': 'RN239147', 'primary': True, 'state': 'GA', 'taxonomy_group': ''}]",868 YORK AVE SW,,ATLANTA,GA,303102750,"Nurse Practitioner, Family",REBECCA ADAMS,404-755-7400,404-756-6883,"868 YORK AVE SW, ATLANTA, GA 303102750"
"[{'address_1': '868 YORK AVE SW', 'address_purpose': 'LOCATION', 'address_type': 'DOM', 'city': 'ATLANTA', 'country_code': 'US', 'country_name': 'United States', 'fax_number': '404-755-7400', 'postal_code': '303102750', 'state': 'GA', 'telephone_number': '404-756-6883'}, {'address_1': '868 YORK AVE SW', 'address_purpose': 'MAILING', 'address_type': 'DOM', 'city': 'ATLANTA', 'country_code': 'US', 'country_name': 'United States', 'fax_number': '404-755-7400', 'postal_code': '303102750', 'state': 'GA', 'telephone_number': '404-756-6883'}]","{'certification_date': '2024-09-06', 'credential': 'MD', 'enumeration_date': '2020-03-31', 'first_name': 'CYNTHIA', 'last_name': 'ABAM', 'last_updated': '2024-09-06', 'middle_name': 'AGWANEH', 'name_prefix': 'Dr.', 'sex': 'F', 'sole_proprietor': 'NO', 'status': 'A'}",1585707406000,[],NPI-1,[],1725639066000,1629606884,[],[],"[{'code': '207V00000X', 'desc': 'Obstetrics & Gynecology', 'license': '100717', 'primary': True, 'state': 'GA', 'taxonomy_group': ''}]",868 YORK AVE SW,,ATLANTA,GA,303102750,Obstetrics & Gynecology,CYNTHIA ABAM,404-755-7400,404-756-6883,"868 YORK AVE SW, ATLANTA, GA 303102750"
"[{'address_1': '2558 MARTIN LUTHER KING JR DR SW', 'address_purpose': 'MAILING', 'address_type': 'DOM', 'city': 'ATLANTA', 'country_code': 'US', 'country_name': 'United States', 'fax_number': '404-792-7209', 'postal_code': '303111779', 'state': 'GA', 'telephone_number': '404-505-0300'}, {'address_1': '2558 MARTIN LUTHER KING JR DR SW', 'address_purpose': 'LOCATION', 'address_type': 'DOM', 'city': 'ATLANTA', 'country_code': 'US', 'country_name': 'United States', 'fax_number': '404-792-7209', 'postal_code': '303111779', 'state': 'GA', 'telephone_number': '404-505-0300'}]","{'credential': 'Hair Loss Specialist', 'enumeration_date': '2014-04-02', 'first_name': 'EDITH', 'last_name': 'ABAKARE', 'last_updated': '2014-04-02', 'name_prefix': '--', 'name_suffix': '--', 'sex': 'F', 'sole_proprietor': 'YES', 'status': 'A'}",1396480299000,[],NPI-1,[],1396480299000,1629496096,[],[],"[{'code': '1744P3200X', 'desc': 'Specialist, Prosthetics Case Management', 'license': 'CO040882', 'primary': True, 'state': 'GA', 'taxonomy_group': ''}]",2558 MARTIN LUTHER KING JR DR SW,,ATLANTA,GA,303111779,"Specialist, Prosthetics Case Management",EDITH ABAKARE,404-792-7209,404-505-0300,"2558 MARTIN LUTHER KING JR DR SW, ATLANTA, GA 303111779"
"[{'address_1': '303 PARKWAY DR NE', 'address_purpose': 'LOCATION', 'address_type': 'DOM', 'city': 'ATLANTA', 'country_code': 'US', 'country_name': 'United States', 'fax_number': '404-265-4989', 'postal_code': '303121212', 'state': 'GA', 'telephone_number': '404-265-4919'}, {'address_1': 'PO BOX 102321', 'address_purpose': 'MAILING', 'address_type': 'DOM', 'city': 'ATLANTA', 'country_code': 'US', 'country_name': 'United States', 'postal_code': '303682321', 'state': 'GA'}]","{'certification_date': '2025-10-23', 'credential': 'M.D.', 'enumeration_date': '2017-04-12', 'first_name': 'SHUMET', 'last_name': 'ADNEW', 'last_updated': '2025-10-23', 'middle_name': 'LONSAKO', 'sex': 'M', 'sole_proprietor': 'NO', 'status': 'A'}",1492051794000,"[{'address_1': '303 Parkway Dr NE', 'address_type': 'DOM', 'affiliation': 'N', 'city': 'Atlanta', 'contentTypeDescription': '', 'country_code': 'US', 'country_name': 'United States', 'endpoint': 'slonsako140828@directwellstar.org', 'endpointType': 'DIRECT', 'endpointTypeDescription': 'Direct Messaging Address', 'postal_code': '303121212', 'state': 'GA', 'useDescription': ''}]",NPI-1,"[{'code': '05', 'desc': 'MEDICAID', 'identifier': '100200970', 'issuer': None, 'state': 'WI'}]",1761230035000,1659805059,[],"[{'address_1': '1412 MILSTEAD AVE NE', 'address_purpose': 'LOCATION', 'address_type': 'DOM', 'city': 'CONYERS', 'country_code': 'US', 'country_name': 'United States', 'postal_code': '300123877', 'state': 'GA', 'telephone_number': '770-918-3000'}]","[{'code': '207R00000X', 'desc': 'Internal Medicine', 'license': '9453', 'primary': False, 'state': 'GA', 'taxonomy_group': ''}, {'code': '208M00000X', 'desc': 'Hospitalist', 'license': '82948-20', 'primary': False, 'state': 'WI', 'taxonomy_group': ''}, {'code': '208M00000X', 'desc': 'Hospitalist', 'license': '85835', 'primary': False, 'state': 'GA', 'taxonomy_group': ''}, {'code': '207R00000X', 'desc': 'Internal Medicine', 'license': '82948-20', 'primary': True, 'state': 'WI', 'taxonomy_group': ''}]",303 PARKWAY DR NE,,ATLANTA,GA,303121212,Internal Medicine,SHUMET ADNEW,404-265-4989,404-265-4919,"303 PARKWAY DR NE, ATLANTA, GA 303121212"
"[{'address_1': '303 PARKWAY DR NE', 'address_purpose': 'LOCATION', 'address_type': 'DOM', 'city': 'ATLANTA', 'country_code': 'US', 'country_name': 'United States', 'fax_number': '404-265-4954', 'postal_code': '303121212', 'state': 'GA', 'telephone_number': '404-265-4958'}, {'address_1': '303 PARKWAY DR NE', 'address_purpose': 'MAILING', 'address_type': 'DOM', 'city': 'ATLANTA', 'country_code': 'US', 'country_name': 'United States', 'fax_number': '404-265-4954', 'postal_code': '303121212', 'state': 'GA', 'telephone_number': '404-265-4958'}]","{'credential': 'M.D.', 'enumeration_date': '2008-06-25', 'first_name': 'BAMIDELE', 'last_name': 'ADEYEMO', 'last_updated': '2019-10-31', 'middle_name': 'OYEBAMIJI', 'name_prefix': 'Dr.', 'sex': 'M', 'sole_proprietor': 'YES', 'status': 'A'}",1214410266000,"[{'address_1': '303 Parkway Dr NE', 'address_type': 'DOM', 'affiliation': 'N', 'city': 'Atlanta', 'contentTypeDescription': '', 'country_code': 'US', 'country_name': 'United States', 'endpoint': 'badeyemo123326@directwellstar.org', 'endpointType': 'DIRECT', 'endpointTypeDescription': 'Direct Messaging Address', 'postal_code': '303121212', 'state': 'GA', 'useDescription': ''}]",NPI-1,[],1572542149000,1427210194,[],[],"[{'code': '208100000X', 'desc': 'Physical Medicine & Rehabilitation', 'license': '069744', 'primary': True, 'state': 'GA', 'taxonomy_group': ''}]",303 PARKWAY DR NE,,ATLANTA,GA,303121212,Physical Medicine & Rehabilitation,BAMIDELE ADEYEMO,404-265-4954,404-265-4958,"303 PARKWAY DR NE, ATLANTA, GA 303121212"
"[{'address_1': '424 DECATUR ST SE', 'address_purpose': 'MAILING', 'address_type': 'DOM', 'city': 'ATLANTA', 'country_code': 'US', 'country_name': 'United States', 'fax_number': '678-843-8501', 'postal_code': '303121848', 'state': 'GA', 'telephone_number': '678-843-8500'}, {'address_1': '424 DECATUR ST SE', 'address_purpose': 'LOCATION', 'address_type': 'DOM', 'city': 'ATLANTA', 'country_code': 'US', 'country_name': 'United States', 'fax_number': '678-843-8501', 'postal_code': '303121848', 'state': 'GA', 'telephone_number': '678-843-8500'}]","{'credential': 'M.D.', 'enumeration_date': '2006-11-28', 'first_name': 'ZAHID', 'last_name': 'AFRIDI', 'last_updated': '2014-10-03', 'middle_name': 'HALEEM', 'name_prefix': '--', 'name_suffix': '--', 'sex': 'M', 'sole_proprietor': 'NO', 'status': 'A'}",1164766385000,[],NPI-1,[],1412362980000,1649347683,[],[],"[{'code': '207Q00000X', 'desc': 'Family Medicine', 'license': '68875', 'primary': True, 'state': 'GA', 'taxonomy_group': ''}]",424 DECATUR ST SE,,ATLANTA,GA,303121848,Family Medicine,ZAHID AFRIDI,678-843-8501,678-843-8500,"424 DECATUR ST SE, ATLANTA, GA 303121848"
"[{'address_1': '350 SPELMAN LN SW', 'address_2': 'BOX 1057', 'address_purpose': 'MAILING', 'address_type': 'DOM', 'city': 'ATLANTA', 'country_code': 'US', 'country_name': 'United States', 'fax_number': '404-270-5714', 'postal_code': '303144395', 'state': 'GA', 'telephone_number': '404-392-4916'}, {'address_1': '350 SPELMAN LN SW', 'address_2': 'BOX 1057', 'address_purpose': 'LOCATION', 'address_type': 'DOM', 'city': 'ATLANTA', 'country_code': 'US', 'country_name': 'United States', 'fax_number': '404-270-5714', 'postal_code': '303144395', 'state': 'GA', 'telephone_number': '404-392-4916'}]","{'credential': 'ATC', 'enumeration_date': '2011-10-13', 'first_name': 'VANESSA', 'last_name': 'ABRAMS', 'last_updated': '2011-10-13', 'middle_name': 'M', 'name_prefix': '--', 'name_suffix': '--', 'sex': 'F', 'sole_proprietor': 'YES', 'status': 'A'}",1318524525000,[],NPI-1,[],1318524525000,1083999718,[],[],"[{'code': '2255A2300X', 'desc': 'Specialist/Technologist, Athletic Trainer', 'license': 'AT001896', 'primary': True, 'state': 'GA', 'taxonomy_group': ''}]",350 SPELMAN LN SW,BOX 1057,ATLANTA,GA,303144395,"Specialist/Technologist, Athletic Trainer",VANESSA ABRAMS,404-270-5714,404-392-4916,"350 SPELMAN LN SW, BOX 1057, ATLANTA, GA 303144395"
"[{'address_1': '1046 RIDGE AVE SW', 'address_purpose': 'MAILING', 'address_type': 'DOM', 'city': 'ATLANTA', 'country_code': 'US', 'country_name': 'United States', 'fax_number': '404-688-2962', 'postal_code': '303151640', 'state': 'GA', 'telephone_number': '404-688-1350'}, {'address_1': '1046 RIDGE AVE SW', 'address_purpose': 'LOCATION', 'address_type': 'DOM', 'city': 'ATLANTA', 'country_code': 'US', 'country_name': 'United States', 'fax_number': '404-688-2962', 'postal_code': '303151640', 'state': 'GA', 'telephone_number': '404-688-1350'}]","{'credential': 'PA-C', 'enumeration_date': '2008-08-08', 'first_name': 'WILLIE', 'last_name': 'ADAMS', 'last_updated': '2008-08-08', 'middle_name': 'E', 'name_prefix': '--', 'name_suffix': '--', 'sex': 'M', 'sole_proprietor': 'NO', 'status': 'A'}",1218215014000,[],NPI-1,[],1218215014000,1194971242,[],[],"[{'code': '363A00000X', 'desc': 'Physician Assistant', 'license': '002834', 'primary': True, 'state': 'GA', 'taxonomy_group': ''}]",1046 RIDGE AVE SW,,ATLANTA,GA,303151640,Physician Assistant,WILLIE ADAMS,404-688-2962,404-688-1350,"1046 RIDGE AVE SW, ATLANTA, GA 303151640"
"[{'address_1': '30 WARREN ST SE', 'address_2': 'DEKALB GRADY CLINIC', 'address_purpose': 'MAILING', 'address_type': 'DOM', 'city': 'ATLANTA', 'country_code': 'US', 'country_name': 'United States', 'fax_number': '404-377-9324', 'postal_code': '303172267', 'state': 'GA', 'telephone_number': '404-616-9304'}, {'address_1': '30 WARREN ST SE', 'address_2': 'DEKALB GRADY CLINIC', 'address_purpose': 'LOCATION', 'address_type': 'DOM', 'city': 'ATLANTA', 'country_code': 'US', 'country_name': 'United States', 'fax_number': '404-377-9324', 'postal_code': '303172267', 'state': 'GA', 'telephone_number': '404-616-9304'}]","{'credential': 'CPNP', 'enumeration_date': '2006-07-28', 'first_name': 'MARY', 'last_name': 'ACKLIN', 'last_updated': '2007-07-08', 'middle_name': 'VIRGINIA', 'name_prefix': 'Ms.', 'name_suffix': '--', 'sex': 'F', 'sole_proprietor': 'YES', 'status': 'A'}",1154069988000,[],NPI-1,[],1183947785000,1629082524,[],[],"[{'code': '363LP0200X', 'desc': 'Nurse Practitioner, Pediatrics', 'license': 'RN034948', 'primary': True, 'state': 'GA', 'taxonomy_group': ''}]",30 WARREN ST SE,DEKALB GRADY CLINIC,ATLANTA,GA,303172267,"Nurse Practitioner, Pediatrics",MARY ACKLIN,404-377-9324,404-616-9304,"30 WARREN ST SE, DEKALB GRADY CLINIC, ATLANTA, GA 303172267"
"[{'address_1': '2386 BOLTON RD', 'address_purpose': 'MAILING', 'address_type': 'DOM', 'city': 'ATLANTA', 'country_code': 'US', 'country_name': 'United States', 'fax_number': '404-352-4457', 'postal_code': '30318', 'state': 'GA', 'telephone_number': '404-352-2810'}, {'address_1': '2386 BOLTON RD', 'address_purpose': 'LOCATION', 'address_type': 'DOM', 'city': 'ATLANTA', 'country_code': 'US', 'country_name': 'United States', 'fax_number': '404-605-0602', 'postal_code': '30318', 'state': 'GA', 'telephone_number': '404-352-2810'}]","{'credential': 'MD', 'enumeration_date': '2006-08-24', 'first_name': 'ZIA', 'last_name': 'ABDI', 'last_updated': '2019-02-04', 'middle_name': 'A', 'sex': 'M', 'sole_proprietor': 'YES', 'status': 'A'}",1156437580000,[],NPI-1,"[{'code': '05', 'desc': 'MEDICAID', 'identifier': '000384821A', 'issuer': None, 'state': 'GA'}]",1549317246000,1881701936,[],[],"[{'code': '207Q00000X', 'desc': 'Family Medicine', 'license': '030705', 'primary': True, 'state': 'GA', 'taxonomy_group': ''}]",2386 BOLTON RD,,ATLANTA,GA,30318,Family Medicine,ZIA ABDI,404-352-4457,404-352-2810,"2386 BOLTON RD, ATLANTA, GA 30318"
"[{'address_1': '1800 HOWELL MILL RD NW STE 200', 'address_purpose': 'LOCATION', 'address_type': 'DOM', 'city': 'ATLANTA', 'country_code': 'US', 'country_name': 'United States', 'fax_number': '404-477-1176', 'postal_code': '303180917', 'state': 'GA', 'telephone_number': '404-352-1015'}, {'address_1': '900 CIRCLE 75 PKWY SE STE 1700', 'address_purpose': 'MAILING', 'address_type': 'DOM', 'city': 'ATLANTA', 'country_code': 'US', 'country_name': 'United States', 'postal_code': '303393087', 'state': 'GA', 'telephone_number': '770-953-6929'}]","{'certification_date': '2022-11-11', 'credential': 'MD', 'enumeration_date': '2015-05-18', 'first_name': 'CHRISTOPHER', 'last_name': 'ALEXANDER', 'last_updated': '2022-11-11', 'middle_name': 'ERIC', 'sex': 'M', 'sole_proprietor': 'NO', 'status': 'A'}",1431956855000,[],NPI-1,[],1668189277000,1700264140,[],[],"[{'code': '208100000X', 'desc': 'Physical Medicine & Rehabilitation', 'license': '85647', 'primary': True, 'state': 'GA', 'taxonomy_group': ''}]",1800 HOWELL MILL RD NW STE 200,,ATLANTA,GA,303180917,Physical Medicine & Rehabilitation,CHRISTOPHER ALEXANDER,404-477-1176,404-352-1015,"1800 HOWELL MILL RD NW STE 200, ATLANTA, GA 303180917"
"[{'address_1': '1800 HOWELL MILL RD NW STE 800', 'address_purpose': 'MAILING', 'address_type': 'DOM', 'city': 'ATLANTA', 'country_code': 'US', 'country_name': 'United States', 'fax_number': '404-477-1162', 'postal_code': '303180922', 'state': 'GA', 'telephone_number': '678-298-3239'}, {'address_1': '290 COUNTRY CLUB DR STE 100', 'address_purpose': 'LOCATION', 'address_type': 'DOM', 'city': 'STOCKBRIDGE', 'country_code': 'US', 'country_name': 'United States', 'fax_number': '678-854-9502', 'postal_code': '302819069', 'state': 'GA', 'telephone_number': '678-854-9500'}]","{'certification_date': '2025-07-17', 'credential': 'FNP', 'enumeration_date': '2021-06-13', 'first_name': 'ASHLEY', 'last_name': 'ADER', 'last_updated': '2025-07-17', 'middle_name': 'ANN', 'sex': 'F', 'sole_proprietor': 'YES', 'status': 'A'}",1623629218000,[],NPI-1,[],1752771365000,1821666264,[],"[{'address_1': '97 WHITEFOORD AVE SE', 'address_purpose': 'LOCATION', 'address_type': 'DOM', 'city': 'ATLANTA', 'country_code': 'US', 'country_name': 'United States', 'postal_code': '303171736', 'state': 'GA', 'telephone_number': '717-315-6529'}, {'address_1': '775 POPLAR RD STE 310', 'address_purpose': 'LOCATION', 'address_type': 'DOM', 'city': 'NEWNAN', 'country_code': 'US', 'country_name': 'United States', 'fax_number': '770-251-1490', 'postal_code': '302658303', 'state': 'GA', 'telephone_number': '770-251-2509'}, {'address_1': '1267 HIGHWAY 54 W STE 4200', 'address_purpose': 'LOCATION', 'address_type': 'DOM', 'city': 'FAYETTEVILLE', 'country_code': 'US', 'country_name': 'United States', 'fax_number': '678-829-1099', 'postal_code': '302142112', 'state': 'GA', 'telephone_number': '678-829-1060'}, {'address_1': '755 MOUNT VERNON HWY NE STE 320', 'address_purpose': 'LOCATION', 'address_type': 'DOM', 'city': 'ATLANTA', 'country_code': 'US', 'country_name': 'United States', 'fax_number': '404-351-7550', 'postal_code': '303284288', 'state': 'GA', 'telephone_number': '404-350-8711'}, {'address_1': '4877 BILL GARDNER PKWY', 'address_purpose': 'LOCATION', 'address_type': 'DOM', 'city': 'LOCUST GROVE', 'country_code': 'US', 'country_name': 'United States', 'fax_number': '678-399-7192', 'postal_code': '302483644', 'state': 'GA', 'telephone_number': '678-399-7190'}, {'address_1': '1800 HOWELL MILL RD NW STE 800', 'address_purpose': 'LOCATION', 'address_type': 'DOM', 'city': 'ATLANTA', 'country_code': 'US', 'country_name': 'United States', 'fax_number': '404-350-8407', 'postal_code': '303180922', 'state': 'GA', 'telephone_number': '404-350-9853'}]","[{'code': '363LF0000X', 'desc': 'Nurse Practitioner, Family', 'license': 'RN270404', 'primary': True, 'state': 'GA', 'taxonomy_group': ''}]",1800 HOWELL MILL RD NW STE 800,,ATLANTA,GA,303180922,"Nurse Practitioner, Family",ASHLEY ADER,404-477-1162,678-298-3239,"1800 HOWELL MILL RD NW STE 800, ATLANTA, GA 303180922"
"[{'address_1': '898 DEAN DR NW', 'address_purpose': 'MAILING', 'address_type': 'DOM', 'city': 'ATLANTA', 'country_code': 'US', 'country_name': 'United States', 'fax_number': '404-846-0886', 'postal_code': '303181616', 'state': 'GA', 'telephone_number': '404-808-1328'}, {'address_1': '2221 PEACHTREE RD NE', 'address_2': 'SUITE D336', 'address_purpose': 'LOCATION', 'address_type': 'DOM', 'city': 'ATLANTA', 'country_code': 'US', 'country_name': 'United States', 'postal_code': '303091148', 'state': 'GA', 'telephone_number': '404-846-0886'}]","{'credential': 'PT', 'enumeration_date': '2013-09-20', 'first_name': 'LISA', 'last_name': 'ALEXANDER', 'last_updated': '2013-09-20', 'middle_name': 'V', 'name_prefix': '--', 'name_suffix': '--', 'sex': 'F', 'sole_proprietor': 'YES', 'status': 'A'}",1379695296000,[],NPI-1,[],1379695296000,1457787574,[],[],"[{'code': '225100000X', 'desc': 'Physical Therapist', 'license': 'PT011193', 'primary': True, 'state': 'GA', 'taxonomy_group': ''}]",898 DEAN DR NW,,ATLANTA,GA,303181616,Physical Therapist,LISA ALEXANDER,404-846-0886,404-808-1328,"898 DEAN DR NW, ATLANTA, GA 303181616"
"[{'address_1': '1445 WOODMONT LN NW # 1962', 'address_purpose': 'MAILING', 'address_type': 'DOM', 'city': 'ATLANTA', 'country_code': 'US', 'country_name': 'United States', 'fax_number': '916-249-1430', 'postal_code': '303182866', 'state': 'GA', 'telephone_number': '916-340-2240'}, {'address_1': '2251 FLORIN RD STE 59', 'address_purpose': 'LOCATION', 'address_type': 'DOM', 'city': 'SACRAMENTO', 'country_code': 'US', 'country_name': 'United States', 'fax_number': '916-249-1430', 'postal_code': '958224497', 'state': 'CA', 'telephone_number': '916-340-2240'}]","{'certification_date': '2025-09-12', 'enumeration_date': '2025-02-08', 'first_name': 'MONICA', 'last_name': 'ALEXANDER-LEWIS', 'last_updated': '2025-09-12', 'middle_name': 'LYNN', 'name_prefix': 'Mrs.', 'sex': 'F', 'sole_proprietor': 'NO', 'status': 'A'}",1739012417000,[],NPI-1,[],1757693790000,1912712993,[],[],"[{'code': '174400000X', 'desc': 'Specialist', 'license': None, 'primary': True, 'state': None, 'taxonomy_group': ''}]",1445 WOODMONT LN NW # 1962,,ATLANTA,GA,303182866,Specialist,MONICA ALEXANDER-LEWIS,916-249-1430,916-340-2240,"1445 WOODMONT LN NW # 1962, ATLANTA, GA 303182866"
"[{'address_1': '1700 COMMERCE DR NW STE 100', 'address_purpose': 'MAILING', 'address_type': 'DOM', 'city': 'ATLANTA', 'country_code': 'US', 'country_name': 'United States', 'fax_number': '718-865-5165', 'postal_code': '303183124', 'state': 'GA', 'telephone_number': '718-215-5311'}, {'address_1': '1700 COMMERCE DR NW STE 100', 'address_purpose': 'LOCATION', 'address_type': 'DOM', 'city': 'ATLANTA', 'country_code': 'US', 'country_name': 'United States', 'fax_number': '718-865-5165', 'postal_code': '303183124', 'state': 'GA', 'telephone_number': '718-215-5311'}]","{'certification_date': '2022-11-09', 'enumeration_date': '2022-11-09', 'first_name': 'MAUNDA', 'last_name': 'ALEXANDER', 'last_updated': '2022-11-09', 'middle_name': 'SANNYU', 'sex': 'F', 'sole_proprietor': 'NO', 'status': 'A'}",1668011625000,[],NPI-1,[],1668011625000,1336857325,[],[],"[{'code': '106S00000X', 'desc': 'Behavior Technician', 'license': None, 'primary': True, 'state': None, 'taxonomy_group': ''}]",1700 COMMERCE DR NW STE 100,,ATLANTA,GA,303183124,Behavior Technician,MAUNDA ALEXANDER,718-865-5165,718-215-5311,"1700 COMMERCE DR NW STE 100, ATLANTA, GA 303183124"
"[{'address_1': '101 WOODRUFF CIRCLE', 'address_2': 'WMB 1105', 'address_purpose': 'LOCATION', 'address_type': 'DOM', 'city': 'ATLANTA', 'country_code': 'US', 'country_name': 'United States', 'fax_number': '404-544-1569', 'postal_code': '303185612', 'state': 'GA', 'telephone_number': '404-712-1504'}, {'address_1': '101 WOODRUFF CIRCLE', 'address_2': 'WMB 1105', 'address_purpose': 'MAILING', 'address_type': 'DOM', 'city': 'ATLANTA', 'country_code': 'US', 'country_name': 'United States', 'postal_code': '303185612', 'state': 'GA', 'telephone_number': '404-712-1504'}]","{'certification_date': '2024-06-30', 'credential': 'MD', 'enumeration_date': '2017-06-29', 'first_name': 'TAHA', 'last_name': 'AHMED', 'last_updated': '2024-07-08', 'sex': 'M', 'sole_proprietor': 'YES', 'status': 'A'}",1498727947000,[],NPI-1,[],1720474248000,1790206845,[],"[{'address_1': '800 ROSE ST', 'address_purpose': 'LOCATION', 'address_type': 'DOM', 'city': 'LEXINGTON', 'country_code': 'US', 'country_name': 'United States', 'fax_number': '859-257-3873', 'postal_code': '40536', 'state': 'KY', 'telephone_number': '859-323-6047'}]","[{'code': '207R00000X', 'desc': 'Internal Medicine', 'license': '57.029263', 'primary': False, 'state': 'OH', 'taxonomy_group': '193400000X - Single Specialty Group'}, {'code': '208M00000X', 'desc': 'Hospitalist', 'license': 'TP156', 'primary': False, 'state': 'KY', 'taxonomy_group': ''}, {'code': '207RC0000X', 'desc': 'Internal Medicine, Cardiovascular Disease', 'license': '16353', 'primary': True, 'state': 'GA', 'taxonomy_group': ''}]",101 WOODRUFF CIRCLE,WMB 1105,ATLANTA,GA,303185612,"Internal Medicine, Cardiovascular Disease",TAHA AHMED,404-544-1569,404-712-1504,"101 WOODRUFF CIRCLE, WMB 1105, ATLANTA, GA 303185612"
"[{'address_1': '555 10TH ST NW', 'address_purpose': 'MAILING', 'address_type': 'DOM', 'city': 'ATLANTA', 'country_code': 'US', 'country_name': 'United States', 'fax_number': '404-477-8889', 'postal_code': '303185713', 'state': 'GA', 'telephone_number': '404-477-8888'}, {'address_1': '555 10TH ST NW', 'address_purpose': 'LOCATION', 'address_type': 'DOM', 'city': 'ATLANTA', 'country_code': 'US', 'country_name': 'United States', 'fax_number': '404-477-8889', 'postal_code': '303185713', 'state': 'GA', 'telephone_number': '404-477-8888'}]","{'credential': 'D.P.T', 'enumeration_date': '2011-09-27', 'first_name': 'TIFFANY', 'last_name': 'AIKEN', 'last_updated': '2015-12-09', 'middle_name': 'DAVENPORT', 'name_prefix': '--', 'name_suffix': '--', 'sex': 'F', 'sole_proprietor': 'NO', 'status': 'A'}",1317136828000,[],NPI-1,[],1449691521000,1538442405,[],[],"[{'code': '225100000X', 'desc': 'Physical Therapist', 'license': 'PT010455', 'primary': False, 'state': 'GA', 'taxonomy_group': ''}, {'code': '225100000X', 'desc': 'Physical Therapist', 'license': '25677', 'primary': True, 'state': 'MD', 'taxonomy_group': ''}]",555 10TH ST NW,,ATLANTA,GA,303185713,Physical Therapist,TIFFANY AIKEN,404-477-8889,404-477-8888,"555 10TH ST NW, ATLANTA, GA 303185713"
"[{'address_1': 'EMORY UNIVERSITY SCHOOL OF MEDICINE', 'address_2': '101 WOODRUFF CIRCLE, 5105 WMRB', 'address_purpose': 'MAILING', 'address_type': 'DOM', 'city': 'ATLANTA', 'country_code': 'US', 'country_name': 'United States', 'fax_number': '404-727-3660', 'postal_code': '303220001', 'state': 'GA', 'telephone_number': '404-712-1820'}, {'address_1': 'EMORY UNIVERSITY SCHOOL OF MEDICINE', 'address_2': '101 WOODRUFF CIRCLE, 5105 WMRB', 'address_purpose': 'LOCATION', 'address_type': 'DOM', 'city': 'ATLANTA', 'country_code': 'US', 'country_name': 'United States', 'fax_number': '404-727-3660', 'postal_code': '303220001', 'state': 'GA', 'telephone_number': '404-712-1820'}]","{'credential': 'MD, PHD', 'enumeration_date': '2007-02-26', 'first_name': 'ANDREW', 'last_name': 'ADAMS', 'last_updated': '2010-07-06', 'middle_name': 'BRIANE', 'sex': 'M', 'sole_proprietor': 'NO', 'status': 'A'}",1172521556000,[],NPI-1,[],1278436230000,1902932684,[],[],"[{'code': '204F00000X', 'desc': 'Transplant Surgery', 'license': '64170', 'primary': True, 'state': 'GA', 'taxonomy_group': ''}]",EMORY UNIVERSITY SCHOOL OF MEDICINE,"101 WOODRUFF CIRCLE, 5105 WMRB",ATLANTA,GA,303220001,Transplant Surgery,ANDREW ADAMS,404-727-3660,404-712-1820,"EMORY UNIVERSITY SCHOOL OF MEDICINE, 101 WOODRUFF CIRCLE, 5105 WMRB, ATLANTA, GA 303220001"
"[{'address_1': '531 ASBURY CIR STE N340', 'address_purpose': 'MAILING', 'address_type': 'DOM', 'city': 'ATLANTA', 'country_code': 'US', 'country_name': 'United States', 'fax_number': '404-778-2630', 'postal_code': '303221006', 'state': 'GA', 'telephone_number': '404-778-5975'}, {'address_1': '1364 CLIFTON RD NE', 'address_purpose': 'LOCATION', 'address_type': 'DOM', 'city': 'ATLANTA', 'country_code': 'US', 'country_name': 'United States', 'fax_number': '404-778-2630', 'postal_code': '303221059', 'state': 'GA', 'telephone_number': '404-778-5975'}]","{'credential': 'M.D. P.H.D.', 'enumeration_date': '2007-06-22', 'first_name': 'JEREMY', 'last_name': 'ACKERMAN', 'last_updated': '2007-11-07', 'middle_name': 'DAVID', 'name_prefix': '--', 'name_suffix': '--', 'sex': 'M', 'sole_proprietor': 'NO', 'status': 'A'}",1182522482000,[],NPI-1,[],1194449189000,1942406483,[],[],"[{'code': '207P00000X', 'desc': 'Emergency Medicine', 'license': '244593', 'primary': True, 'state': 'NY', 'taxonomy_group': ''}]",531 ASBURY CIR STE N340,,ATLANTA,GA,303221006,Emergency Medicine,JEREMY ACKERMAN,404-778-2630,404-778-5975,"531 ASBURY CIR STE N340, ATLANTA, GA 303221006"
"[{'address_1': '1365 CLIFTON RD NE', 'address_purpose': 'MAILING', 'address_type': 'DOM', 'city': 'ATLANTA', 'country_code': 'US', 'country_name': 'United States', 'fax_number': '404-251-1899', 'postal_code': '303221013', 'state': 'GA', 'telephone_number': '404-712-1722'}, {'address_1': '1365 CLIFTON RD, EMORY UNIVERISTY HOSPITAL', 'address_purpose': 'LOCATION', 'address_type': 'DOM', 'city': 'ATLANTA', 'country_code': 'US', 'country_name': 'United States', 'fax_number': '404-251-1899', 'postal_code': '30322', 'state': 'GA', 'telephone_number': '404-712-1722'}]","{'certification_date': '2026-07-08', 'enumeration_date': '2022-04-20', 'first_name': 'TED', 'last_name': 'AKHIWU', 'last_updated': '2026-07-08', 'middle_name': 'OBERAIFO', 'sex': 'M', 'sole_proprietor': 'NO', 'status': 'A'}",1650464824000,[],NPI-1,[],1783529590000,1770226367,[],[],"[{'code': '390200000X', 'desc': 'Student in an Organized Health Care Education/Training Program', 'license': None, 'primary': True, 'state': 'GA', 'taxonomy_group': ''}, {'code': '208M00000X', 'desc': 'Hospitalist', 'license': 'D0102448', 'primary': False, 'state': 'MD', 'taxonomy_group': ''}]",1365 CLIFTON RD NE,,ATLANTA,GA,303221013,Student in an Organized Health Care Education/Training Program,TED AKHIWU,404-251-1899,404-712-1722,"1365 CLIFTON RD NE, ATLANTA, GA 303221013"
"[{'address_1': '1365 CLIFTON RD NE', 'address_2': 'ORAL AND MAXILLOFACIAL SURGERY BLDG B, SUITE 2300', 'address_purpose': 'LOCATION', 'address_type': 'DOM', 'city': 'ATLANTA', 'country_code': 'US', 'country_name': 'United States', 'fax_number': '404-778-5879', 'postal_code': '303221013', 'state': 'GA', 'telephone_number': '404-778-4500'}, {'address_1': '1365 CLIFTON RD NE', 'address_2': 'ORAL AND MAXILLOFACIAL SURGERY BLDG B, SUITE 2300', 'address_purpose': 'MAILING', 'address_type': 'DOM', 'city': 'ATLANTA', 'country_code': 'US', 'country_name': 'United States', 'fax_number': '404-778-5879', 'postal_code': '303221013', 'state': 'GA', 'telephone_number': '404-778-4500'}]","{'credential': 'DMD, MPH', 'enumeration_date': '2008-07-03', 'first_name': 'SHELLY', 'last_name': 'ABRAMOWICZ', 'last_updated': '2014-03-05', 'name_prefix': 'Dr.', 'name_suffix': '--', 'sex': 'F', 'sole_proprietor': 'NO', 'status': 'A'}",1215104377000,[],NPI-1,[],1394034956000,1619130259,[],[],"[{'code': '1223S0112X', 'desc': 'Dentist, Oral and Maxillofacial Surgery', 'license': '22281', 'primary': False, 'state': 'MA', 'taxonomy_group': ''}, {'code': '1223S0112X', 'desc': 'Dentist, Oral and Maxillofacial Surgery', 'license': 'DN014704', 'primary': True, 'state': 'GA', 'taxonomy_group': ''}]",1365 CLIFTON RD NE,"ORAL AND MAXILLOFACIAL SURGERY BLDG B, SUITE 2300",ATLANTA,GA,303221013,"Dentist, Oral and Maxillofacial Surgery",SHELLY ABRAMOWICZ,404-778-5879,404-778-4500,"1365 CLIFTON RD NE, ORAL AND MAXILLOFACIAL SURGERY BLDG B, SUITE 2300, ATLANTA, GA 303221013"
"[{'address_1': '1365 CLIFTON RD NE # B', 'address_purpose': 'MAILING', 'address_type': 'DOM', 'city': 'ATLANTA', 'country_code': 'US', 'country_name': 'United States', 'fax_number': '404-778-2244', 'postal_code': '303221013', 'state': 'GA', 'telephone_number': '404-778-2020'}, {'address_1': '1365 CLIFTON RD NE # B', 'address_purpose': 'LOCATION', 'address_type': 'DOM', 'city': 'ATLANTA', 'country_code': 'US', 'country_name': 'United States', 'fax_number': '404-778-2244', 'postal_code': '303221013', 'state': 'GA', 'telephone_number': '404-778-2020'}]","{'credential': 'MD', 'enumeration_date': '2006-08-31', 'first_name': 'MARIA', 'last_name': 'AARON', 'last_updated': '2007-07-08', 'middle_name': 'M', 'name_prefix': '--', 'name_suffix': '--', 'sex': 'F', 'sole_proprietor': 'YES', 'status': 'A'}",1156998386000,[],NPI-1,[],1183947785000,1588775548,[],[],"[{'code': '207W00000X', 'desc': 'Ophthalmology', 'license': '42086', 'primary': True, 'state': 'GA', 'taxonomy_group': ''}]",1365 CLIFTON RD NE # B,,ATLANTA,GA,303221013,Ophthalmology,MARIA AARON,404-778-2244,404-778-2020,"1365 CLIFTON RD NE # B, ATLANTA, GA 303221013"
"[{'address_1': '1365 CLIFTON RD NE # B', 'address_2': 'ROOM 4405', 'address_purpose': 'MAILING', 'address_type': 'DOM', 'city': 'ATLANTA', 'country_code': 'US', 'country_name': 'United States', 'fax_number': '404-778-5128', 'postal_code': '303221013', 'state': 'GA', 'telephone_number': '404-778-4456'}, {'address_1': '1365 CLIFTON RD NE # B', 'address_2': 'ROOM 4405', 'address_purpose': 'LOCATION', 'address_type': 'DOM', 'city': 'ATLANTA', 'country_code': 'US', 'country_name': 'United States', 'fax_number': '404-778-5128', 'postal_code': '303221013', 'state': 'GA', 'telephone_number': '404-778-4456'}]","{'credential': 'MD', 'enumeration_date': '2006-08-31', 'first_name': 'THOMAS', 'last_name': 'AABERG', 'last_updated': '2007-07-08', 'middle_name': 'M', 'name_prefix': '--', 'name_suffix': '--', 'sex': 'M', 'sole_proprietor': 'YES', 'status': 'A'}",1156997057000,[],NPI-1,[],1183947785000,1750491783,[],[],"[{'code': '207W00000X', 'desc': 'Ophthalmology', 'license': '30257', 'primary': True, 'state': 'GA', 'taxonomy_group': ''}]",1365 CLIFTON RD NE # B,ROOM 4405,ATLANTA,GA,303221013,Ophthalmology,THOMAS AABERG,404-778-5128,404-778-4456,"1365 CLIFTON RD NE # B, ROOM 4405, ATLANTA, GA 303221013"
"[{'address_1': '1365 CLIFTON RD NE BLDG A2ND', 'address_purpose': 'MAILING', 'address_type': 'DOM', 'city': 'ATLANTA', 'country_code': 'US', 'country_name': 'United States', 'fax_number': '404-778-4557', 'postal_code': '303221013', 'state': 'GA', 'telephone_number': '404-778-5299'}, {'address_1': '1365 CLIFTON RD NE BLDG A2ND', 'address_purpose': 'LOCATION', 'address_type': 'DOM', 'city': 'ATLANTA', 'country_code': 'US', 'country_name': 'United States', 'fax_number': '404-778-4557', 'postal_code': '303223466', 'state': 'GA', 'telephone_number': '404-778-5299'}]","{'certification_date': '2026-06-15', 'credential': 'MD', 'enumeration_date': '2010-04-20', 'first_name': 'MAHMOUD', 'last_name': 'ABDOU', 'last_updated': '2026-06-15', 'middle_name': 'H', 'name_prefix': 'Dr.', 'sex': 'M', 'sole_proprietor': 'NO', 'status': 'A'}",1271765161000,[],NPI-1,[],1781507128000,1518283282,"[{'code': '1', 'credential': 'MD', 'first_name': 'MAHMOUD', 'last_name': 'RAMADAN', 'middle_name': 'HUSSEIN', 'type': 'Former Name'}]","[{'address_1': '550 PEACHTREE ST NE FL MOT4', 'address_purpose': 'LOCATION', 'address_type': 'DOM', 'city': 'ATLANTA', 'country_code': 'US', 'country_name': 'United States', 'fax_number': '404-686-4751', 'postal_code': '303082247', 'state': 'GA', 'telephone_number': '404-686-7885'}, {'address_1': '1364 CLIFTON RD NE STE C-611', 'address_purpose': 'LOCATION', 'address_type': 'DOM', 'city': 'ATLANTA', 'country_code': 'US', 'country_name': 'United States', 'fax_number': '404-712-5392', 'postal_code': '303223466', 'state': 'GA', 'telephone_number': '855-366-7989'}]","[{'code': '207RA0001X', 'desc': 'Internal Medicine, Advanced Heart Failure and Transplant Cardiology', 'license': '073423', 'primary': True, 'state': 'GA', 'taxonomy_group': ''}, {'code': '207R00000X', 'desc': 'Internal Medicine', 'license': '73423', 'primary': False, 'state': 'GA', 'taxonomy_group': ''}, {'code': '207RC0000X', 'desc': 'Internal Medicine, Cardiovascular Disease', 'license': '73423', 'primary': False, 'state': 'GA', 'taxonomy_group': ''}]",1365 CLIFTON RD NE BLDG A2ND,,ATLANTA,GA,303221013,"Internal Medicine, Advanced Heart Failure and Transplant Cardiology",MAHMOUD ABDOU,404-778-4557,404-778-5299,"1365 CLIFTON RD NE BLDG A2ND, ATLANTA, GA 303221013"
"[{'address_1': '1365 CLIFTON RD NE BLDG B', 'address_purpose': 'MAILING', 'address_type': 'DOM', 'city': 'ATLANTA', 'country_code': 'US', 'country_name': 'United States', 'fax_number': '404-778-8562', 'postal_code': '303221013', 'state': 'GA', 'telephone_number': '404-778-8570'}, {'address_1': '1365 CLIFTON RD NE BLDG B', 'address_purpose': 'LOCATION', 'address_type': 'DOM', 'city': 'ATLANTA', 'country_code': 'US', 'country_name': 'United States', 'postal_code': '303221900', 'state': 'GA', 'telephone_number': '404-778-8570'}]","{'certification_date': '2026-08-05', 'credential': 'MD', 'enumeration_date': '2018-05-14', 'first_name': 'RANA', 'last_name': 'AL-JABERI', 'last_updated': '2026-08-05', 'sex': 'F', 'sole_proprietor': 'YES', 'status': 'A'}",1526291883000,[],NPI-1,[],1785935870000,1780174078,[],[],"[{'code': '208000000X', 'desc': 'Pediatrics', 'license': '90076', 'primary': False, 'state': 'GA', 'taxonomy_group': ''}, {'code': '207SG0207X', 'desc': 'Medical Genetics, Medical Biochemical Genetics', 'license': '90076', 'primary': True, 'state': 'GA', 'taxonomy_group': ''}]",1365 CLIFTON RD NE BLDG B,,ATLANTA,GA,303221013,"Medical Genetics, Medical Biochemical Genetics",RANA AL-JABERI,404-778-8562,404-778-8570,"1365 CLIFTON RD NE BLDG B, ATLANTA, GA 303221013"
"[{'address_1': '100 WOODRUFF CIR NE STE P375', 'address_purpose': 'MAILING', 'address_type': 'DOM', 'city': 'ATLANTA', 'country_code': 'US', 'country_name': 'United States', 'fax_number': '404-727-0045', 'postal_code': '303221020', 'state': 'GA', 'telephone_number': '404-727-5655'}, {'address_1': '1364 CLIFTON RD NE', 'address_purpose': 'LOCATION', 'address_type': 'DOM', 'city': 'ATLANTA', 'country_code': 'US', 'country_name': 'United States', 'postal_code': '303221059', 'state': 'GA', 'telephone_number': '404-712-2000'}]","{'enumeration_date': '2018-08-03', 'first_name': 'HENDRICK', 'last_name': 'ADAMS', 'last_updated': '2018-08-03', 'middle_name': 'HOLLEY', 'sex': 'F', 'sole_proprietor': 'NO', 'status': 'A'}",1533322659000,[],NPI-1,[],1533322659000,1336627025,[],[],"[{'code': '390200000X', 'desc': 'Student in an Organized Health Care Education/Training Program', 'license': None, 'primary': True, 'state': None, 'taxonomy_group': ''}]",100 WOODRUFF CIR NE STE P375,,ATLANTA,GA,303221020,Student in an Organized Health Care Education/Training Program,HENDRICK ADAMS,404-727-0045,404-727-5655,"100 WOODRUFF CIR NE STE P375, ATLANTA, GA 303221020"
"[{'address_1': '1364 CLIFTON RD NE', 'address_purpose': 'LOCATION', 'address_type': 'DOM', 'city': 'ATLANTA', 'country_code': 'US', 'country_name': 'United States', 'fax_number': '404-880-9305', 'postal_code': '303221059', 'state': 'GA', 'telephone_number': '404-712-2000'}, {'address_1': '49 JESSE HILL JR DR SE', 'address_purpose': 'MAILING', 'address_type': 'DOM', 'city': 'ATLANTA', 'country_code': 'US', 'country_name': 'United States', 'fax_number': '404-880-9305', 'postal_code': '303033049', 'state': 'GA', 'telephone_number': '404-251-8703'}]","{'certification_date': '2025-03-12', 'credential': 'MD', 'enumeration_date': '2018-06-21', 'first_name': 'WASSIM', 'last_name': 'ABDALLAH', 'last_updated': '2025-03-12', 'sex': 'M', 'sole_proprietor': 'NO', 'status': 'A'}",1529597665000,[],NPI-1,[],1741802400000,1780178889,[],"[{'address_1': '80 JESSE HILL JR DR SE', 'address_purpose': 'LOCATION', 'address_type': 'DOM', 'city': 'ATLANTA', 'country_code': 'US', 'country_name': 'United States', 'postal_code': '303033050', 'state': 'GA', 'telephone_number': '404-616-1000'}, {'address_1': '341 PONCE DE LEON AVE NE', 'address_purpose': 'LOCATION', 'address_type': 'DOM', 'city': 'ATLANTA', 'country_code': 'US', 'country_name': 'United States', 'postal_code': '303082012', 'state': 'GA', 'telephone_number': '404-616-2440'}, {'address_1': '5665 PEACHTREE DUNWOODY RD', 'address_purpose': 'LOCATION', 'address_type': 'DOM', 'city': 'ATLANTA', 'country_code': 'US', 'country_name': 'United States', 'postal_code': '303421764', 'state': 'GA', 'telephone_number': '678-843-7001'}]","[{'code': '390200000X', 'desc': 'Student in an Organized Health Care Education/Training Program', 'license': '14131', 'primary': False, 'state': 'GA', 'taxonomy_group': ''}, {'code': '207RI0200X', 'desc': 'Internal Medicine, Infectious Disease', 'license': '103631', 'primary': True, 'state': 'GA', 'taxonomy_group': ''}]",1364 CLIFTON RD NE,,ATLANTA,GA,303221059,"Internal Medicine, Infectious Disease",WASSIM ABDALLAH,404-880-9305,404-712-2000,"1364 CLIFTON RD NE, ATLANTA, GA 303221059"
"[{'address_1': '1365B CLIFTON RD NE RM B6169C', 'address_purpose': 'MAILING', 'address_type': 'DOM', 'city': 'ATLANTA', 'country_code': 'US', 'country_name': 'United States', 'fax_number': '404-778-4472', 'postal_code': '303221059', 'state': 'GA', 'telephone_number': '404-778-2190'}, {'address_1': '1365B CLIFTON RD NE RM B6169C', 'address_purpose': 'LOCATION', 'address_type': 'DOM', 'city': 'ATLANTA', 'country_code': 'US', 'country_name': 'United States', 'fax_number': '404-778-4472', 'postal_code': '303221059', 'state': 'GA', 'telephone_number': '404-778-2190'}]","{'certification_date': '2026-03-24', 'credential': 'MD', 'enumeration_date': '2019-04-04', 'first_name': 'MATTHEW', 'last_name': 'AGAM', 'last_updated': '2026-03-24', 'name_prefix': 'Dr.', 'sex': 'M', 'sole_proprietor': 'YES', 'status': 'A'}",1554412712000,[],NPI-1,[],1774376165000,1720540990,[],[],"[{'code': '207T00000X', 'desc': 'Neurological Surgery', 'license': '28457', 'primary': False, 'state': 'NV', 'taxonomy_group': ''}, {'code': '390200000X', 'desc': 'Student in an Organized Health Care Education/Training Program', 'license': None, 'primary': True, 'state': None, 'taxonomy_group': ''}]",1365B CLIFTON RD NE RM B6169C,,ATLANTA,GA,303221059,Student in an Organized Health Care Education/Training Program,MATTHEW AGAM,404-778-4472,404-778-2190,"1365B CLIFTON RD NE RM B6169C, ATLANTA, GA 303221059"
"[{'address_1': '1405 CLIFTON RD NE', 'address_purpose': 'LOCATION', 'address_type': 'DOM', 'city': 'ATLANTA', 'country_code': 'US', 'country_name': 'United States', 'fax_number': '404-785-7989', 'postal_code': '303221060', 'state': 'GA', 'telephone_number': '404-785-7141'}, {'address_1': '1405 CLIFTON RD NE', 'address_purpose': 'MAILING', 'address_type': 'DOM', 'city': 'ATLANTA', 'country_code': 'US', 'country_name': 'United States', 'fax_number': '404-785-7989', 'postal_code': '303221060', 'state': 'GA', 'telephone_number': '404-785-7141'}]","{'credential': 'MD', 'enumeration_date': '2008-07-23', 'first_name': 'BOLANLE', 'last_name': 'AKINSOLA', 'last_updated': '2022-06-06', 'middle_name': 'TOKUNBO', 'sex': 'F', 'sole_proprietor': 'NO', 'status': 'A'}",1216835270000,"[{'address_1': '1405 Clifton Rd NE', 'address_type': 'DOM', 'affiliation': 'N', 'city': 'Atlanta', 'contentTypeDescription': '', 'country_code': 'US', 'country_name': 'United States', 'endpoint': 'choa@choa.gadirect.net', 'endpointType': 'DIRECT', 'endpointTypeDescription': 'Direct Messaging Address', 'postal_code': '303221060', 'state': 'GA', 'useDescription': ''}]",NPI-1,[],1654550798000,1447415096,[],[],"[{'code': '207PP0204X', 'desc': 'Emergency Medicine, Pediatric Emergency Medicine', 'license': '69157', 'primary': True, 'state': 'GA', 'taxonomy_group': ''}]",1405 CLIFTON RD NE,,ATLANTA,GA,303221060,"Emergency Medicine, Pediatric Emergency Medicine",BOLANLE AKINSOLA,404-785-7989,404-785-7141,"1405 CLIFTON RD NE, ATLANTA, GA 303221060"
"[{'address_1': '1405 CLIFTON RD NE', 'address_purpose': 'LOCATION', 'address_type': 'DOM', 'city': 'ATLANTA', 'country_code': 'US', 'country_name': 'United States', 'fax_number': '404-785-1248', 'postal_code': '303221060', 'state': 'GA', 'telephone_number': '404-785-6541'}, {'address_1': '1405 CLIFTON RD NE', 'address_purpose': 'MAILING', 'address_type': 'DOM', 'city': 'ATLANTA', 'country_code': 'US', 'country_name': 'United States', 'fax_number': '404-785-1248', 'postal_code': '303221060', 'state': 'GA', 'telephone_number': '404-785-6541'}]","{'credential': 'MD', 'enumeration_date': '2006-04-26', 'first_name': 'ADINA', 'last_name': 'ALAZRAKI', 'last_updated': '2022-06-06', 'sex': 'F', 'sole_proprietor': 'NO', 'status': 'A'}",1146084546000,"[{'address_1': '1405 Clifton Rd NE', 'address_type': 'DOM', 'affiliation': 'N', 'city': 'Atlanta', 'contentTypeDescription': '', 'country_code': 'US', 'country_name': 'United States', 'endpoint': 'choa@choa.gadirect.net', 'endpointType': 'DIRECT', 'endpointTypeDescription': 'Direct Messaging Address', 'postal_code': '303221060', 'state': 'GA', 'useDescription': ''}]",NPI-1,[],1654551042000,1992762975,[],[],"[{'code': '208000000X', 'desc': 'Pediatrics', 'license': '42988', 'primary': True, 'state': 'GA', 'taxonomy_group': ''}]",1405 CLIFTON RD NE,,ATLANTA,GA,303221060,Pediatrics,ADINA ALAZRAKI,404-785-1248,404-785-6541,"1405 CLIFTON RD NE, ATLANTA, GA 303221060"
"[{'address_1': '1405 CLIFTON RD NE', 'address_purpose': 'LOCATION', 'address_type': 'DOM', 'city': 'ATLANTA', 'country_code': 'US', 'country_name': 'United States', 'fax_number': '404-785-7989', 'postal_code': '303221060', 'state': 'GA', 'telephone_number': '404-785-7141'}, {'address_1': '1405 CLIFTON RD NE', 'address_purpose': 'MAILING', 'address_type': 'DOM', 'city': 'ATLANTA', 'country_code': 'US', 'country_name': 'United States', 'fax_number': '404-785-7989', 'postal_code': '303221060', 'state': 'GA', 'telephone_number': '404-785-7141'}]","{'credential': 'MD', 'enumeration_date': '2010-10-28', 'first_name': 'IJEOMA', 'last_name': 'AKAELU', 'last_updated': '2022-06-06', 'sex': 'F', 'sole_proprietor': 'NO', 'status': 'A'}",1288277521000,"[{'address_1': '1405 Clifton Rd NE', 'address_type': 'DOM', 'affiliation': 'N', 'city': 'Atlanta', 'contentTypeDescription': '', 'country_code': 'US', 'country_name': 'United States', 'endpoint': 'choa@choa.gadirect.net', 'endpointType': 'DIRECT', 'endpointTypeDescription': 'Direct Messaging Address', 'postal_code': '303221060', 'state': 'GA', 'useDescription': ''}]",NPI-1,[],1654550864000,1518267251,[],[],"[{'code': '208000000X', 'desc': 'Pediatrics', 'license': '65093', 'primary': True, 'state': 'GA', 'taxonomy_group': ''}]",1405 CLIFTON RD NE,,ATLANTA,GA,303221060,Pediatrics,IJEOMA AKAELU,404-785-7989,404-785-7141,"1405 CLIFTON RD NE, ATLANTA, GA 303221060"
"[{'address_1': '1405 CLIFTON RD NE', 'address_purpose': 'LOCATION', 'address_type': 'DOM', 'city': 'ATLANTA', 'country_code': 'US', 'country_name': 'United States', 'fax_number': '404-785-7989', 'postal_code': '303221060', 'state': 'GA', 'telephone_number': '404-785-7141'}, {'address_1': '1405 CLIFTON RD NE', 'address_purpose': 'MAILING', 'address_type': 'DOM', 'city': 'ATLANTA', 'country_code': 'US', 'country_name': 'United States', 'fax_number': '404-785-7989', 'postal_code': '303221060', 'state': 'GA', 'telephone_number': '404-785-7141'}]","{'credential': 'MD', 'enumeration_date': '2008-06-01', 'first_name': 'MANEESHA', 'last_name': 'AGARWAL', 'last_updated': '2022-06-06', 'sex': 'F', 'sole_proprietor': 'NO', 'status': 'A'}",1212355253000,"[{'address_1': '1405 Clifton Rd NE', 'address_type': 'DOM', 'affiliation': 'N', 'city': 'Atlanta', 'contentTypeDescription': '', 'country_code': 'US', 'country_name': 'United States', 'endpoint': 'choa@choa.gadirect.net', 'endpointType': 'DIRECT', 'endpointTypeDescription': 'Direct Messaging Address', 'postal_code': '303221060', 'state': 'GA', 'useDescription': ''}]",NPI-1,[],1654550723000,1083872444,[],[],"[{'code': '208000000X', 'desc': 'Pediatrics', 'license': '71963', 'primary': True, 'state': 'GA', 'taxonomy_group': ''}]",1405 CLIFTON RD NE,,ATLANTA,GA,303221060,Pediatrics,MANEESHA AGARWAL,404-785-7989,404-785-7141,"1405 CLIFTON RD NE, ATLANTA, GA 303221060"
"[{'address_1': '1405 CLIFTON RD NE', 'address_purpose': 'LOCATION', 'address_type': 'DOM', 'city': 'ATLANTA', 'country_code': 'US', 'country_name': 'United States', 'fax_number': '404-785-1216', 'postal_code': '303221060', 'state': 'GA', 'telephone_number': '404-785-6532'}, {'address_1': '1405 CLIFTON RD NE', 'address_purpose': 'MAILING', 'address_type': 'DOM', 'city': 'ATLANTA', 'country_code': 'US', 'country_name': 'United States', 'fax_number': '404-785-1216', 'postal_code': '303221060', 'state': 'GA', 'telephone_number': '404-785-6532'}]","{'certification_date': '2022-10-11', 'credential': 'MD', 'enumeration_date': '2006-05-02', 'first_name': 'ADEJIMI', 'last_name': 'ADENIJI', 'last_updated': '2022-10-11', 'middle_name': 'O', 'sex': 'M', 'sole_proprietor': 'NO', 'status': 'A'}",1146581539000,"[{'address_1': '4440 W 95th St Dept Of', 'address_type': 'DOM', 'affiliation': 'N', 'city': 'Oak Lawn', 'contentTypeDescription': '', 'country_code': 'US', 'country_name': 'United States', 'endpoint': 'tadeniji216083@direct.myadvocateaurora.org', 'endpointType': 'DIRECT', 'endpointTypeDescription': 'Direct Messaging Address', 'postal_code': '604532600', 'state': 'IL', 'use': 'DIRECT', 'useDescription': 'Direct'}, {'address_1': '4440 W 95th St Dept Of', 'address_type': 'DOM', 'affiliation': 'N', 'city': 'Oak Lawn', 'contentTypeDescription': '', 'country_code': 'US', 'country_name': 'United States', 'endpoint': 'https://EpicFHIR.aurora.org/FHIR/MYAURORA/api/FHIR/DSTU2/', 'endpointType': 'FHIR', 'endpointTypeDescription': 'FHIR URL', 'postal_code': '604532600', 'state': 'IL', 'useDescription': ''}, {'address_1': '1405 Clifton Rd NE', 'address_type': 'DOM', 'affiliation': 'N', 'city': 'Atlanta', 'contentTypeDescription': '', 'country_code': 'US', 'country_name': 'United States', 'endpoint': 'choa@choa.gadirect.net', 'endpointType': 'DIRECT', 'endpointTypeDescription': 'Direct Messaging Address', 'postal_code': '303221060', 'state': 'GA', 'useDescription': ''}]",NPI-1,[],1665510991000,1750349676,[],"[{'address_1': '4440 W 95TH ST DEPT OF', 'address_purpose': 'LOCATION', 'address_type': 'DOM', 'city': 'OAK LAWN', 'country_code': 'US', 'country_name': 'United States', 'postal_code': '604532600', 'state': 'IL', 'telephone_number': '708-684-5503'}]","[{'code': '174400000X', 'desc': 'Specialist', 'license': '55385', 'primary': True, 'state': 'GA', 'taxonomy_group': ''}, {'code': '2085P0229X', 'desc': 'Radiology, Pediatric Radiology', 'license': '036-109255', 'primary': False, 'state': 'IL', 'taxonomy_group': ''}, {'code': '2085R0202X', 'desc': 'Radiology, Diagnostic Radiology', 'license': '036-109255', 'primary': False, 'state': 'IL', 'taxonomy_group': ''}]",1405 CLIFTON RD NE,,ATLANTA,GA,303221060,Specialist,ADEJIMI ADENIJI,404-785-1216,404-785-6532,"1405 CLIFTON RD NE, ATLANTA, GA 303221060"
"[{'address_1': '1525 CLIFTON RD NE', 'address_purpose': 'MAILING', 'address_type': 'DOM', 'city': 'ATLANTA', 'country_code': 'US', 'country_name': 'United States', 'fax_number': '404-727-5349', 'postal_code': '303224200', 'state': 'GA', 'telephone_number': '404-727-7551'}, {'address_1': '1525 CLIFTON RD NE', 'address_purpose': 'LOCATION', 'address_type': 'DOM', 'city': 'ATLANTA', 'country_code': 'US', 'country_name': 'United States', 'fax_number': '404-727-5349', 'postal_code': '303224200', 'state': 'GA', 'telephone_number': '404-727-7551'}]","{'credential': 'LPN', 'enumeration_date': '2017-11-14', 'first_name': 'EVA', 'last_name': 'ALANIS', 'last_updated': '2017-11-14', 'name_prefix': 'Ms.', 'sex': 'F', 'sole_proprietor': 'NO', 'status': 'A'}",1510666582000,[],NPI-1,[],1510666582000,1235642190,[],[],"[{'code': '164W00000X', 'desc': 'Licensed Practical Nurse', 'license': 'LPN072422', 'primary': True, 'state': 'GA', 'taxonomy_group': ''}]",1525 CLIFTON RD NE,,ATLANTA,GA,303224200,Licensed Practical Nurse,EVA ALANIS,404-727-5349,404-727-7551,"1525 CLIFTON RD NE, ATLANTA, GA 303224200"
"[{'address_1': '570 BISMARK RD NE', 'address_purpose': 'LOCATION', 'address_type': 'DOM', 'city': 'ATLANTA', 'country_code': 'US', 'country_name': 'United States', 'fax_number': '470-745-0654', 'postal_code': '303244271', 'state': 'GA', 'telephone_number': '404-547-5823'}, {'address_1': '570 BISMARK RD NE', 'address_purpose': 'MAILING', 'address_type': 'DOM', 'city': 'ATLANTA', 'country_code': 'US', 'country_name': 'United States', 'fax_number': '470-745-0654', 'postal_code': '303244271', 'state': 'GA', 'telephone_number': '404-547-5823'}]","{'credential': 'DPT', 'enumeration_date': '2012-11-09', 'first_name': 'MARTA', 'last_name': 'ADAMOVIC', 'last_updated': '2019-01-17', 'sex': 'F', 'sole_proprietor': 'YES', 'status': 'A'}",1352481161000,[],NPI-1,"[{'code': '05', 'desc': 'MEDICAID', 'identifier': '003129480A', 'issuer': None, 'state': 'GA'}]",1547763311000,1376897561,[],[],"[{'code': '225100000X', 'desc': 'Physical Therapist', 'license': 'pt010857', 'primary': True, 'state': 'GA', 'taxonomy_group': ''}]",570 BISMARK RD NE,,ATLANTA,GA,303244271,Physical Therapist,MARTA ADAMOVIC,470-745-0654,404-547-5823,"570 BISMARK RD NE, ATLANTA, GA 303244271"
"[{'address_1': '1904 MONROE DR NE', 'address_2': 'SUITE 120', 'address_purpose': 'MAILING', 'address_type': 'DOM', 'city': 'ATLANTA', 'country_code': 'US', 'country_name': 'United States', 'fax_number': '404-874-2020', 'postal_code': '303244858', 'state': 'GA', 'telephone_number': '404-874-8294'}, {'address_1': '1904 MONROE DR NE', 'address_2': 'SUITE 120', 'address_purpose': 'LOCATION', 'address_type': 'DOM', 'city': 'ATLANTA', 'country_code': 'US', 'country_name': 'United States', 'fax_number': '404-874-2020', 'postal_code': '303244858', 'state': 'GA', 'telephone_number': '404-874-8294'}]","{'credential': 'L.C.S.W.', 'enumeration_date': '2006-10-11', 'first_name': 'FRANKLIN', 'last_name': 'ABBOTT', 'last_updated': '2007-07-08', 'name_prefix': '--', 'name_suffix': '--', 'sex': 'M', 'sole_proprietor': 'YES', 'status': 'A'}",1160603279000,[],NPI-1,[],1183947785000,1588753537,[],[],"[{'code': '1041C0700X', 'desc': 'Social Worker, Clinical', 'license': 'CSW001485', 'primary': True, 'state': 'GA', 'taxonomy_group': ''}]",1904 MONROE DR NE,SUITE 120,ATLANTA,GA,303244858,"Social Worker, Clinical",FRANKLIN ABBOTT,404-874-2020,404-874-8294,"1904 MONROE DR NE, SUITE 120, ATLANTA, GA 303244858"
"[{'address_1': 'JOEL M. ADLER, DDS', 'address_2': '2677 RIDGE VALLEY RD NW', 'address_purpose': 'MAILING', 'address_type': 'DOM', 'city': 'ATLANTA', 'country_code': 'US', 'country_name': 'United States', 'fax_number': '404-351-7248', 'postal_code': '30327', 'state': 'GA', 'telephone_number': '404-351-7159'}, {'address_1': 'JOEL M. ADLER, DDS', 'address_2': '2677 RIDGE VALLEY RD NW', 'address_purpose': 'LOCATION', 'address_type': 'DOM', 'city': 'ATLANTA', 'country_code': 'US', 'country_name': 'United States', 'fax_number': '404-351-7248', 'postal_code': '30327', 'state': 'GA', 'telephone_number': '404-351-7159'}]","{'credential': 'DDS', 'enumeration_date': '2006-06-28', 'first_name': 'JOEL', 'last_name': 'ADLER', 'last_updated': '2007-07-08', 'middle_name': 'MARTIN', 'name_prefix': '--', 'name_suffix': '--', 'sex': 'M', 'sole_proprietor': 'NO', 'status': 'A'}",1151473946000,[],NPI-1,"[{'code': '05', 'desc': 'MEDICAID', 'identifier': '00044096A', 'issuer': None, 'state': 'GA'}]",1183947785000,1245267749,[],[],"[{'code': '1223P0106X', 'desc': 'Dentist, Oral and Maxillofacial Pathology', 'license': 'DN006391', 'primary': True, 'state': 'GA', 'taxonomy_group': ''}]","JOEL M. ADLER, DDS",2677 RIDGE VALLEY RD NW,ATLANTA,GA,30327,"Dentist, Oral and Maxillofacial Pathology",JOEL ADLER,404-351-7248,404-351-7159,"JOEL M. ADLER, DDS, 2677 RIDGE VALLEY RD NW, ATLANTA, GA 30327"
"[{'address_1': '3597 REMBRANDT RD NW', 'address_purpose': 'MAILING', 'address_type': 'DOM', 'city': 'ATLANTA', 'country_code': 'US', 'country_name': 'United States', 'fax_number': '770-678-7035', 'postal_code': '303272657', 'state': 'GA', 'telephone_number': '770-678-7034'}, {'address_1': '670 NORTH AVE NW STE 200', 'address_purpose': 'LOCATION', 'address_type': 'DOM', 'city': 'MARIETTA', 'country_code': 'US', 'country_name': 'United States', 'fax_number': '770-678-7035', 'postal_code': '300601100', 'state': 'GA', 'telephone_number': '770-678-7034'}]","{'certification_date': '2026-01-19', 'credential': 'MD', 'enumeration_date': '2008-05-13', 'first_name': 'ROOHI', 'last_name': 'ABUBAKER', 'last_updated': '2026-01-19', 'name_prefix': 'Dr.', 'sex': 'F', 'sole_proprietor': 'YES', 'status': 'A'}",1210725075000,[],NPI-1,[],1768836411000,1306013974,[],"[{'address_1': '720 WESTVIEW DR SW', 'address_purpose': 'LOCATION', 'address_type': 'DOM', 'city': 'ATLANTA', 'country_code': 'US', 'country_name': 'United States', 'postal_code': '303101458', 'state': 'GA', 'telephone_number': '404-752-1500'}]","[{'code': '2084P0800X', 'desc': 'Psychiatry & Neurology, Psychiatry', 'license': '61385', 'primary': True, 'state': 'GA', 'taxonomy_group': ''}]",3597 REMBRANDT RD NW,,ATLANTA,GA,303272657,"Psychiatry & Neurology, Psychiatry",ROOHI ABUBAKER,770-678-7035,770-678-7034,"3597 REMBRANDT RD NW, ATLANTA, GA 303272657"
"[{'address_1': '951 W CONWAY DR NW', 'address_purpose': 'MAILING', 'address_type': 'DOM', 'city': 'ATLANTA', 'country_code': 'US', 'country_name': 'United States', 'fax_number': '404-816-0800', 'postal_code': '303273637', 'state': 'GA', 'telephone_number': '404-590-6455'}, {'address_1': '951 W CONWAY DR NW', 'address_purpose': 'LOCATION', 'address_type': 'DOM', 'city': 'ATLANTA', 'country_code': 'US', 'country_name': 'United States', 'fax_number': '404-816-0800', 'postal_code': '303273637', 'state': 'GA', 'telephone_number': '404-590-6455'}]","{'credential': 'J.D., IBCLC', 'enumeration_date': '2011-06-26', 'first_name': 'LEAH', 'last_name': 'ALDRIDGE', 'last_updated': '2011-06-26', 'middle_name': 'S.', 'name_prefix': 'Mrs.', 'name_suffix': '--', 'sex': 'F', 'sole_proprietor': 'NO', 'status': 'A'}",1309105455000,[],NPI-1,[],1309105455000,1912293101,[],[],"[{'code': '174N00000X', 'desc': 'Lactation Consultant, Non-RN', 'license': '11021907', 'primary': True, 'state': 'GA', 'taxonomy_group': ''}]",951 W CONWAY DR NW,,ATLANTA,GA,303273637,"Lactation Consultant, Non-RN",LEAH ALDRIDGE,404-816-0800,404-590-6455,"951 W CONWAY DR NW, ATLANTA, GA 303273637"
"[{'address_1': '3280 HOWELL MILL RD NW', 'address_2': 'SUITE 240', 'address_purpose': 'MAILING', 'address_type': 'DOM', 'city': 'ATLANTA', 'country_code': 'US', 'country_name': 'United States', 'fax_number': '404-351-1339', 'postal_code': '303274111', 'state': 'GA', 'telephone_number': '404-351-5335'}, {'address_1': '3280 HOWELL MILL RD NW', 'address_2': 'SUITE 240', 'address_purpose': 'LOCATION', 'address_type': 'DOM', 'city': 'ATLANTA', 'country_code': 'US', 'country_name': 'United States', 'fax_number': '404-351-1339', 'postal_code': '303274111', 'state': 'GA', 'telephone_number': '404-351-5335'}]","{'credential': 'D.M.D., M.D.', 'enumeration_date': '2009-02-14', 'first_name': 'ANDREW', 'last_name': 'AIKEN', 'last_updated': '2009-08-19', 'middle_name': 'CURTIS', 'name_prefix': 'Dr.', 'name_suffix': '--', 'sex': 'M', 'sole_proprietor': 'NO', 'status': 'A'}",1234622829000,[],NPI-1,[],1250688411000,1144469164,"[{'code': '1', 'credential': 'D.M.D., M.D.', 'first_name': 'ANDREW', 'last_name': 'AIKEN', 'middle_name': 'CURTIS', 'prefix': 'Dr.', 'suffix': '--', 'type': 'Former Name'}]",[],"[{'code': '1223S0112X', 'desc': 'Dentist, Oral and Maxillofacial Surgery', 'license': 'DN013674', 'primary': True, 'state': 'GA', 'taxonomy_group': ''}]",3280 HOWELL MILL RD NW,SUITE 240,ATLANTA,GA,303274111,"Dentist, Oral and Maxillofacial Surgery",ANDREW AIKEN,404-351-1339,404-351-5335,"3280 HOWELL MILL RD NW, SUITE 240, ATLANTA, GA 303274111"
"[{'address_1': '6160 PEACHTREE DUNWOODY RD NE', 'address_2': 'SUITE B90', 'address_purpose': 'MAILING', 'address_type': 'DOM', 'city': 'ATLANTA', 'country_code': 'US', 'country_name': 'United States', 'fax_number': '770-673-8368', 'postal_code': '30328', 'state': 'GA', 'telephone_number': '770-673-0093'}, {'address_1': '6160 PEACHTREE DUNWOODY RD NE', 'address_2': 'SUITE B90', 'address_purpose': 'LOCATION', 'address_type': 'DOM', 'city': 'ATLANTA', 'country_code': 'US', 'country_name': 'United States', 'fax_number': '770-673-8368', 'postal_code': '30328', 'state': 'GA', 'telephone_number': '770-673-0093'}]","{'credential': 'PT', 'enumeration_date': '2007-10-12', 'first_name': 'KATHERINE', 'last_name': 'ALEXANDER', 'last_updated': '2008-03-12', 'name_prefix': 'Ms.', 'name_suffix': '--', 'sex': 'F', 'sole_proprietor': 'NO', 'status': 'A'}",1192220830000,[],NPI-1,[],1205347977000,1740478882,[],[],"[{'code': '225100000X', 'desc': 'Physical Therapist', 'license': 'PT009167', 'primary': True, 'state': 'GA', 'taxonomy_group': ''}]",6160 PEACHTREE DUNWOODY RD NE,SUITE B90,ATLANTA,GA,30328,Physical Therapist,KATHERINE ALEXANDER,770-673-8368,770-673-0093,"6160 PEACHTREE DUNWOODY RD NE, SUITE B90, ATLANTA, GA 30328"
"[{'address_1': '6645 PEACHTREE DUNWOODY RD', 'address_purpose': 'LOCATION', 'address_type': 'DOM', 'city': 'ATLANTA', 'country_code': 'US', 'country_name': 'United States', 'fax_number': '770-455-7118', 'postal_code': '303281606', 'state': 'GA', 'telephone_number': '770-455-7111'}, {'address_1': '6645 PEACHTREE DUNWOODY RD', 'address_purpose': 'MAILING', 'address_type': 'DOM', 'city': 'ATLANTA', 'country_code': 'US', 'country_name': 'United States', 'fax_number': '770-455-7118', 'postal_code': '303281606', 'state': 'GA', 'telephone_number': '770-455-7111'}]","{'certification_date': '2024-11-14', 'enumeration_date': '2023-09-05', 'first_name': 'ESHIKA', 'last_name': 'ALAGALA', 'last_updated': '2024-11-14', 'sex': 'F', 'sole_proprietor': 'NO', 'status': 'A'}",1693943592000,[],NPI-1,[],1731625709000,1902682065,[],[],"[{'code': '101YS0200X', 'desc': 'Counselor, School', 'license': None, 'primary': False, 'state': 'GA', 'taxonomy_group': ''}, {'code': '101YP2500X', 'desc': 'Counselor, Professional', 'license': 'APC010009', 'primary': True, 'state': 'GA', 'taxonomy_group': ''}]",6645 PEACHTREE DUNWOODY RD,,ATLANTA,GA,303281606,"Counselor, Professional",ESHIKA ALAGALA,770-455-7118,770-455-7111,"6645 PEACHTREE DUNWOODY RD, ATLANTA, GA 303281606"
"[{'address_1': '20 GLENLAKE PKWY', 'address_purpose': 'MAILING', 'address_type': 'DOM', 'city': 'ATLANTA', 'country_code': 'US', 'country_name': 'United States', 'fax_number': '770-677-7331', 'postal_code': '303283473', 'state': 'GA', 'telephone_number': '770-677-6075'}, {'address_1': '20 GLENLAKE PKWY', 'address_purpose': 'LOCATION', 'address_type': 'DOM', 'city': 'ATLANTA', 'country_code': 'US', 'country_name': 'United States', 'fax_number': '770-677-7331', 'postal_code': '303283473', 'state': 'GA', 'telephone_number': '770-677-6075'}]","{'certification_date': '2023-03-14', 'credential': 'NP', 'enumeration_date': '2006-03-14', 'first_name': 'NIMOTA', 'last_name': 'ADEBOYE', 'last_updated': '2023-04-07', 'middle_name': 'A', 'name_prefix': 'Mrs.', 'sex': 'F', 'sole_proprietor': 'NO', 'status': 'A'}",1142383473000,[],NPI-1,"[{'code': '05', 'desc': 'MEDICAID', 'identifier': '000842982B', 'issuer': None, 'state': 'GA'}]",1680892720000,1235108176,[],[],"[{'code': '363LW0102X', 'desc': ""Nurse Practitioner, Women's Health"", 'license': 'RN101321', 'primary': True, 'state': 'GA', 'taxonomy_group': ''}]",20 GLENLAKE PKWY,,ATLANTA,GA,303283473,"Nurse Practitioner, Women's Health",NIMOTA ADEBOYE,770-677-7331,770-677-6075,"20 GLENLAKE PKWY, ATLANTA, GA 303283473"
"[{'address_1': '20 GLENLAKE PKWY', 'address_2': 'DEPARTMENT OF ENT OTOLARYNGOLOGY', 'address_purpose': 'LOCATION', 'address_type': 'DOM', 'city': 'ATLANTA', 'country_code': 'US', 'country_name': 'United States', 'fax_number': '770-677-7332', 'postal_code': '303283473', 'state': 'GA', 'telephone_number': '770-677-6137'}, {'address_1': '3495 PIEDMONT RD NE', 'address_2': 'NINE PIEDMONT CENTER', 'address_purpose': 'MAILING', 'address_type': 'DOM', 'city': 'ATLANTA', 'country_code': 'US', 'country_name': 'United States', 'postal_code': '303051717', 'state': 'GA', 'telephone_number': '404-364-7000'}]","{'credential': 'MD', 'enumeration_date': '2006-09-07', 'first_name': 'KENNETH', 'last_name': 'ADEN', 'last_updated': '2022-01-06', 'middle_name': 'K', 'name_prefix': '--', 'name_suffix': '--', 'sex': 'M', 'sole_proprietor': 'NO', 'status': 'A'}",1157658493000,"[{'address_1': '20 Glenlake Pkwy', 'address_type': 'DOM', 'affiliation': 'Y', 'affiliationName': 'Permanente Medical Group', 'city': 'Atlanta', 'contentOtherDescription': 'C-CDA', 'contentType': 'OTHER', 'contentTypeDescription': 'Other', 'country_code': 'US', 'country_name': 'United States', 'endpoint': 'https://careepiceast.kp.org:14430/Interconnect-prodgam/wcf/epic.community.hie/xcpdrespondinggatewaysync.svc/ceq', 'endpointDescription': 'Carequality', 'endpointType': 'SOAP', 'endpointTypeDescription': 'SOAP URL', 'postal_code': '303283473', 'state': 'GA', 'use': 'HIE', 'useDescription': 'Health Information Exchange (HIE)'}]",NPI-1,[],1641496689000,1447353818,[],[],"[{'code': '207Y00000X', 'desc': 'Otolaryngology', 'license': '035549', 'primary': True, 'state': 'GA', 'taxonomy_group': ''}]",20 GLENLAKE PKWY,DEPARTMENT OF ENT OTOLARYNGOLOGY,ATLANTA,GA,303283473,Otolaryngology,KENNETH ADEN,770-677-7332,770-677-6137,"20 GLENLAKE PKWY, DEPARTMENT OF ENT OTOLARYNGOLOGY, ATLANTA, GA 303283473"
"[{'address_1': '20 GLENLAKE PKWY', 'address_2': 'DEPARTMENT OF GENERAL SURGERY', 'address_purpose': 'LOCATION', 'address_type': 'DOM', 'city': 'ATLANTA', 'country_code': 'US', 'country_name': 'United States', 'fax_number': '770-677-7340', 'postal_code': '303283473', 'state': 'GA', 'telephone_number': '770-677-6227'}, {'address_1': '3495 PIEDMONT RD NE', 'address_2': 'NINE PIEDMONT CENTER', 'address_purpose': 'MAILING', 'address_type': 'DOM', 'city': 'ATLANTA', 'country_code': 'US', 'country_name': 'United States', 'postal_code': '303051717', 'state': 'GA', 'telephone_number': '404-364-7000'}]","{'credential': 'MD', 'enumeration_date': '2006-08-30', 'first_name': 'SHELLY', 'last_name': 'AHMANN', 'last_updated': '2022-01-10', 'middle_name': 'J', 'name_prefix': '--', 'name_suffix': '--', 'sex': 'F', 'sole_proprietor': 'NO', 'status': 'A'}",1156950371000,"[{'address_1': '20 Glenlake Pkwy', 'address_type': 'DOM', 'affiliation': 'Y', 'affiliationName': 'Permanente Medical Group', 'city': 'Atlanta', 'contentOtherDescription': 'C-CDA', 'contentType': 'OTHER', 'contentTypeDescription': 'Other', 'country_code': 'US', 'country_name': 'United States', 'endpoint': 'https://careepiceast.kp.org:14430/Interconnect-prodgam/wcf/epic.community.hie/xcpdrespondinggatewaysync.svc/ceq', 'endpointDescription': 'Carequality', 'endpointType': 'SOAP', 'endpointTypeDescription': 'SOAP URL', 'postal_code': '303283473', 'state': 'GA', 'use': 'HIE', 'useDescription': 'Health Information Exchange (HIE)'}]",NPI-1,[],1641848572000,1104935048,[],[],"[{'code': '208600000X', 'desc': 'Surgery', 'license': '046723', 'primary': True, 'state': 'GA', 'taxonomy_group': ''}]",20 GLENLAKE PKWY,DEPARTMENT OF GENERAL SURGERY,ATLANTA,GA,303283473,Surgery,SHELLY AHMANN,770-677-7340,770-677-6227,"20 GLENLAKE PKWY, DEPARTMENT OF GENERAL SURGERY, ATLANTA, GA 303283473"
"[{'address_1': '290 HILDERBRAND DR NE', 'address_2': 'SUITE A-9', 'address_purpose': 'MAILING', 'address_type': 'DOM', 'city': 'ATLANTA', 'country_code': 'US', 'country_name': 'United States', 'fax_number': '404-467-4805', 'postal_code': '303283906', 'state': 'GA', 'telephone_number': '404-255-2273'}, {'address_1': '290 HILDERBRAND DR NE', 'address_2': 'SUITE A-9', 'address_purpose': 'LOCATION', 'address_type': 'DOM', 'city': 'ATLANTA', 'country_code': 'US', 'country_name': 'United States', 'fax_number': '404-467-4805', 'postal_code': '303283906', 'state': 'GA', 'telephone_number': '404-255-2273'}]","{'credential': 'D.M.D.', 'enumeration_date': '2006-08-02', 'first_name': 'ROGER', 'last_name': 'ABBOTT', 'last_updated': '2007-07-08', 'middle_name': 'W.', 'name_prefix': '--', 'name_suffix': '--', 'sex': 'M', 'sole_proprietor': 'YES', 'status': 'A'}",1154565434000,[],NPI-1,[],1183947785000,1174530869,[],[],"[{'code': '1223G0001X', 'desc': 'Dentist, General Practice', 'license': 'DN010867', 'primary': True, 'state': 'GA', 'taxonomy_group': ''}]",290 HILDERBRAND DR NE,SUITE A-9,ATLANTA,GA,303283906,"Dentist, General Practice",ROGER ABBOTT,404-467-4805,404-255-2273,"290 HILDERBRAND DR NE, SUITE A-9, ATLANTA, GA 303283906"
"[{'address_1': '6065 ROSWELL RD STE 424', 'address_purpose': 'MAILING', 'address_type': 'DOM', 'city': 'ATLANTA', 'country_code': 'US', 'country_name': 'United States', 'fax_number': '404-393-0860', 'postal_code': '303284014', 'state': 'GA', 'telephone_number': '678-349-7553'}, {'address_1': '6065 ROSWELL RD STE 424', 'address_purpose': 'LOCATION', 'address_type': 'DOM', 'city': 'ATLANTA', 'country_code': 'US', 'country_name': 'United States', 'fax_number': '404-393-0860', 'postal_code': '303284014', 'state': 'GA', 'telephone_number': '678-349-7553'}]","{'certification_date': '2023-04-21', 'credential': 'LDO', 'enumeration_date': '2023-08-07', 'first_name': 'MICHAEL', 'last_name': 'ACKER', 'last_updated': '2023-08-07', 'middle_name': 'D', 'name_prefix': '--', 'name_suffix': 'II', 'sex': 'M', 'sole_proprietor': 'YES', 'status': 'A'}",1691406025000,[],NPI-1,[],1691406025000,1306528641,[],[],"[{'code': '156FX1800X', 'desc': 'Technician/Technologist, Optician', 'license': 'LDO002469', 'primary': True, 'state': 'GA', 'taxonomy_group': ''}]",6065 ROSWELL RD STE 424,,ATLANTA,GA,303284014,"Technician/Technologist, Optician",MICHAEL ACKER,404-393-0860,678-349-7553,"6065 ROSWELL RD STE 424, ATLANTA, GA 303284014"
"[{'address_1': '2100 RIVEREDGE PKWY', 'address_purpose': 'LOCATION', 'address_type': 'DOM', 'city': 'ATLANTA', 'country_code': 'US', 'country_name': 'United States', 'fax_number': '844-637-5693', 'postal_code': '303284693', 'state': 'GA', 'telephone_number': '404-640-1537'}, {'address_1': '2100 RIVEREDGE PKWY STE 400', 'address_purpose': 'MAILING', 'address_type': 'DOM', 'city': 'ATLANTA', 'country_code': 'US', 'country_name': 'United States', 'postal_code': '303284663', 'state': 'GA', 'telephone_number': '404-640-1537'}]","{'certification_date': '2023-02-10', 'credential': 'NP', 'enumeration_date': '2016-04-21', 'first_name': 'SARAH', 'last_name': 'ADAMS-LONG', 'last_updated': '2023-02-10', 'sex': 'F', 'sole_proprietor': 'NO', 'status': 'A'}",1461255483000,[],NPI-1,[],1676054669000,1134573686,[],[],"[{'code': '363L00000X', 'desc': 'Nurse Practitioner', 'license': 'RN203863', 'primary': False, 'state': 'GA', 'taxonomy_group': ''}, {'code': '363LF0000X', 'desc': 'Nurse Practitioner, Family', 'license': 'RN203863', 'primary': True, 'state': 'GA', 'taxonomy_group': ''}]",2100 RIVEREDGE PKWY,,ATLANTA,GA,303284693,"Nurse Practitioner, Family",SARAH ADAMS-LONG,844-637-5693,404-640-1537,"2100 RIVEREDGE PKWY, ATLANTA, GA 303284693"
"[{'address_1': '5901 PEACHTREE DUNWOODY RD NE', 'address_2': 'SUITE B-420', 'address_purpose': 'MAILING', 'address_type': 'DOM', 'city': 'ATLANTA', 'country_code': 'US', 'country_name': 'United States', 'fax_number': '678-990-5763', 'postal_code': '303285382', 'state': 'GA', 'telephone_number': '404-252-9751'}, {'address_1': '5901 PEACHTREE DUNWOODY RD NE', 'address_2': 'SUITE B-420', 'address_purpose': 'LOCATION', 'address_type': 'DOM', 'city': 'ATLANTA', 'country_code': 'US', 'country_name': 'United States', 'fax_number': '678-990-5763', 'postal_code': '303285382', 'state': 'GA', 'telephone_number': '404-252-9751'}]","{'credential': 'M.D.', 'enumeration_date': '2005-07-13', 'first_name': 'RICHARD', 'last_name': 'ABEL', 'last_updated': '2011-04-12', 'name_prefix': 'Dr.', 'name_suffix': '--', 'sex': 'M', 'sole_proprietor': 'NO', 'status': 'A'}",1121260220000,[],NPI-1,"[{'code': '05', 'desc': 'MEDICAID', 'identifier': '000006333E', 'issuer': None, 'state': 'GA'}, {'code': '05', 'desc': 'MEDICAID', 'identifier': '000006333G', 'issuer': None, 'state': 'GA'}, {'code': '05', 'desc': 'MEDICAID', 'identifier': '000006333I', 'issuer': None, 'state': 'GA'}]",1302635920000,1437157492,[],[],"[{'code': '208000000X', 'desc': 'Pediatrics', 'license': '014592', 'primary': True, 'state': 'GA', 'taxonomy_group': ''}]",5901 PEACHTREE DUNWOODY RD NE,SUITE B-420,ATLANTA,GA,303285382,Pediatrics,RICHARD ABEL,678-990-5763,404-252-9751,"5901 PEACHTREE DUNWOODY RD NE, SUITE B-420, ATLANTA, GA 303285382"
"[{'address_1': '6115 PEACHTREE DUNWOODY RD STE 200', 'address_purpose': 'LOCATION', 'address_type': 'DOM', 'city': 'ATLANTA', 'country_code': 'US', 'country_name': 'United States', 'fax_number': '404-891-7164', 'postal_code': '303285684', 'state': 'GA', 'telephone_number': '404-843-3636'}, {'address_1': '6115 PEACHTREE DUNWOODY RD STE 200', 'address_purpose': 'MAILING', 'address_type': 'DOM', 'city': 'SANDY SPRINGS', 'country_code': 'US', 'country_name': 'United States', 'fax_number': '404-891-7164', 'postal_code': '303285684', 'state': 'GA', 'telephone_number': '404-843-3636'}]","{'certification_date': '2024-07-15', 'credential': 'MD', 'enumeration_date': '2005-09-30', 'first_name': 'CAROLINE', 'last_name': 'ABRUZESE', 'last_updated': '2024-07-15', 'middle_name': 'M', 'sex': 'F', 'sole_proprietor': 'YES', 'status': 'A'}",1128093900000,[],NPI-1,[],1721076565000,1255328720,[],[],"[{'code': '207R00000X', 'desc': 'Internal Medicine', 'license': '043518', 'primary': True, 'state': 'GA', 'taxonomy_group': ''}]",6115 PEACHTREE DUNWOODY RD STE 200,,ATLANTA,GA,303285684,Internal Medicine,CAROLINE ABRUZESE,404-891-7164,404-843-3636,"6115 PEACHTREE DUNWOODY RD STE 200, ATLANTA, GA 303285684"
"[{'address_1': '6115 PEACHTREE DUNWOODY RD STE 350', 'address_purpose': 'LOCATION', 'address_type': 'DOM', 'city': 'ATLANTA', 'country_code': 'US', 'country_name': 'United States', 'fax_number': '678-320-3619', 'postal_code': '303285699', 'state': 'GA', 'telephone_number': '678-320-3610'}, {'address_1': '6115 PEACHTREE DUNWOODY RD STE 350', 'address_purpose': 'MAILING', 'address_type': 'DOM', 'city': 'ATLANTA', 'country_code': 'US', 'country_name': 'United States', 'fax_number': '678-320-3619', 'postal_code': '303285699', 'state': 'GA', 'telephone_number': '678-320-3610'}]","{'credential': 'MD', 'enumeration_date': '2016-04-11', 'first_name': 'HAYDEN', 'last_name': 'AARON', 'last_updated': '2019-08-22', 'middle_name': 'KOEHLER', 'sex': 'M', 'sole_proprietor': 'NO', 'status': 'A'}",1460372670000,[],NPI-1,[],1566487182000,1699139246,[],[],"[{'code': '207Q00000X', 'desc': 'Family Medicine', 'license': '080254', 'primary': True, 'state': 'GA', 'taxonomy_group': ''}]",6115 PEACHTREE DUNWOODY RD STE 350,,ATLANTA,GA,303285699,Family Medicine,HAYDEN AARON,678-320-3619,678-320-3610,"6115 PEACHTREE DUNWOODY RD STE 350, ATLANTA, GA 303285699"
"[{'address_1': '5665 NEW NORTHSIDE DR NW', 'address_2': 'SUITE 320', 'address_purpose': 'MAILING', 'address_type': 'DOM', 'city': 'ATLANTA', 'country_code': 'US', 'country_name': 'United States', 'fax_number': '770-874-5469', 'postal_code': '303285831', 'state': 'GA', 'telephone_number': '770-874-5400'}, {'address_1': '3950 AUSTELL RD', 'address_purpose': 'LOCATION', 'address_type': 'DOM', 'city': 'AUSTELL', 'country_code': 'US', 'country_name': 'United States', 'postal_code': '301061121', 'state': 'GA', 'telephone_number': '770-732-4000'}]","{'credential': 'MD', 'enumeration_date': '2006-08-17', 'first_name': 'ORRIN', 'last_name': 'AHOLA', 'last_updated': '2007-07-09', 'name_prefix': 'Dr.', 'name_suffix': '--', 'sex': 'M', 'sole_proprietor': 'NO', 'status': 'A'}",1155806558000,[],NPI-1,"[{'code': '05', 'desc': 'MEDICAID', 'identifier': '00875168A', 'issuer': None, 'state': 'GA'}, {'code': '05', 'desc': 'MEDICAID', 'identifier': '00875168C', 'issuer': None, 'state': 'GA'}, {'code': '05', 'desc': 'MEDICAID', 'identifier': '00875168D', 'issuer': None, 'state': 'GA'}]",1183957886000,1831202357,[],[],"[{'code': '207P00000X', 'desc': 'Emergency Medicine', 'license': '047687', 'primary': True, 'state': 'GA', 'taxonomy_group': ''}]",5665 NEW NORTHSIDE DR NW,SUITE 320,ATLANTA,GA,303285831,Emergency Medicine,ORRIN AHOLA,770-874-5469,770-874-5400,"5665 NEW NORTHSIDE DR NW, SUITE 320, ATLANTA, GA 303285831"
"[{'address_1': '1400 TULLIE CIRCLE SE', 'address_purpose': 'LOCATION', 'address_type': 'DOM', 'city': 'ATLANTA', 'country_code': 'US', 'country_name': 'United States', 'fax_number': '404-553-9789', 'postal_code': '30329', 'state': 'GA', 'telephone_number': '404-785-1161'}, {'address_1': '1400 TULLIE CIRCLE SE', 'address_purpose': 'MAILING', 'address_type': 'DOM', 'city': 'ATLANTA', 'country_code': 'US', 'country_name': 'United States', 'fax_number': '404-553-9789', 'postal_code': '30329', 'state': 'GA', 'telephone_number': '404-785-1161'}]","{'credential': 'CPNP', 'enumeration_date': '2010-02-04', 'first_name': 'SUZANNE', 'last_name': 'ALFORS', 'last_updated': '2022-06-10', 'middle_name': 'MARIE', 'sex': 'F', 'sole_proprietor': 'NO', 'status': 'A'}",1265302261000,"[{'address_1': '1400 Tullie Circle SE', 'address_type': 'DOM', 'affiliation': 'N', 'city': 'Atlanta', 'contentTypeDescription': '', 'country_code': 'US', 'country_name': 'United States', 'endpoint': 'choa@choa.gadirect.net', 'endpointType': 'DIRECT', 'endpointTypeDescription': 'Direct Messaging Address', 'postal_code': '30329', 'state': 'GA', 'useDescription': ''}]",NPI-1,[],1654874789000,1366774119,[],[],"[{'code': '363L00000X', 'desc': 'Nurse Practitioner', 'license': 'RN256415', 'primary': True, 'state': 'GA', 'taxonomy_group': ''}]",1400 TULLIE CIRCLE SE,,ATLANTA,GA,30329,Nurse Practitioner,SUZANNE ALFORS,404-553-9789,404-785-1161,"1400 TULLIE CIRCLE SE, ATLANTA, GA 30329"
"[{'address_1': '57 EXECUTIVE PARK SOUTH NE', 'address_2': 'SUITE 360', 'address_purpose': 'MAILING', 'address_type': 'DOM', 'city': 'ATLANTA', 'country_code': 'US', 'country_name': 'United States', 'fax_number': '866-824-5215', 'postal_code': '303292288', 'state': 'GA', 'telephone_number': '404-636-0054'}, {'address_1': '57 EXECUTIVE PARK SOUTH NE', 'address_2': 'SUITE 360', 'address_purpose': 'LOCATION', 'address_type': 'DOM', 'city': 'ATLANTA', 'country_code': 'US', 'country_name': 'United States', 'fax_number': '866-824-5215', 'postal_code': '303292288', 'state': 'GA', 'telephone_number': '404-636-0054'}]","{'credential': 'M.D.', 'enumeration_date': '2007-05-08', 'first_name': 'BHUSHAN', 'last_name': 'AGHARKAR', 'last_updated': '2007-07-08', 'middle_name': 'S.', 'name_prefix': 'Dr.', 'name_suffix': '--', 'sex': 'M', 'sole_proprietor': 'YES', 'status': 'A'}",1178642018000,[],NPI-1,[],1183947785000,1619180304,[],[],"[{'code': '2084P0800X', 'desc': 'Psychiatry & Neurology, Psychiatry', 'license': '52186', 'primary': True, 'state': 'GA', 'taxonomy_group': ''}]",57 EXECUTIVE PARK SOUTH NE,SUITE 360,ATLANTA,GA,303292288,"Psychiatry & Neurology, Psychiatry",BHUSHAN AGHARKAR,866-824-5215,404-636-0054,"57 EXECUTIVE PARK SOUTH NE, SUITE 360, ATLANTA, GA 303292288"
"[{'address_1': '1400 TULLIE RD NE FL 4', 'address_purpose': 'LOCATION', 'address_type': 'DOM', 'city': 'ATLANTA', 'country_code': 'US', 'country_name': 'United States', 'fax_number': '404-785-4750', 'postal_code': '303292309', 'state': 'GA', 'telephone_number': '404-785-5437'}, {'address_1': '1400 TULLIE RD NE', 'address_purpose': 'MAILING', 'address_type': 'DOM', 'city': 'ATLANTA', 'country_code': 'US', 'country_name': 'United States', 'postal_code': '303292309', 'state': 'GA'}]","{'certification_date': '2022-06-28', 'enumeration_date': '2017-03-24', 'first_name': 'LAUREN', 'last_name': 'ALBOR', 'last_updated': '2022-06-28', 'sex': 'F', 'sole_proprietor': 'NO', 'status': 'A'}",1490364086000,[],NPI-1,[],1656417457000,1386175024,[],[],"[{'code': '390200000X', 'desc': 'Student in an Organized Health Care Education/Training Program', 'license': None, 'primary': False, 'state': None, 'taxonomy_group': ''}, {'code': '2084N0402X', 'desc': 'Psychiatry & Neurology, Neurology with Special Qualifications in Child Neurology', 'license': '91154', 'primary': True, 'state': 'GA', 'taxonomy_group': ''}]",1400 TULLIE RD NE FL 4,,ATLANTA,GA,303292309,"Psychiatry & Neurology, Neurology with Special Qualifications in Child Neurology",LAUREN ALBOR,404-785-4750,404-785-5437,"1400 TULLIE RD NE FL 4, ATLANTA, GA 303292309"
"[{'address_1': '1400 TULLIE RD NE FL 4', 'address_purpose': 'LOCATION', 'address_type': 'DOM', 'city': 'ATLANTA', 'country_code': 'US', 'country_name': 'United States', 'fax_number': '404-785-0978', 'postal_code': '303292309', 'state': 'GA', 'telephone_number': '404-785-2849'}, {'address_1': '1400 TULLIE RD NE FL 4', 'address_purpose': 'MAILING', 'address_type': 'DOM', 'city': 'ATLANTA', 'country_code': 'US', 'country_name': 'United States', 'fax_number': '404-785-0978', 'postal_code': '303292309', 'state': 'GA', 'telephone_number': '404-785-2849'}]","{'credential': 'PhD', 'enumeration_date': '2013-05-06', 'first_name': 'NNEKA', 'last_name': 'ALEXANDER', 'last_updated': '2022-06-06', 'middle_name': 'MORRIS', 'sex': 'F', 'sole_proprietor': 'NO', 'status': 'A'}",1367854161000,"[{'address_1': '1400 Tullie Rd NE Fl 4', 'address_type': 'DOM', 'affiliation': 'N', 'city': 'Atlanta', 'contentTypeDescription': '', 'country_code': 'US', 'country_name': 'United States', 'endpoint': 'choa@choa.gadirect.net', 'endpointType': 'DIRECT', 'endpointTypeDescription': 'Direct Messaging Address', 'postal_code': '303292309', 'state': 'GA', 'useDescription': ''}]",NPI-1,[],1654550894000,1508201484,[],[],"[{'code': '103T00000X', 'desc': 'Psychologist', 'license': 'PSY004021', 'primary': True, 'state': 'GA', 'taxonomy_group': ''}]",1400 TULLIE RD NE FL 4,,ATLANTA,GA,303292309,Psychologist,NNEKA ALEXANDER,404-785-0978,404-785-2849,"1400 TULLIE RD NE FL 4, ATLANTA, GA 303292309"
"[{'address_1': '2250 N DRUID HILLS RD NE STE 280', 'address_purpose': 'MAILING', 'address_type': 'DOM', 'city': 'ATLANTA', 'country_code': 'US', 'country_name': 'United States', 'fax_number': '470-604-9792', 'postal_code': '303293141', 'state': 'GA', 'telephone_number': '404-282-8846'}, {'address_1': '2250 N DRUID HILLS RD NE STE 280', 'address_purpose': 'LOCATION', 'address_type': 'DOM', 'city': 'ATLANTA', 'country_code': 'US', 'country_name': 'United States', 'fax_number': '470-604-9792', 'postal_code': '303293141', 'state': 'GA', 'telephone_number': '404-282-8846'}]","{'certification_date': '2026-05-20', 'credential': 'RBT', 'enumeration_date': '2026-05-20', 'first_name': 'MEYANNA', 'last_name': 'AL-AMIN', 'last_updated': '2026-05-20', 'sex': 'F', 'sole_proprietor': 'NO', 'status': 'A'}",1779281407000,[],NPI-1,[],1779281407000,1770413072,[],[],"[{'code': '106S00000X', 'desc': 'Behavior Technician', 'license': 'RBT-25-450374', 'primary': True, 'state': 'GA', 'taxonomy_group': ''}]",2250 N DRUID HILLS RD NE STE 280,,ATLANTA,GA,303293141,Behavior Technician,MEYANNA AL-AMIN,470-604-9792,404-282-8846,"2250 N DRUID HILLS RD NE STE 280, ATLANTA, GA 303293141"
"[{'address_1': '1384 CHRISTMAS LN NE', 'address_purpose': 'LOCATION', 'address_type': 'DOM', 'city': 'ATLANTA', 'country_code': 'US', 'country_name': 'United States', 'fax_number': '800-655-3780', 'postal_code': '303293549', 'state': 'GA', 'telephone_number': '732-718-4761'}, {'address_1': '1384 CHRISTMAS LN NE', 'address_purpose': 'MAILING', 'address_type': 'DOM', 'city': 'ATLANTA', 'country_code': 'US', 'country_name': 'United States', 'postal_code': '303293549', 'state': 'GA', 'telephone_number': '732-718-4761'}]","{'certification_date': '2023-05-05', 'credential': 'PT, DPT', 'enumeration_date': '2009-06-24', 'first_name': 'KERITH', 'last_name': 'ADLER', 'last_updated': '2023-05-05', 'name_prefix': 'Dr.', 'sex': 'F', 'sole_proprietor': 'NO', 'status': 'A'}",1245874865000,[],NPI-1,[],1683300833000,1649408022,[],[],"[{'code': '225100000X', 'desc': 'Physical Therapist', 'license': 'QA00851900', 'primary': True, 'state': 'NJ', 'taxonomy_group': ''}]",1384 CHRISTMAS LN NE,,ATLANTA,GA,303293549,Physical Therapist,KERITH ADLER,800-655-3780,732-718-4761,"1384 CHRISTMAS LN NE, ATLANTA, GA 303293549"
"[{'address_1': '1600 CLIFTON RD NE', 'address_2': 'MS C-25', 'address_purpose': 'LOCATION', 'address_type': 'DOM', 'city': 'ATLANTA', 'country_code': 'US', 'country_name': 'United States', 'fax_number': '404-679-5072', 'postal_code': '303294018', 'state': 'GA', 'telephone_number': '404-639-1951'}, {'address_1': '1600 CLIFTON RD NE', 'address_2': 'MS C-25', 'address_purpose': 'MAILING', 'address_type': 'DOM', 'city': 'ATLANTA', 'country_code': 'US', 'country_name': 'United States', 'fax_number': '404-679-5072', 'postal_code': '303294018', 'state': 'GA', 'telephone_number': '404-639-1951'}]","{'credential': 'M.D.', 'enumeration_date': '2008-06-02', 'first_name': 'ANNA', 'last_name': 'ACOSTA', 'last_updated': '2022-01-07', 'name_prefix': '--', 'name_suffix': '--', 'sex': 'F', 'sole_proprietor': 'NO', 'status': 'A'}",1212410933000,"[{'address_1': '3650 Steve Reynolds Blvd', 'address_type': 'DOM', 'affiliation': 'Y', 'affiliationName': 'Permanente Medical Group', 'city': 'Duluth', 'contentOtherDescription': 'C-CDA', 'contentType': 'OTHER', 'contentTypeDescription': 'Other', 'country_code': 'US', 'country_name': 'United States', 'endpoint': 'https://careepiceast.kp.org:14430/Interconnect-prodgam/wcf/epic.community.hie/xcpdrespondinggatewaysync.svc/ceq', 'endpointDescription': 'Carequality', 'endpointType': 'SOAP', 'endpointTypeDescription': 'SOAP URL', 'postal_code': '300964506', 'state': 'GA', 'use': 'HIE', 'useDescription': 'Health Information Exchange (HIE)'}]",NPI-1,[],1641575567000,1063670446,[],[],"[{'code': '207R00000X', 'desc': 'Internal Medicine', 'license': '066744', 'primary': True, 'state': 'GA', 'taxonomy_group': ''}]",1600 CLIFTON RD NE,MS C-25,ATLANTA,GA,303294018,Internal Medicine,ANNA ACOSTA,404-679-5072,404-639-1951,"1600 CLIFTON RD NE, MS C-25, ATLANTA, GA 303294018"
"[{'address_1': '920 DANNON VIEW SUITE 3202', 'address_purpose': 'MAILING', 'address_type': 'DOM', 'city': 'ATLANTA', 'country_code': 'US', 'country_name': 'United States', 'fax_number': '404-346-3473', 'postal_code': '30331', 'state': 'GA', 'telephone_number': '404-346-3471'}, {'address_1': '920 DANNON VW SW STE 3202', 'address_purpose': 'LOCATION', 'address_type': 'DOM', 'city': 'ATLANTA', 'country_code': 'US', 'country_name': 'United States', 'fax_number': '404-346-3473', 'postal_code': '303312161', 'state': 'GA', 'telephone_number': '404-346-3471'}]","{'credential': 'LPC', 'enumeration_date': '2009-04-13', 'first_name': 'OLISA', 'last_name': 'AJINAKU', 'last_updated': '2009-04-13', 'middle_name': 'YAA', 'name_prefix': 'Ms.', 'name_suffix': '--', 'sex': 'F', 'sole_proprietor': 'YES', 'status': 'A'}",1239645034000,[],NPI-1,[],1239645034000,1437392081,[],[],"[{'code': '101YP2500X', 'desc': 'Counselor, Professional', 'license': 'lpc003694', 'primary': True, 'state': 'GA', 'taxonomy_group': ''}]",920 DANNON VIEW SUITE 3202,,ATLANTA,GA,30331,"Counselor, Professional",OLISA AJINAKU,404-346-3473,404-346-3471,"920 DANNON VIEW SUITE 3202, ATLANTA, GA 30331"
"[{'address_1': '3595 REVERE RD SW', 'address_purpose': 'MAILING', 'address_type': 'DOM', 'city': 'ATLANTA', 'country_code': 'US', 'country_name': 'United States', 'fax_number': '404-344-9920', 'postal_code': '303312340', 'state': 'GA', 'telephone_number': '404-344-5946'}, {'address_1': '3595 REVERE RD SW', 'address_purpose': 'LOCATION', 'address_type': 'DOM', 'city': 'ATLANTA', 'country_code': 'US', 'country_name': 'United States', 'fax_number': '404-344-9920', 'postal_code': '303312340', 'state': 'GA', 'telephone_number': '404-344-5946'}]","{'credential': 'Ph.D., LPC, NCC', 'enumeration_date': '2006-09-26', 'first_name': 'LACEY', 'last_name': 'ALFORD', 'last_updated': '2025-09-11', 'middle_name': 'SPEIGHT', 'name_prefix': 'Dr.', 'name_suffix': '--', 'sex': 'F', 'sole_proprietor': 'NO', 'status': 'A'}",1159319430000,[],NPI-1,"[{'code': '01', 'desc': 'Other (non-Medicare)', 'identifier': 'YXK3E18V', 'issuer': 'Blue Cross & Blue Shield', 'state': 'GA'}]",1757623214000,1548361751,[],[],"[{'code': '101YS0200X', 'desc': 'Counselor, School', 'license': None, 'primary': True, 'state': 'GA', 'taxonomy_group': ''}, {'code': '101YP2500X', 'desc': 'Counselor, Professional', 'license': 'LPC000245', 'primary': False, 'state': 'GA', 'taxonomy_group': ''}]",3595 REVERE RD SW,,ATLANTA,GA,303312340,"Counselor, School",LACEY ALFORD,404-344-9920,404-344-5946,"3595 REVERE RD SW, ATLANTA, GA 303312340"
"[{'address_1': '2740 GREENBRIAR PKWY SW STE A3', 'address_purpose': 'MAILING', 'address_type': 'DOM', 'city': 'ATLANTA', 'country_code': 'US', 'country_name': 'United States', 'fax_number': '404-629-9440', 'postal_code': '303312614', 'state': 'GA', 'telephone_number': '404-629-9999'}, {'address_1': '2740 GREENBRIAR PKWY SW STE A3', 'address_purpose': 'LOCATION', 'address_type': 'DOM', 'city': 'ATLANTA', 'country_code': 'US', 'country_name': 'United States', 'fax_number': '404-629-9440', 'postal_code': '303312614', 'state': 'GA', 'telephone_number': '404-629-9999'}]","{'credential': 'D.C.', 'enumeration_date': '2011-03-10', 'first_name': 'DAWN', 'last_name': 'ABDUS-SAMAD', 'last_updated': '2011-03-10', 'middle_name': 'CHRISTINA', 'name_prefix': 'Dr.', 'name_suffix': '--', 'sex': 'F', 'sole_proprietor': 'NO', 'status': 'A'}",1299788498000,[],NPI-1,[],1299788498000,1033417365,[],[],"[{'code': '111N00000X', 'desc': 'Chiropractor', 'license': 'CHIR008759', 'primary': True, 'state': 'GA', 'taxonomy_group': ''}]",2740 GREENBRIAR PKWY SW STE A3,,ATLANTA,GA,303312614,Chiropractor,DAWN ABDUS-SAMAD,404-629-9440,404-629-9999,"2740 GREENBRIAR PKWY SW STE A3, ATLANTA, GA 303312614"
"[{'address_1': '3890 REDWINE RD SW STE 114', 'address_purpose': 'LOCATION', 'address_type': 'DOM', 'city': 'ATLANTA', 'country_code': 'US', 'country_name': 'United States', 'fax_number': '404-344-7881', 'postal_code': '303315583', 'state': 'GA', 'telephone_number': '404-344-7880'}, {'address_1': '3890 REDWINE RD SW STE 114', 'address_purpose': 'MAILING', 'address_type': 'DOM', 'city': 'ATLANTA', 'country_code': 'US', 'country_name': 'United States', 'fax_number': '404-344-7881', 'postal_code': '303315583', 'state': 'GA', 'telephone_number': '404-344-7880'}]","{'certification_date': '2025-03-14', 'credential': 'PT', 'enumeration_date': '2025-03-14', 'first_name': 'JOSHUA', 'last_name': 'AJIERO', 'last_updated': '2025-03-14', 'sex': 'M', 'sole_proprietor': 'YES', 'status': 'A'}",1741956003000,[],NPI-1,[],1741956003000,1841090438,[],[],"[{'code': '208100000X', 'desc': 'Physical Medicine & Rehabilitation', 'license': 'PT017578', 'primary': True, 'state': 'GA', 'taxonomy_group': ''}]",3890 REDWINE RD SW STE 114,,ATLANTA,GA,303315583,Physical Medicine & Rehabilitation,JOSHUA AJIERO,404-344-7881,404-344-7880,"3890 REDWINE RD SW STE 114, ATLANTA, GA 303315583"
"[{'address_1': '1870D INDEPENDENCE SQ STE D', 'address_purpose': 'MAILING', 'address_type': 'DOM', 'city': 'ATLANTA', 'country_code': 'US', 'country_name': 'United States', 'fax_number': '770-396-5541', 'postal_code': '303385150', 'state': 'GA', 'telephone_number': '770-396-6190'}, {'address_1': '1870 INDEPENDENCE SQ STE D', 'address_purpose': 'LOCATION', 'address_type': 'DOM', 'city': 'ATLANTA', 'country_code': 'US', 'country_name': 'United States', 'fax_number': '770-904-6479', 'postal_code': '303385155', 'state': 'GA', 'telephone_number': '770-904-6477'}]","{'credential': 'M.D.', 'enumeration_date': '2007-03-27', 'first_name': 'ARMANDO', 'last_name': 'ALAM-GONZALEZ', 'last_updated': '2015-11-12', 'name_prefix': 'Dr.', 'name_suffix': '--', 'sex': 'M', 'sole_proprietor': 'NO', 'status': 'A'}",1175022203000,[],NPI-1,[],1447356786000,1982722864,[],[],"[{'code': '207L00000X', 'desc': 'Anesthesiology', 'license': '25408', 'primary': True, 'state': 'GA', 'taxonomy_group': ''}]",1870D INDEPENDENCE SQ STE D,,ATLANTA,GA,303385150,Anesthesiology,ARMANDO ALAM-GONZALEZ,770-396-5541,770-396-6190,"1870D INDEPENDENCE SQ STE D, ATLANTA, GA 303385150"
"[{'address_1': '4646 N SHALLOWFORD RD', 'address_purpose': 'MAILING', 'address_type': 'DOM', 'city': 'ATLANTA', 'country_code': 'US', 'country_name': 'United States', 'fax_number': '770-392-9805', 'postal_code': '303386308', 'state': 'GA', 'telephone_number': '770-676-6000'}, {'address_1': '4646 N SHALLOWFORD RD', 'address_purpose': 'LOCATION', 'address_type': 'DOM', 'city': 'ATLANTA', 'country_code': 'US', 'country_name': 'United States', 'fax_number': '770-392-9805', 'postal_code': '303386308', 'state': 'GA', 'telephone_number': '770-676-6000'}]","{'credential': 'ND, PhD', 'enumeration_date': '2014-02-27', 'first_name': 'GEZ', 'last_name': 'AGOLLI', 'last_updated': '2014-03-17', 'name_prefix': '--', 'name_suffix': '--', 'sex': 'M', 'sole_proprietor': 'NO', 'status': 'A'}",1393521817000,[],NPI-1,[],1395060628000,1497170492,[],[],"[{'code': '175F00000X', 'desc': 'Naturopath', 'license': None, 'primary': True, 'state': None, 'taxonomy_group': ''}]",4646 N SHALLOWFORD RD,,ATLANTA,GA,303386308,Naturopath,GEZ AGOLLI,770-392-9805,770-676-6000,"4646 N SHALLOWFORD RD, ATLANTA, GA 303386308"
"[{'address_1': '4500 N SHALLOWFORD RD', 'address_purpose': 'MAILING', 'address_type': 'DOM', 'city': 'ATLANTA', 'country_code': 'US', 'country_name': 'United States', 'fax_number': '404-778-6901', 'postal_code': '303386476', 'state': 'GA', 'telephone_number': '404-778-6920'}, {'address_1': '4500 N SHALLOWFORD RD', 'address_purpose': 'LOCATION', 'address_type': 'DOM', 'city': 'ATLANTA', 'country_code': 'US', 'country_name': 'United States', 'fax_number': '404-778-6901', 'postal_code': '303386476', 'state': 'GA', 'telephone_number': '404-778-6920'}]","{'credential': 'M.D.', 'enumeration_date': '2006-09-14', 'first_name': 'SUSANA', 'last_name': 'ALFONSO', 'last_updated': '2015-10-08', 'middle_name': 'A', 'name_prefix': '--', 'name_suffix': '--', 'sex': 'F', 'sole_proprietor': 'NO', 'status': 'A'}",1158232562000,[],NPI-1,[],1444317372000,1487759312,[],[],"[{'code': '207Q00000X', 'desc': 'Family Medicine', 'license': '46026', 'primary': True, 'state': 'GA', 'taxonomy_group': ''}]",4500 N SHALLOWFORD RD,,ATLANTA,GA,303386476,Family Medicine,SUSANA ALFONSO,404-778-6901,404-778-6920,"4500 N SHALLOWFORD RD, ATLANTA, GA 303386476"
"[{'address_1': '2150 PEACHFORD RD STE A', 'address_purpose': 'LOCATION', 'address_type': 'DOM', 'city': 'ATLANTA', 'country_code': 'US', 'country_name': 'United States', 'fax_number': '770-674-0554', 'postal_code': '303386521', 'state': 'GA', 'telephone_number': '770-674-0553'}, {'address_1': '2150 PEACHFORD RD STE A', 'address_purpose': 'MAILING', 'address_type': 'DOM', 'city': 'ATLANTA', 'country_code': 'US', 'country_name': 'United States', 'fax_number': '770-674-0554', 'postal_code': '303386521', 'state': 'GA', 'telephone_number': '770-674-0553'}]","{'certification_date': '2023-08-23', 'credential': 'M.D', 'enumeration_date': '2008-06-26', 'first_name': 'OLUJIMI', 'last_name': 'ADEFISAN', 'last_updated': '2023-08-23', 'middle_name': 'AYODELE', 'sex': 'M', 'sole_proprietor': 'NO', 'status': 'A'}",1214491628000,[],NPI-1,"[{'code': '05', 'desc': 'MEDICAID', 'identifier': '003121311A', 'issuer': None, 'state': 'GA'}, {'code': '05', 'desc': 'MEDICAID', 'identifier': '003121311H', 'issuer': None, 'state': 'GA'}]",1692795874000,1790947216,[],[],"[{'code': '2084P0804X', 'desc': 'Psychiatry & Neurology, Child & Adolescent Psychiatry', 'license': 'MT 185915', 'primary': False, 'state': 'PA', 'taxonomy_group': ''}, {'code': '2084P0804X', 'desc': 'Psychiatry & Neurology, Child & Adolescent Psychiatry', 'license': '063623', 'primary': True, 'state': 'GA', 'taxonomy_group': ''}]",2150 PEACHFORD RD STE A,,ATLANTA,GA,303386521,"Psychiatry & Neurology, Child & Adolescent Psychiatry",OLUJIMI ADEFISAN,770-674-0554,770-674-0553,"2150 PEACHFORD RD STE A, ATLANTA, GA 303386521"
"[{'address_1': '2300 WINDY RIDGE PRKWY', 'address_2': 'SUITE 220 SOUTH', 'address_purpose': 'MAILING', 'address_type': 'DOM', 'city': 'ATLANTA', 'country_code': 'US', 'country_name': 'United States', 'fax_number': '770-953-8877', 'postal_code': '30339', 'state': 'GA', 'telephone_number': '770-952-1212'}, {'address_1': '2300 WINDY RIDGE PRKWY', 'address_2': 'SUITE 220 SOUTH', 'address_purpose': 'LOCATION', 'address_type': 'DOM', 'city': 'ATLANTA', 'country_code': 'US', 'country_name': 'United States', 'fax_number': '770-953-8877', 'postal_code': '30339', 'state': 'GA', 'telephone_number': '770-952-1212'}]","{'credential': 'DDS', 'enumeration_date': '2008-07-07', 'first_name': 'FREDERICK', 'last_name': 'ABELES', 'last_updated': '2008-07-07', 'name_prefix': 'Dr.', 'name_suffix': '--', 'sex': 'M', 'sole_proprietor': 'YES', 'status': 'A'}",1215461996000,[],NPI-1,[],1215461996000,1811150105,[],[],"[{'code': '122300000X', 'desc': 'Dentist', 'license': 'DN008877', 'primary': True, 'state': 'GA', 'taxonomy_group': ''}]",2300 WINDY RIDGE PRKWY,SUITE 220 SOUTH,ATLANTA,GA,30339,Dentist,FREDERICK ABELES,770-953-8877,770-952-1212,"2300 WINDY RIDGE PRKWY, SUITE 220 SOUTH, ATLANTA, GA 30339"
"[{'address_1': '1995 N PARK PL SE STE 410', 'address_purpose': 'LOCATION', 'address_type': 'DOM', 'city': 'ATLANTA', 'country_code': 'US', 'country_name': 'United States', 'fax_number': '770-818-9726', 'postal_code': '303392072', 'state': 'GA', 'telephone_number': '770-850-0390'}, {'address_1': '2383 AKERS MILL RD SE APT N16', 'address_purpose': 'MAILING', 'address_type': 'DOM', 'city': 'ATLANTA', 'country_code': 'US', 'country_name': 'United States', 'postal_code': '303392528', 'state': 'GA', 'telephone_number': '630-800-9202'}]","{'certification_date': '2024-10-18', 'credential': 'DPT', 'enumeration_date': '2024-10-03', 'first_name': 'ANGELA', 'last_name': 'ABRAHAM', 'last_updated': '2024-10-18', 'middle_name': 'MARIE', 'sex': 'F', 'sole_proprietor': 'NO', 'status': 'A'}",1728006602000,[],NPI-1,[],1729264634000,1952120289,[],[],"[{'code': '225100000X', 'desc': 'Physical Therapist', 'license': 'PT017438', 'primary': True, 'state': 'GA', 'taxonomy_group': ''}]",1995 N PARK PL SE STE 410,,ATLANTA,GA,303392072,Physical Therapist,ANGELA ABRAHAM,770-818-9726,770-850-0390,"1995 N PARK PL SE STE 410, ATLANTA, GA 303392072"
"[{'address_1': '950 BATTERY AVE SE STE 1216', 'address_purpose': 'LOCATION', 'address_type': 'DOM', 'city': 'ATLANTA', 'country_code': 'US', 'country_name': 'United States', 'fax_number': '415-252-7176', 'postal_code': '303393094', 'state': 'GA', 'telephone_number': '888-663-6331'}, {'address_1': '1570 HOLCOMB BRIDGE RD', 'address_purpose': 'MAILING', 'address_type': 'DOM', 'city': 'ROSWELL', 'country_code': 'US', 'country_name': 'United States', 'fax_number': '404-793-6727', 'postal_code': '300764703', 'state': 'GA', 'telephone_number': '404-855-2242'}]","{'certification_date': '2025-03-17', 'credential': 'M.D.', 'enumeration_date': '2007-12-20', 'first_name': 'NAILAH', 'last_name': 'ABDULBAAQEE', 'last_updated': '2025-03-17', 'sex': 'F', 'sole_proprietor': 'NO', 'status': 'A'}",1198163046000,[],NPI-1,"[{'code': '05', 'desc': 'MEDICAID', 'identifier': '164265469A', 'issuer': None, 'state': 'GA'}]",1742237429000,1396929873,[],"[{'address_1': '1570 HOLCOMB BRIDGE RD', 'address_purpose': 'LOCATION', 'address_type': 'DOM', 'city': 'ROSWELL', 'country_code': 'US', 'country_name': 'United States', 'fax_number': '404-793-6727', 'postal_code': '300764703', 'state': 'GA', 'telephone_number': '404-855-2242'}]","[{'code': '207Q00000X', 'desc': 'Family Medicine', 'license': '063829', 'primary': True, 'state': 'GA', 'taxonomy_group': ''}]",950 BATTERY AVE SE STE 1216,,ATLANTA,GA,303393094,Family Medicine,NAILAH ABDULBAAQEE,415-252-7176,888-663-6331,"950 BATTERY AVE SE STE 1216, ATLANTA, GA 303393094"
"[{'address_1': '3333 RIVERWOOD PKWY SE STE 250', 'address_purpose': 'MAILING', 'address_type': 'DOM', 'city': 'ATLANTA', 'country_code': 'US', 'country_name': 'United States', 'fax_number': '770-955-4278', 'postal_code': '303393304', 'state': 'GA', 'telephone_number': '770-914-0116'}, {'address_1': '3290 SIXES RD', 'address_purpose': 'LOCATION', 'address_type': 'DOM', 'city': 'CANTON', 'country_code': 'US', 'country_name': 'United States', 'fax_number': '770-914-1070', 'postal_code': '301149102', 'state': 'GA', 'telephone_number': '678-374-7514'}]","{'certification_date': '2025-03-12', 'credential': 'M.D.', 'enumeration_date': '2012-04-27', 'first_name': 'MOFOLASADE', 'last_name': 'ADEYI', 'last_updated': '2025-03-12', 'name_prefix': 'Dr.', 'sex': 'F', 'sole_proprietor': 'YES', 'status': 'A'}",1335555676000,[],NPI-1,[],1741831237000,1669730552,"[{'code': '1', 'credential': 'M.D.', 'first_name': 'FOLASADE', 'last_name': 'OLOWUDE', 'type': 'Former Name'}]","[{'address_1': '1575 MOUNT VERNON RD', 'address_purpose': 'LOCATION', 'address_type': 'DOM', 'city': 'DUNWOODY', 'country_code': 'US', 'country_name': 'United States', 'fax_number': '770-730-9969', 'postal_code': '303384146', 'state': 'GA', 'telephone_number': '404-996-0197'}]","[{'code': '207Q00000X', 'desc': 'Family Medicine', 'license': '0101260600', 'primary': False, 'state': 'VA', 'taxonomy_group': ''}, {'code': '207Q00000X', 'desc': 'Family Medicine', 'license': '79925', 'primary': True, 'state': 'GA', 'taxonomy_group': ''}]",3333 RIVERWOOD PKWY SE STE 250,,ATLANTA,GA,303393304,Family Medicine,MOFOLASADE ADEYI,770-955-4278,770-914-0116,"3333 RIVERWOOD PKWY SE STE 250, ATLANTA, GA 303393304"
"[{'address_1': '2700 CUMBERLAND PKWY SE', 'address_2': 'SUITE 120', 'address_purpose': 'MAILING', 'address_type': 'DOM', 'city': 'ATLANTA', 'country_code': 'US', 'country_name': 'United States', 'fax_number': '866-416-1767', 'postal_code': '303393321', 'state': 'GA', 'telephone_number': '770-319-7468'}, {'address_1': '2700 CUMBERLAND PKWY SE', 'address_2': 'SUITE 120', 'address_purpose': 'LOCATION', 'address_type': 'DOM', 'city': 'ATLANTA', 'country_code': 'US', 'country_name': 'United States', 'fax_number': '866-416-1767', 'postal_code': '303393321', 'state': 'GA', 'telephone_number': '770-319-7468'}]","{'credential': 'PH.D.', 'enumeration_date': '2006-08-21', 'first_name': 'YARED', 'last_name': 'ALEMU', 'last_updated': '2011-06-20', 'name_prefix': '--', 'name_suffix': '--', 'sex': 'M', 'sole_proprietor': 'YES', 'status': 'A'}",1156214850000,[],NPI-1,[],1308602149000,1811003080,[],[],"[{'code': '103TC0700X', 'desc': 'Psychologist, Clinical', 'license': 'PSY002938', 'primary': True, 'state': 'GA', 'taxonomy_group': ''}]",2700 CUMBERLAND PKWY SE,SUITE 120,ATLANTA,GA,303393321,"Psychologist, Clinical",YARED ALEMU,866-416-1767,770-319-7468,"2700 CUMBERLAND PKWY SE, SUITE 120, ATLANTA, GA 303393321"
"[{'address_1': '900 CIRCLE 75 PKWY SE', 'address_2': 'SUITE 1435', 'address_purpose': 'MAILING', 'address_type': 'DOM', 'city': 'ATLANTA', 'country_code': 'US', 'country_name': 'United States', 'fax_number': '770-485-5906', 'postal_code': '303393905', 'state': 'GA', 'telephone_number': '404-895-0990'}, {'address_1': '900 CIRCLE 75 PKWY SE', 'address_2': 'SUITE 1435', 'address_purpose': 'LOCATION', 'address_type': 'DOM', 'city': 'ATLANTA', 'country_code': 'US', 'country_name': 'United States', 'fax_number': '770-485-5906', 'postal_code': '303393905', 'state': 'GA', 'telephone_number': '404-895-0990'}]","{'credential': 'MS, NCC, CCMHC, LPC', 'enumeration_date': '2013-10-09', 'first_name': 'JACK', 'last_name': 'ABERNATHY', 'last_updated': '2016-11-05', 'middle_name': 'LENFORD', 'name_prefix': 'Mr.', 'name_suffix': 'Jr.', 'sex': 'M', 'sole_proprietor': 'NO', 'status': 'A'}",1381334651000,[],NPI-1,[],1478328003000,1235566126,[],[],"[{'code': '101YP2500X', 'desc': 'Counselor, Professional', 'license': 'LPC007969', 'primary': True, 'state': 'GA', 'taxonomy_group': ''}, {'code': '101YM0800X', 'desc': 'Counselor, Mental Health', 'license': 'LPC007969', 'primary': False, 'state': 'GA', 'taxonomy_group': ''}]",900 CIRCLE 75 PKWY SE,SUITE 1435,ATLANTA,GA,303393905,"Counselor, Professional",JACK ABERNATHY,770-485-5906,404-895-0990,"900 CIRCLE 75 PKWY SE, SUITE 1435, ATLANTA, GA 303393905"
"[{'address_1': '1827 POWERS FERRY RD SE', 'address_purpose': 'MAILING', 'address_type': 'DOM', 'city': 'ATLANTA', 'country_code': 'US', 'country_name': 'United States', 'fax_number': '770-953-4640', 'postal_code': '303395621', 'state': 'GA', 'telephone_number': '770-953-4744'}, {'address_1': '1827 POWERS FERRY RD SE', 'address_2': 'BUILDING 22', 'address_purpose': 'LOCATION', 'address_type': 'DOM', 'city': 'ATLANTA', 'country_code': 'US', 'country_name': 'United States', 'fax_number': '770-953-4640', 'postal_code': '303395621', 'state': 'GA', 'telephone_number': '770-953-4744'}]","{'credential': 'MFT', 'enumeration_date': '2007-03-29', 'first_name': 'VALERIE', 'last_name': 'ABNEY-SMITH', 'last_updated': '2014-10-23', 'name_prefix': '--', 'name_suffix': '--', 'sex': 'F', 'sole_proprietor': 'NO', 'status': 'A'}",1175203449000,[],NPI-1,"[{'code': '01', 'desc': 'Other (non-Medicare)', 'identifier': '001314', 'issuer': 'Georgia Professional Licensing Board', 'state': 'GA'}]",1414097666000,1023138658,[],[],"[{'code': '101YM0800X', 'desc': 'Counselor, Mental Health', 'license': None, 'primary': True, 'state': None, 'taxonomy_group': ''}]",1827 POWERS FERRY RD SE,,ATLANTA,GA,303395621,"Counselor, Mental Health",VALERIE ABNEY-SMITH,770-953-4640,770-953-4744,"1827 POWERS FERRY RD SE, ATLANTA, GA 303395621"
"[{'address_1': '2451 CUMBERLAND PKWY SE', 'address_purpose': 'MAILING', 'address_type': 'DOM', 'city': 'ATLANTA', 'country_code': 'US', 'country_name': 'United States', 'fax_number': '770-437-0766', 'postal_code': '303396136', 'state': 'GA', 'telephone_number': '770-437-7007'}, {'address_1': '2451 CUMBERLAND PKWY SE', 'address_purpose': 'LOCATION', 'address_type': 'DOM', 'city': 'ATLANTA', 'country_code': 'US', 'country_name': 'United States', 'fax_number': '770-437-0766', 'postal_code': '303396136', 'state': 'GA', 'telephone_number': '770-437-7007'}]","{'certification_date': '2022-10-05', 'credential': 'PharmD', 'enumeration_date': '2022-10-05', 'first_name': 'SHAKIRA', 'last_name': 'ABRAM', 'last_updated': '2022-10-05', 'middle_name': 'DANIELLE', 'sex': 'F', 'sole_proprietor': 'NO', 'status': 'A'}",1665003932000,[],NPI-1,"[{'code': '01', 'desc': 'Other (non-Medicare)', 'identifier': 'RPH033999', 'issuer': 'Ga BOP', 'state': 'GA'}]",1665003932000,1336864016,[],[],"[{'code': '1835P0018X', 'desc': 'Pharmacist, Pharmacist Clinician (PhC)/ Clinical Pharmacy Specialist', 'license': 'RPH033999', 'primary': True, 'state': 'GA', 'taxonomy_group': ''}]",2451 CUMBERLAND PKWY SE,,ATLANTA,GA,303396136,"Pharmacist, Pharmacist Clinician (PhC)/ Clinical Pharmacy Specialist",SHAKIRA ABRAM,770-437-0766,770-437-7007,"2451 CUMBERLAND PKWY SE, ATLANTA, GA 303396136"
"[{'address_1': '2727 PACES FERRY RD SE STE 1-1100', 'address_purpose': 'MAILING', 'address_type': 'DOM', 'city': 'ATLANTA', 'country_code': 'US', 'country_name': 'United States', 'fax_number': '814-201-2389', 'postal_code': '303396151', 'state': 'GA', 'telephone_number': '706-636-6501'}, {'address_1': '309 HIGHLAND PKWY STE 200', 'address_purpose': 'LOCATION', 'address_type': 'DOM', 'city': 'EAST ELLIJAY', 'country_code': 'US', 'country_name': 'United States', 'postal_code': '30540', 'state': 'GA', 'telephone_number': '706-636-6500'}]","{'credential': 'MD', 'enumeration_date': '2008-01-31', 'first_name': 'ROY', 'last_name': 'ABRAHAMIAN', 'last_updated': '2018-08-01', 'middle_name': 'ELIE', 'sex': 'M', 'sole_proprietor': 'NO', 'status': 'A'}",1201789344000,[],NPI-1,[],1533148838000,1083891196,[],[],"[{'code': '207RC0000X', 'desc': 'Internal Medicine, Cardiovascular Disease', 'license': '65920', 'primary': True, 'state': 'GA', 'taxonomy_group': ''}]",2727 PACES FERRY RD SE STE 1-1100,,ATLANTA,GA,303396151,"Internal Medicine, Cardiovascular Disease",ROY ABRAHAMIAN,814-201-2389,706-636-6501,"2727 PACES FERRY RD SE STE 1-1100, ATLANTA, GA 303396151"
"[{'address_1': '2455 PACES FERRY AVE # C', 'address_purpose': 'MAILING', 'address_type': 'DOM', 'city': 'ATLANTA', 'country_code': 'US', 'country_name': 'United States', 'fax_number': '770-433-2723', 'postal_code': '303396444', 'state': 'GA', 'telephone_number': '770-433-2722'}, {'address_1': '2455 PACES FERRY AVE # C', 'address_purpose': 'LOCATION', 'address_type': 'DOM', 'city': 'ATLANTA', 'country_code': 'US', 'country_name': 'United States', 'fax_number': '770-433-2723', 'postal_code': '303396444', 'state': 'GA', 'telephone_number': '770-433-2722'}]","{'certification_date': '2020-11-23', 'credential': 'Rph', 'enumeration_date': '2020-11-23', 'first_name': 'TERESA', 'last_name': 'ADAMS', 'last_updated': '2020-11-23', 'middle_name': 'MARIE', 'sex': 'F', 'sole_proprietor': 'YES', 'status': 'A'}",1606162524000,[],NPI-1,"[{'code': '01', 'desc': 'Other (non-Medicare)', 'identifier': '015000', 'issuer': 'GA Board of Pharmacy', 'state': 'GA'}]",1606162524000,1801490669,[],[],"[{'code': '1835P0018X', 'desc': 'Pharmacist, Pharmacist Clinician (PhC)/ Clinical Pharmacy Specialist', 'license': '015000', 'primary': True, 'state': 'GA', 'taxonomy_group': '193400000X - Single Specialty Group'}]",2455 PACES FERRY AVE # C,,ATLANTA,GA,303396444,"Pharmacist, Pharmacist Clinician (PhC)/ Clinical Pharmacy Specialist",TERESA ADAMS,770-433-2723,770-433-2722,"2455 PACES FERRY AVE # C, ATLANTA, GA 303396444"
"[{'address_1': '3190 NORTHEAST EXPY NE STE 110', 'address_purpose': 'MAILING', 'address_type': 'DOM', 'city': 'ATLANTA', 'country_code': 'US', 'country_name': 'United States', 'fax_number': '678-831-3005', 'postal_code': '303415323', 'state': 'GA', 'telephone_number': '404-487-6005'}, {'address_1': '10101 FONDREN RD STE 550', 'address_purpose': 'LOCATION', 'address_type': 'DOM', 'city': 'HOUSTON', 'country_code': 'US', 'country_name': 'United States', 'postal_code': '770965149', 'state': 'TX', 'telephone_number': '713-510-9001'}]","{'certification_date': '2024-10-09', 'enumeration_date': '2024-10-09', 'first_name': 'DANIELA', 'last_name': 'AGUIAR SANTOS', 'last_updated': '2024-10-09', 'middle_name': 'BEATRIZ', 'sex': 'F', 'sole_proprietor': 'YES', 'status': 'A'}",1728522302000,[],NPI-1,[],1728522302000,1518786151,[],[],"[{'code': '106S00000X', 'desc': 'Behavior Technician', 'license': 'RBT-24-381291', 'primary': True, 'state': 'TX', 'taxonomy_group': ''}]",3190 NORTHEAST EXPY NE STE 110,,ATLANTA,GA,303415323,Behavior Technician,DANIELA AGUIAR SANTOS,678-831-3005,404-487-6005,"3190 NORTHEAST EXPY NE STE 110, ATLANTA, GA 303415323"
"[{'address_1': '1000 JOHNSON FERRY RD', 'address_purpose': 'LOCATION', 'address_type': 'DOM', 'city': 'ATLANTA', 'country_code': 'US', 'country_name': 'United States', 'fax_number': '404-303-3747', 'postal_code': '30342', 'state': 'GA', 'telephone_number': '404-851-6323'}, {'address_1': '5605 GLENRIDGE DR STE 325', 'address_purpose': 'MAILING', 'address_type': 'DOM', 'city': 'ATLANTA', 'country_code': 'US', 'country_name': 'United States', 'fax_number': '678-553-7793', 'postal_code': '303421365', 'state': 'GA', 'telephone_number': '678-553-7783'}]","{'certification_date': '2024-03-07', 'credential': 'M.D.', 'enumeration_date': '2007-05-11', 'first_name': 'ABSAR', 'last_name': 'AHMED', 'last_updated': '2024-03-07', 'name_prefix': 'Dr.', 'sex': 'M', 'sole_proprietor': 'YES', 'status': 'A'}",1178928391000,[],NPI-1,[],1709840010000,1144435124,[],"[{'address_1': '301 RIVERVIEW AVE STE 700', 'address_purpose': 'LOCATION', 'address_type': 'DOM', 'city': 'NORFOLK', 'country_code': 'US', 'country_name': 'United States', 'postal_code': '235101065', 'state': 'VA', 'telephone_number': '757-252-9365'}]","[{'code': '2085N0700X', 'desc': None, 'license': '068093', 'primary': False, 'state': 'GA', 'taxonomy_group': ''}, {'code': '2085R0202X', 'desc': 'Radiology, Diagnostic Radiology', 'license': '0101281466', 'primary': False, 'state': 'VA', 'taxonomy_group': ''}, {'code': '207R00000X', 'desc': 'Internal Medicine', 'license': '2004015135', 'primary': False, 'state': 'MO', 'taxonomy_group': ''}, {'code': '2085R0202X', 'desc': 'Radiology, Diagnostic Radiology', 'license': '068093', 'primary': True, 'state': 'GA', 'taxonomy_group': ''}]",1000 JOHNSON FERRY RD,,ATLANTA,GA,30342,"Radiology, Diagnostic Radiology",ABSAR AHMED,404-303-3747,404-851-6323,"1000 JOHNSON FERRY RD, ATLANTA, GA 30342"
"[{'address_1': '1000 JOHNSON FERRY ROAD', 'address_purpose': 'LOCATION', 'address_type': 'DOM', 'city': 'ATLANTA', 'country_code': 'US', 'country_name': 'United States', 'fax_number': '770-645-8455', 'postal_code': '30342', 'state': 'GA', 'telephone_number': '770-645-9181'}, {'address_1': '3155 N POINT PKWY', 'address_2': 'ATTN CREDENTIALING DEPT, BUILDING F, SUITE 100', 'address_purpose': 'MAILING', 'address_type': 'DOM', 'city': 'ALPHARETTA', 'country_code': 'US', 'country_name': 'United States', 'fax_number': '770-645-8455', 'postal_code': '30005', 'state': 'GA', 'telephone_number': '770-645-9181'}]","{'credential': 'FNP-C', 'enumeration_date': '2007-04-10', 'first_name': 'OMORONKE', 'last_name': 'ADEGBUJI', 'last_updated': '2018-06-26', 'sex': 'F', 'sole_proprietor': 'NO', 'status': 'A'}",1176244001000,[],NPI-1,"[{'code': '05', 'desc': 'MEDICAID', 'identifier': '486548249A', 'issuer': None, 'state': 'GA'}]",1530042344000,1649493537,[],[],"[{'code': '363L00000X', 'desc': 'Nurse Practitioner', 'license': 'RN161489', 'primary': False, 'state': 'GA', 'taxonomy_group': ''}, {'code': '363LF0000X', 'desc': 'Nurse Practitioner, Family', 'license': 'RN161498', 'primary': False, 'state': 'GA', 'taxonomy_group': ''}, {'code': '363LP2300X', 'desc': 'Nurse Practitioner, Primary Care', 'license': 'RN161498', 'primary': True, 'state': 'GA', 'taxonomy_group': ''}]",1000 JOHNSON FERRY ROAD,,ATLANTA,GA,30342,"Nurse Practitioner, Primary Care",OMORONKE ADEGBUJI,770-645-8455,770-645-9181,"1000 JOHNSON FERRY ROAD, ATLANTA, GA 30342"
"[{'address_1': '980 JOHNSON FERRY ROAD', 'address_2': 'STE 220', 'address_purpose': 'MAILING', 'address_type': 'DOM', 'city': 'ATLANTA', 'country_code': 'US', 'country_name': 'United States', 'fax_number': '404-255-3908', 'postal_code': '30342', 'state': 'GA', 'telephone_number': '404-255-5956'}, {'address_1': '980 JOHNSON FERRY ROAD', 'address_2': 'STE 220', 'address_purpose': 'LOCATION', 'address_type': 'DOM', 'city': 'ATLANTA', 'country_code': 'US', 'country_name': 'United States', 'fax_number': '404-255-3908', 'postal_code': '30342', 'state': 'GA', 'telephone_number': '404-255-5956'}]","{'credential': 'P.A.', 'enumeration_date': '2006-10-02', 'first_name': 'ANNA', 'last_name': 'ADAMS', 'last_updated': '2016-01-29', 'middle_name': 'L', 'name_prefix': 'Mrs.', 'name_suffix': '--', 'sex': 'F', 'sole_proprietor': 'NO', 'status': 'A'}",1159820225000,[],NPI-1,[],1454094744000,1407949209,"[{'code': '1', 'first_name': 'ANNA', 'last_name': 'FURGESON', 'prefix': 'Ms.', 'suffix': '--', 'type': 'Former Name'}]",[],"[{'code': '363AM0700X', 'desc': 'Physician Assistant, Medical', 'license': '004859', 'primary': False, 'state': 'GA', 'taxonomy_group': ''}, {'code': '363AM0700X', 'desc': 'Physician Assistant, Medical', 'license': None, 'primary': True, 'state': None, 'taxonomy_group': ''}]",980 JOHNSON FERRY ROAD,STE 220,ATLANTA,GA,30342,"Physician Assistant, Medical",ANNA ADAMS,404-255-3908,404-255-5956,"980 JOHNSON FERRY ROAD, STE 220, ATLANTA, GA 30342"
"[{'address_1': '5780 PEACHTREE DUNWOODY RD NE', 'address_2': 'SUITE 200', 'address_purpose': 'MAILING', 'address_type': 'DOM', 'city': 'ATLANTA', 'country_code': 'US', 'country_name': 'United States', 'fax_number': '404-255-7248', 'postal_code': '303421554', 'state': 'GA', 'telephone_number': '404-255-8022'}, {'address_1': '5780 PEACHTREE DUNWOODY RD NE', 'address_2': 'SUITE 200', 'address_purpose': 'LOCATION', 'address_type': 'DOM', 'city': 'ATLANTA', 'country_code': 'US', 'country_name': 'United States', 'fax_number': '404-255-7248', 'postal_code': '303421554', 'state': 'GA', 'telephone_number': '404-255-8022'}]","{'credential': 'WHNP-BC', 'enumeration_date': '2011-01-05', 'first_name': 'SUSAN', 'last_name': 'ABBOTT', 'last_updated': '2011-01-05', 'middle_name': 'E', 'name_prefix': '--', 'name_suffix': '--', 'sex': 'F', 'sole_proprietor': 'NO', 'status': 'A'}",1294252326000,[],NPI-1,[],1294252326000,1972807972,[],[],"[{'code': '363LW0102X', 'desc': ""Nurse Practitioner, Women's Health"", 'license': 'RN139634 NP', 'primary': True, 'state': 'GA', 'taxonomy_group': ''}]",5780 PEACHTREE DUNWOODY RD NE,SUITE 200,ATLANTA,GA,303421554,"Nurse Practitioner, Women's Health",SUSAN ABBOTT,404-255-7248,404-255-8022,"5780 PEACHTREE DUNWOODY RD NE, SUITE 200, ATLANTA, GA 303421554"
"[{'address_1': '1001 JOHNSON FY RD NE', 'address_purpose': 'LOCATION', 'address_type': 'DOM', 'city': 'ATLANTA', 'country_code': 'US', 'country_name': 'United States', 'fax_number': '404-785-4496', 'postal_code': '303421605', 'state': 'GA', 'telephone_number': '404-785-2008'}, {'address_1': '1001 JOHNSON FY RD NE', 'address_purpose': 'MAILING', 'address_type': 'DOM', 'city': 'ATLANTA', 'country_code': 'US', 'country_name': 'United States', 'fax_number': '404-785-4496', 'postal_code': '303421605', 'state': 'GA', 'telephone_number': '404-785-2008'}]","{'credential': 'PAA', 'enumeration_date': '2014-10-10', 'first_name': 'RAMON', 'last_name': 'ALARCON', 'last_updated': '2022-06-06', 'sex': 'M', 'sole_proprietor': 'NO', 'status': 'A'}",1412978625000,"[{'address_1': '1001 Johnson Fy Rd NE', 'address_type': 'DOM', 'affiliation': 'N', 'city': 'Atlanta', 'contentTypeDescription': '', 'country_code': 'US', 'country_name': 'United States', 'endpoint': 'choa@choa.gadirect.net', 'endpointType': 'DIRECT', 'endpointTypeDescription': 'Direct Messaging Address', 'postal_code': '303421605', 'state': 'GA', 'useDescription': ''}]",NPI-1,[],1654551116000,1699179291,[],[],"[{'code': '367H00000X', 'desc': 'Anesthesiologist Assistant', 'license': '7330', 'primary': True, 'state': 'GA', 'taxonomy_group': ''}]",1001 JOHNSON FY RD NE,,ATLANTA,GA,303421605,Anesthesiologist Assistant,RAMON ALARCON,404-785-4496,404-785-2008,"1001 JOHNSON FY RD NE, ATLANTA, GA 303421605"
"[{'address_1': '1001 JOHNSON FY RD NE', 'address_purpose': 'LOCATION', 'address_type': 'DOM', 'city': 'ATLANTA', 'country_code': 'US', 'country_name': 'United States', 'fax_number': '404-785-4820', 'postal_code': '303421605', 'state': 'GA', 'telephone_number': '404-785-4826'}, {'address_1': '1001 JOHNSON FY RD NE', 'address_purpose': 'MAILING', 'address_type': 'DOM', 'city': 'ATLANTA', 'country_code': 'US', 'country_name': 'United States', 'fax_number': '404-785-4820', 'postal_code': '303421605', 'state': 'GA', 'telephone_number': '404-785-4826'}]","{'credential': 'MD', 'enumeration_date': '2012-05-23', 'first_name': 'ANASTACIA', 'last_name': 'ABDALLA', 'last_updated': '2022-06-06', 'sex': 'F', 'sole_proprietor': 'NO', 'status': 'A'}",1337798448000,"[{'address_1': '1001 Johnson Fy Rd NE', 'address_type': 'DOM', 'affiliation': 'N', 'city': 'Atlanta', 'contentTypeDescription': '', 'country_code': 'US', 'country_name': 'United States', 'endpoint': 'choa@choa.gadirect.net', 'endpointType': 'DIRECT', 'endpointTypeDescription': 'Direct Messaging Address', 'postal_code': '303421605', 'state': 'GA', 'useDescription': ''}]",NPI-1,[],1654550204000,1114287190,[],[],"[{'code': '208000000X', 'desc': 'Pediatrics', 'license': '74263', 'primary': True, 'state': 'GA', 'taxonomy_group': ''}]",1001 JOHNSON FY RD NE,,ATLANTA,GA,303421605,Pediatrics,ANASTACIA ABDALLA,404-785-4820,404-785-4826,"1001 JOHNSON FY RD NE, ATLANTA, GA 303421605"
"[{'address_1': '1001 JOHNSON FY RD NE', 'address_purpose': 'LOCATION', 'address_type': 'DOM', 'city': 'ATLANTA', 'country_code': 'US', 'country_name': 'United States', 'fax_number': '404-785-4496', 'postal_code': '303421605', 'state': 'GA', 'telephone_number': '404-785-5437'}, {'address_1': '1001 JOHNSON FY RD NE', 'address_purpose': 'MAILING', 'address_type': 'DOM', 'city': 'ATLANTA', 'country_code': 'US', 'country_name': 'United States', 'fax_number': '404-785-4496', 'postal_code': '303421605', 'state': 'GA', 'telephone_number': '404-785-5437'}]","{'credential': 'PhD', 'enumeration_date': '2016-08-30', 'first_name': 'ANNA', 'last_name': 'AGOSTON', 'last_updated': '2022-02-17', 'middle_name': 'MONICA', 'sex': 'F', 'sole_proprietor': 'NO', 'status': 'A'}",1472563204000,"[{'address_1': '1001 Johnson Fy Rd NE', 'address_type': 'DOM', 'affiliation': 'N', 'city': 'Atlanta', 'contentTypeDescription': '', 'country_code': 'US', 'country_name': 'United States', 'endpoint': 'choa@choa.gadirect.net', 'endpointType': 'DIRECT', 'endpointTypeDescription': 'Direct Messaging Address', 'postal_code': '303421605', 'state': 'GA', 'useDescription': ''}]",NPI-1,[],1645133768000,1477009462,[],[],"[{'code': '103TC2200X', 'desc': 'Psychologist, Clinical Child & Adolescent', 'license': 'PSY004058', 'primary': True, 'state': 'GA', 'taxonomy_group': ''}]",1001 JOHNSON FY RD NE,,ATLANTA,GA,303421605,"Psychologist, Clinical Child & Adolescent",ANNA AGOSTON,404-785-4496,404-785-5437,"1001 JOHNSON FY RD NE, ATLANTA, GA 303421605"
"[{'address_1': '1000 JOHNSON FERRY RD', 'address_purpose': 'LOCATION', 'address_type': 'DOM', 'city': 'ATLANTA', 'country_code': 'US', 'country_name': 'United States', 'fax_number': '404-303-3759', 'postal_code': '303421606', 'state': 'GA', 'telephone_number': '404-851-8000'}, {'address_1': '975 E. THIRD STREET', 'address_purpose': 'MAILING', 'address_type': 'DOM', 'city': 'CHATTONOOGA', 'country_code': 'US', 'country_name': 'United States', 'fax_number': '423-778-2108', 'postal_code': '37403', 'state': 'TN', 'telephone_number': '423-661-7718'}]","{'certification_date': '2023-12-06', 'credential': 'MD', 'enumeration_date': '2014-12-02', 'first_name': 'OZIOMA', 'last_name': 'AKARANTA', 'last_updated': '2024-01-09', 'sex': 'F', 'sole_proprietor': 'NO', 'status': 'A'}",1417544848000,[],NPI-1,[],1704816961000,1295132595,[],"[{'address_1': '975 E. THIRD STREET', 'address_2': 'ATTN: PROVIDER ENROLLMENT', 'address_purpose': 'LOCATION', 'address_type': 'DOM', 'city': 'CHATTONOOGA', 'country_code': 'US', 'country_name': 'United States', 'fax_number': '423-778-2108', 'postal_code': '37403', 'state': 'TN', 'telephone_number': '423-661-7718'}]","[{'code': '207R00000X', 'desc': 'Internal Medicine', 'license': '53694', 'primary': False, 'state': 'TN', 'taxonomy_group': ''}, {'code': '208M00000X', 'desc': 'Hospitalist', 'license': '85133', 'primary': False, 'state': 'GA', 'taxonomy_group': ''}, {'code': '207R00000X', 'desc': 'Internal Medicine', 'license': '85133', 'primary': True, 'state': 'GA', 'taxonomy_group': ''}]",1000 JOHNSON FERRY RD,,ATLANTA,GA,303421606,Internal Medicine,OZIOMA AKARANTA,404-303-3759,404-851-8000,"1000 JOHNSON FERRY RD, ATLANTA, GA 303421606"
"[{'address_1': '1000 JOHNSON FERRY RD', 'address_purpose': 'LOCATION', 'address_type': 'DOM', 'city': 'ATLANTA', 'country_code': 'US', 'country_name': 'United States', 'fax_number': '404-303-3747', 'postal_code': '303421606', 'state': 'GA', 'telephone_number': '404-851-6323'}, {'address_1': '5605 GLENRIDGE DR STE 325', 'address_purpose': 'MAILING', 'address_type': 'DOM', 'city': 'ATLANTA', 'country_code': 'US', 'country_name': 'United States', 'postal_code': '303421301', 'state': 'GA', 'telephone_number': '404-252-4709'}]","{'certification_date': '2023-06-06', 'credential': 'M.D.', 'enumeration_date': '2009-07-20', 'first_name': 'IMAD', 'last_name': 'ABOSSALLUE', 'last_updated': '2023-06-06', 'sex': 'M', 'sole_proprietor': 'NO', 'status': 'A'}",1248127763000,[],NPI-1,[],1686058255000,1134359599,[],[],"[{'code': '207R00000X', 'desc': 'Internal Medicine', 'license': 'ME121864', 'primary': False, 'state': 'FL', 'taxonomy_group': ''}, {'code': '207R00000X', 'desc': 'Internal Medicine', 'license': '2009010810', 'primary': False, 'state': 'MO', 'taxonomy_group': ''}, {'code': '207RG0300X', 'desc': 'Internal Medicine, Geriatric Medicine', 'license': '4301102046', 'primary': False, 'state': 'MI', 'taxonomy_group': ''}, {'code': '207U00000X', 'desc': 'Nuclear Medicine', 'license': 'ME121864', 'primary': False, 'state': 'FL', 'taxonomy_group': ''}, {'code': '207U00000X', 'desc': 'Nuclear Medicine', 'license': '88214', 'primary': True, 'state': 'GA', 'taxonomy_group': ''}]",1000 JOHNSON FERRY RD,,ATLANTA,GA,303421606,Nuclear Medicine,IMAD ABOSSALLUE,404-303-3747,404-851-6323,"1000 JOHNSON FERRY RD, ATLANTA, GA 303421606"
"[{'address_1': '1000 JOHNSON FERRY RD', 'address_purpose': 'LOCATION', 'address_type': 'DOM', 'city': 'ATLANTA', 'country_code': 'US', 'country_name': 'United States', 'fax_number': '404-303-3759', 'postal_code': '303421606', 'state': 'GA', 'telephone_number': '404-851-8000'}, {'address_1': '1000 JOHNSON FERRY RD', 'address_purpose': 'MAILING', 'address_type': 'DOM', 'city': 'ATLANTA', 'country_code': 'US', 'country_name': 'United States', 'fax_number': '404-303-3759', 'postal_code': '303421606', 'state': 'GA', 'telephone_number': '404-851-8000'}]","{'certification_date': '2022-12-17', 'credential': 'CNP', 'enumeration_date': '2020-01-02', 'first_name': 'TITILOLA', 'last_name': 'ADEBOYE', 'last_updated': '2022-12-17', 'middle_name': 'OLAIDE', 'sex': 'F', 'sole_proprietor': 'NO', 'status': 'A'}",1577984111000,"[{'address_1': '1610 Unity Loop', 'address_type': 'DOM', 'affiliation': 'N', 'city': 'Cumming', 'contentTypeDescription': '', 'country_code': 'US', 'country_name': 'United States', 'endpoint': 'https://mail.google.com/mail/u/1/#inbox', 'endpointType': 'OTHERS', 'endpointTypeDescription': 'Other URL', 'postal_code': '300401596', 'state': 'GA', 'useDescription': ''}]",NPI-1,[],1671323008000,1811536386,[],[],"[{'code': '390200000X', 'desc': 'Student in an Organized Health Care Education/Training Program', 'license': None, 'primary': False, 'state': None, 'taxonomy_group': ''}, {'code': '363LP0808X', 'desc': 'Nurse Practitioner, Psych/Mental Health', 'license': 'RN240745', 'primary': True, 'state': 'GA', 'taxonomy_group': ''}]",1000 JOHNSON FERRY RD,,ATLANTA,GA,303421606,"Nurse Practitioner, Psych/Mental Health",TITILOLA ADEBOYE,404-303-3759,404-851-8000,"1000 JOHNSON FERRY RD, ATLANTA, GA 303421606"
"[{'address_1': '1000 JOHNSON FERRY RD NE', 'address_purpose': 'LOCATION', 'address_type': 'DOM', 'city': 'ATLANTA', 'country_code': 'US', 'country_name': 'United States', 'fax_number': '770-645-8455', 'postal_code': '303421606', 'state': 'GA', 'telephone_number': '770-645-9181'}, {'address_1': '3155 N POINT PKWY', 'address_2': 'ATTN CREDENTIALING DEPT., BUILDING F, SUITE 100', 'address_purpose': 'MAILING', 'address_type': 'DOM', 'city': 'ALPHARETTA', 'country_code': 'US', 'country_name': 'United States', 'fax_number': '770-645-8455', 'postal_code': '30005', 'state': 'GA', 'telephone_number': '770-645-9181'}]","{'credential': 'CRNA', 'enumeration_date': '2005-09-27', 'first_name': 'CHRISTINE', 'last_name': 'ADAMS', 'last_updated': '2008-02-04', 'middle_name': 'L.', 'name_prefix': '--', 'name_suffix': '--', 'sex': 'F', 'sole_proprietor': 'NO', 'status': 'A'}",1127854250000,[],NPI-1,"[{'code': '05', 'desc': 'MEDICAID', 'identifier': '000549865A', 'issuer': None, 'state': 'GA'}, {'code': '05', 'desc': 'MEDICAID', 'identifier': '000549865I', 'issuer': None, 'state': 'GA'}]",1202138275000,1154317881,[],[],"[{'code': '367500000X', 'desc': 'Nurse Anesthetist, Certified Registered', 'license': 'RN061576', 'primary': True, 'state': 'GA', 'taxonomy_group': ''}]",1000 JOHNSON FERRY RD NE,,ATLANTA,GA,303421606,"Nurse Anesthetist, Certified Registered",CHRISTINE ADAMS,770-645-8455,770-645-9181,"1000 JOHNSON FERRY RD NE, ATLANTA, GA 303421606"
"[{'address_1': '980 JOHNSON FY RD NE STE 880', 'address_purpose': 'LOCATION', 'address_type': 'DOM', 'city': 'ATLANTA', 'country_code': 'US', 'country_name': 'United States', 'fax_number': '404-256-4578', 'postal_code': '303421609', 'state': 'GA', 'telephone_number': '404-255-8304'}, {'address_1': '980 JOHNSON FY RD NE STE 880', 'address_purpose': 'MAILING', 'address_type': 'DOM', 'city': 'ATLANTA', 'country_code': 'US', 'country_name': 'United States', 'fax_number': '404-256-4578', 'postal_code': '303421609', 'state': 'GA', 'telephone_number': '404-255-8304'}]","{'certification_date': '2024-01-23', 'credential': 'CNP', 'enumeration_date': '2024-01-09', 'first_name': 'ALEXANDRA', 'last_name': 'ALEXIS', 'last_updated': '2024-01-23', 'sex': 'F', 'sole_proprietor': 'NO', 'status': 'A'}",1704828003000,[],NPI-1,[],1706010005000,1457122533,[],[],"[{'code': '363LF0000X', 'desc': 'Nurse Practitioner, Family', 'license': 'RN277959', 'primary': True, 'state': 'GA', 'taxonomy_group': ''}]",980 JOHNSON FY RD NE STE 880,,ATLANTA,GA,303421609,"Nurse Practitioner, Family",ALEXANDRA ALEXIS,404-256-4578,404-255-8304,"980 JOHNSON FY RD NE STE 880, ATLANTA, GA 303421609"
"[{'address_1': '993 JOHNSON FERRY RD NE # C', 'address_2': 'STE. 100', 'address_purpose': 'MAILING', 'address_type': 'DOM', 'city': 'ATLANTA', 'country_code': 'US', 'country_name': 'United States', 'fax_number': '404-256-3244', 'postal_code': '303421620', 'state': 'GA', 'telephone_number': '404-256-4731'}, {'address_1': '993 JOHNSON FERRY RD NE # C', 'address_2': 'STE. 100', 'address_purpose': 'LOCATION', 'address_type': 'DOM', 'city': 'ATLANTA', 'country_code': 'US', 'country_name': 'United States', 'fax_number': '404-256-3244', 'postal_code': '303421620', 'state': 'GA', 'telephone_number': '404-256-4731'}]","{'credential': 'M.D.', 'enumeration_date': '2006-10-17', 'first_name': 'HAROLD', 'last_name': 'ALEXANDER', 'last_updated': '2026-09-13', 'middle_name': 'H', 'name_prefix': 'Dr.', 'name_suffix': '--', 'sex': 'M', 'sole_proprietor': 'NO', 'status': 'A'}",1161126026000,[],NPI-1,"[{'code': '05', 'desc': 'MEDICAID', 'identifier': '00083817A', 'issuer': None, 'state': 'GA'}]",1789336915000,1518048784,[],[],"[{'code': '207X00000X', 'desc': 'Orthopaedic Surgery', 'license': '014158', 'primary': True, 'state': 'GA', 'taxonomy_group': ''}]",993 JOHNSON FERRY RD NE # C,STE. 100,ATLANTA,GA,303421620,Orthopaedic Surgery,HAROLD ALEXANDER,404-256-3244,404-256-4731,"993 JOHNSON FERRY RD NE # C, STE. 100, ATLANTA, GA 303421620"
"[{'address_1': '980 JOHNSON FERRY RD', 'address_2': 'SUITE 170', 'address_purpose': 'LOCATION', 'address_type': 'DOM', 'city': 'ATLANTA', 'country_code': 'US', 'country_name': 'United States', 'fax_number': '404-300-2240', 'postal_code': '303421626', 'state': 'GA', 'telephone_number': '404-300-2140'}, {'address_1': '980 JOHNSON FERRY RD', 'address_2': 'SUITE 170', 'address_purpose': 'MAILING', 'address_type': 'DOM', 'city': 'ATLANTA', 'country_code': 'US', 'country_name': 'United States', 'fax_number': '404-300-2240', 'postal_code': '303421626', 'state': 'GA', 'telephone_number': '404-300-2140'}]","{'certification_date': '2025-07-24', 'credential': 'M.D.', 'enumeration_date': '2006-10-04', 'first_name': 'EDDIE', 'last_name': 'ABDALLA', 'last_updated': '2025-07-24', 'middle_name': 'K.', 'name_prefix': 'Dr.', 'sex': 'M', 'sole_proprietor': 'NO', 'status': 'A'}",1160004114000,"[{'address_1': '980 Johnson Ferry Rd', 'address_2': 'Suite 170', 'address_type': 'DOM', 'affiliation': 'N', 'city': 'Atlanta', 'contentOtherDescription': 'Direct Edge', 'contentType': 'OTHER', 'contentTypeDescription': 'Other', 'country_code': 'US', 'country_name': 'United States', 'endpoint': 'ALPSS@Northside.gwaydirect.com', 'endpointDescription': 'Direct Messaging', 'endpointType': 'DIRECT', 'endpointTypeDescription': 'Direct Messaging Address', 'postal_code': '303421626', 'state': 'GA', 'use': 'DIRECT', 'useDescription': 'Direct'}]",NPI-1,"[{'code': '01', 'desc': 'Other (non-Medicare)', 'identifier': '020043965', 'issuer': 'RR Medicare', 'state': 'TX'}, {'code': '05', 'desc': 'MEDICAID', 'identifier': '37438101', 'issuer': None, 'state': 'TX'}, {'code': '01', 'desc': 'Other (non-Medicare)', 'identifier': '84691X', 'issuer': 'BCBS', 'state': 'TX'}]",1753382356000,1235225889,[],[],"[{'code': '2086X0206X', 'desc': 'Surgery, Surgical Oncology', 'license': 'K7959', 'primary': True, 'state': 'TX', 'taxonomy_group': ''}, {'code': '2086X0206X', 'desc': 'Surgery, Surgical Oncology', 'license': '076624', 'primary': False, 'state': 'GA', 'taxonomy_group': ''}]",980 JOHNSON FERRY RD,SUITE 170,ATLANTA,GA,303421626,"Surgery, Surgical Oncology",EDDIE ABDALLA,404-300-2240,404-300-2140,"980 JOHNSON FERRY RD, SUITE 170, ATLANTA, GA 303421626"
"[{'address_1': '980 JOHNSON FERRY RD NE', 'address_2': 'SUITE 820', 'address_purpose': 'LOCATION', 'address_type': 'DOM', 'city': 'ATLANTA', 'country_code': 'US', 'country_name': 'United States', 'fax_number': '404-252-5839', 'postal_code': '303421626', 'state': 'GA', 'telephone_number': '404-252-9307'}, {'address_1': '1355 PEACHTREE ST NE STE 1600', 'address_purpose': 'MAILING', 'address_type': 'DOM', 'city': 'ATLANTA', 'country_code': 'US', 'country_name': 'United States', 'fax_number': '678-223-7799', 'postal_code': '303093276', 'state': 'GA', 'telephone_number': '678-223-7774'}]","{'credential': 'PA-C', 'enumeration_date': '2005-12-07', 'first_name': 'JAIME', 'last_name': 'ACKERMAN', 'last_updated': '2018-09-10', 'middle_name': 'G', 'sex': 'F', 'sole_proprietor': 'NO', 'status': 'A'}",1133982111000,[],NPI-1,[],1536599304000,1013992544,"[{'code': '1', 'credential': 'PA-C', 'first_name': 'JAIME', 'last_name': 'GIMPELSON', 'type': 'Former Name'}]","[{'address_1': '400 KENNESAW AVE, NW', 'address_2': 'STE. 200', 'address_purpose': 'LOCATION', 'address_type': 'DOM', 'city': 'MARIETTA', 'country_code': 'US', 'country_name': 'United States', 'fax_number': '770-427-3261', 'postal_code': '30060', 'state': 'GA', 'telephone_number': '770-427-3075'}]","[{'code': '363A00000X', 'desc': 'Physician Assistant', 'license': '4056', 'primary': True, 'state': 'GA', 'taxonomy_group': ''}]",980 JOHNSON FERRY RD NE,SUITE 820,ATLANTA,GA,303421626,Physician Assistant,JAIME ACKERMAN,404-252-5839,404-252-9307,"980 JOHNSON FERRY RD NE, SUITE 820, ATLANTA, GA 303421626"
"[{'address_1': '5670 PEACHTREE DUNWOODY RD NE', 'address_2': 'SUITE 1200', 'address_purpose': 'MAILING', 'address_type': 'DOM', 'city': 'ATLANTA', 'country_code': 'US', 'country_name': 'United States', 'fax_number': '404-257-7171', 'postal_code': '303421699', 'state': 'GA', 'telephone_number': '404-255-9100'}, {'address_1': '5670 PEACHTREE DUNWOODY RD NE', 'address_2': 'SUITE 1200', 'address_purpose': 'LOCATION', 'address_type': 'DOM', 'city': 'ATLANTA', 'country_code': 'US', 'country_name': 'United States', 'fax_number': '404-257-7171', 'postal_code': '303421699', 'state': 'GA', 'telephone_number': '404-255-9100'}]","{'credential': 'M.D.', 'enumeration_date': '2006-08-07', 'first_name': 'SAMUEL', 'last_name': 'ADAMS', 'last_updated': '2007-07-08', 'middle_name': 'F', 'name_prefix': '--', 'name_suffix': '--', 'sex': 'M', 'sole_proprietor': 'NO', 'status': 'A'}",1154949721000,[],NPI-1,[],1183947785000,1972512069,[],[],"[{'code': '207R00000X', 'desc': 'Internal Medicine', 'license': '035797', 'primary': True, 'state': 'GA', 'taxonomy_group': ''}]",5670 PEACHTREE DUNWOODY RD NE,SUITE 1200,ATLANTA,GA,303421699,Internal Medicine,SAMUEL ADAMS,404-257-7171,404-255-9100,"5670 PEACHTREE DUNWOODY RD NE, SUITE 1200, ATLANTA, GA 303421699"
"[{'address_1': '993C JOHNSON FERRY RD', 'address_2': 'STE 300', 'address_purpose': 'MAILING', 'address_type': 'DOM', 'city': 'ATLANTA', 'country_code': 'US', 'country_name': 'United States', 'fax_number': '404-252-8026', 'postal_code': '303421725', 'state': 'GA', 'telephone_number': '404-303-1700'}, {'address_1': '993C JOHNSON FERRY RD', 'address_2': 'STE 300', 'address_purpose': 'LOCATION', 'address_type': 'DOM', 'city': 'ATLANTA', 'country_code': 'US', 'country_name': 'United States', 'fax_number': '404-252-8026', 'postal_code': '303421725', 'state': 'GA', 'telephone_number': '404-303-1700'}]","{'credential': 'M.D.', 'enumeration_date': '2006-10-16', 'first_name': 'ROBERT', 'last_name': 'ALBIN', 'last_updated': '2017-01-30', 'middle_name': 'J', 'name_prefix': '--', 'name_suffix': '--', 'sex': 'M', 'sole_proprietor': 'NO', 'status': 'A'}",1161028537000,[],NPI-1,"[{'code': '05', 'desc': 'MEDICAID', 'identifier': '000428139F', 'issuer': None, 'state': 'GA'}]",1485798412000,1619057668,[],[],"[{'code': '207RP1001X', 'desc': 'Internal Medicine, Pulmonary Disease', 'license': '33018', 'primary': True, 'state': 'GA', 'taxonomy_group': ''}, {'code': '207RS0012X', 'desc': 'Internal Medicine, Sleep Medicine', 'license': '33018', 'primary': False, 'state': 'GA', 'taxonomy_group': ''}]",993C JOHNSON FERRY RD,STE 300,ATLANTA,GA,303421725,"Internal Medicine, Pulmonary Disease",ROBERT ALBIN,404-252-8026,404-303-1700,"993C JOHNSON FERRY RD, STE 300, ATLANTA, GA 303421725"
"[{'address_1': '5673 PEACHTREE DUNWOODY RD', 'address_2': 'STE 150', 'address_purpose': 'MAILING', 'address_type': 'DOM', 'city': 'ATLANTA', 'country_code': 'US', 'country_name': 'United States', 'fax_number': '404-252-7255', 'postal_code': '303421771', 'state': 'GA', 'telephone_number': '404-297-1780'}, {'address_1': '5673 PEACHTREE DUNWOODY RD', 'address_2': 'STE 150', 'address_purpose': 'LOCATION', 'address_type': 'DOM', 'city': 'ATLANTA', 'country_code': 'US', 'country_name': 'United States', 'fax_number': '404-252-7255', 'postal_code': '303421771', 'state': 'GA', 'telephone_number': '404-297-1780'}]","{'credential': 'MD', 'enumeration_date': '2005-07-01', 'first_name': 'PETER', 'last_name': 'ABRAMSON', 'last_updated': '2017-01-10', 'middle_name': 'JAY', 'name_prefix': 'Dr.', 'name_suffix': '--', 'sex': 'M', 'sole_proprietor': 'NO', 'status': 'A'}",1120234420000,[],NPI-1,"[{'code': '05', 'desc': 'MEDICAID', 'identifier': '000742541B', 'issuer': None, 'state': 'GA'}, {'code': '05', 'desc': 'MEDICAID', 'identifier': '000742541C', 'issuer': None, 'state': 'GA'}, {'code': '05', 'desc': 'MEDICAID', 'identifier': '000742541E', 'issuer': None, 'state': 'GA'}, {'code': '05', 'desc': 'MEDICAID', 'identifier': '000742541P', 'issuer': None, 'state': 'GA'}, {'code': '01', 'desc': 'Other (non-Medicare)', 'identifier': '1076855', 'issuer': 'First Health/Affordable', 'state': 'GA'}, {'code': '01', 'desc': 'Other (non-Medicare)', 'identifier': '52650571', 'issuer': 'BCBS of Georgia', 'state': 'GA'}, {'code': '01', 'desc': 'Other (non-Medicare)', 'identifier': '5621528', 'issuer': 'Aetna', 'state': 'GA'}, {'code': '01', 'desc': 'Other (non-Medicare)', 'identifier': '8807486', 'issuer': 'Cigna', 'state': 'GA'}]",1484076461000,1003813379,[],[],"[{'code': '207YX0905X', 'desc': 'Otolaryngology, Otolaryngology/Facial Plastic Surgery', 'license': '038416', 'primary': False, 'state': 'GA', 'taxonomy_group': ''}, {'code': '207Y00000X', 'desc': 'Otolaryngology', 'license': '038416', 'primary': True, 'state': 'GA', 'taxonomy_group': ''}, {'code': '207YS0012X', 'desc': 'Otolaryngology, Sleep Medicine', 'license': '038416', 'primary': False, 'state': 'GA', 'taxonomy_group': ''}]",5673 PEACHTREE DUNWOODY RD,STE 150,ATLANTA,GA,303421771,Otolaryngology,PETER ABRAMSON,404-252-7255,404-297-1780,"5673 PEACHTREE DUNWOODY RD, STE 150, ATLANTA, GA 303421771"
"[{'address_1': '5685 LAKE PLACID DR NE', 'address_purpose': 'MAILING', 'address_type': 'DOM', 'city': 'ATLANTA', 'country_code': 'US', 'country_name': 'United States', 'fax_number': '404-252-3880', 'postal_code': '303421803', 'state': 'GA', 'telephone_number': '404-843-1999'}, {'address_1': '5685 LAKE PLACID DR NE', 'address_purpose': 'LOCATION', 'address_type': 'DOM', 'city': 'ATLANTA', 'country_code': 'US', 'country_name': 'United States', 'fax_number': '404-252-3880', 'postal_code': '303421803', 'state': 'GA', 'telephone_number': '404-843-1999'}]","{'credential': 'DDS', 'enumeration_date': '2006-07-21', 'first_name': 'HOWARD', 'last_name': 'ABRAHAMS', 'last_updated': '2007-07-08', 'name_prefix': 'Dr.', 'name_suffix': '--', 'sex': 'M', 'sole_proprietor': 'YES', 'status': 'A'}",1153528240000,[],NPI-1,[],1183947785000,1598786907,[],[],"[{'code': '1223G0001X', 'desc': 'Dentist, General Practice', 'license': '9308', 'primary': True, 'state': 'GA', 'taxonomy_group': ''}]",5685 LAKE PLACID DR NE,,ATLANTA,GA,303421803,"Dentist, General Practice",HOWARD ABRAHAMS,404-252-3880,404-843-1999,"5685 LAKE PLACID DR NE, ATLANTA, GA 303421803"
"[{'address_1': '5064 ROSWELL RD', 'address_2': 'SUITE C-201', 'address_purpose': 'MAILING', 'address_type': 'DOM', 'city': 'ATLANTA', 'country_code': 'US', 'country_name': 'United States', 'fax_number': '404-233-2441', 'postal_code': '303422281', 'state': 'GA', 'telephone_number': '404-233-2440'}, {'address_1': '5064 ROSWELL RD', 'address_2': 'SUITE C-201', 'address_purpose': 'LOCATION', 'address_type': 'DOM', 'city': 'ATLANTA', 'country_code': 'US', 'country_name': 'United States', 'fax_number': '404-233-2441', 'postal_code': '303422281', 'state': 'GA', 'telephone_number': '404-233-2440'}]","{'credential': 'D.C.', 'enumeration_date': '2009-06-09', 'first_name': 'TARIQ', 'last_name': 'ADAMS', 'last_updated': '2009-06-09', 'middle_name': 'RASHAD', 'name_prefix': 'Dr.', 'name_suffix': '--', 'sex': 'M', 'sole_proprietor': 'NO', 'status': 'A'}",1244573339000,[],NPI-1,[],1244573339000,1679709240,[],[],"[{'code': '111N00000X', 'desc': 'Chiropractor', 'license': 'CHIR008469', 'primary': True, 'state': 'GA', 'taxonomy_group': ''}]",5064 ROSWELL RD,SUITE C-201,ATLANTA,GA,303422281,Chiropractor,TARIQ ADAMS,404-233-2441,404-233-2440,"5064 ROSWELL RD, SUITE C-201, ATLANTA, GA 303422281"
"[{'address_1': '5445 MERIDIAN MARKS RD NE', 'address_2': 'SUITE 390', 'address_purpose': 'MAILING', 'address_type': 'DOM', 'city': 'ATLANTA', 'country_code': 'US', 'country_name': 'United States', 'fax_number': '404-531-4039', 'postal_code': '303424763', 'state': 'GA', 'telephone_number': '404-851-1998'}, {'address_1': '5445 MERIDIAN MARKS RD NE', 'address_2': 'SUITE 390', 'address_purpose': 'LOCATION', 'address_type': 'DOM', 'city': 'ATLANTA', 'country_code': 'US', 'country_name': 'United States', 'fax_number': '404-531-4039', 'postal_code': '303424763', 'state': 'GA', 'telephone_number': '404-851-1998'}]","{'credential': 'M.D.', 'enumeration_date': '2007-03-16', 'first_name': 'DIANE', 'last_name': 'ALEXANDER', 'last_updated': '2007-07-08', 'middle_name': 'ZALUTSKY', 'name_prefix': 'Dr.', 'name_suffix': '--', 'sex': 'F', 'sole_proprietor': 'NO', 'status': 'A'}",1174086364000,[],NPI-1,[],1183947785000,1245354299,[],[],"[{'code': '174400000X', 'desc': 'Specialist', 'license': '034996', 'primary': True, 'state': 'GA', 'taxonomy_group': ''}]",5445 MERIDIAN MARKS RD NE,SUITE 390,ATLANTA,GA,303424763,Specialist,DIANE ALEXANDER,404-531-4039,404-851-1998,"5445 MERIDIAN MARKS RD NE, SUITE 390, ATLANTA, GA 303424763"
"[{'address_1': '5671 PEACHTREE DUNWOODY RD STE 530', 'address_purpose': 'MAILING', 'address_type': 'DOM', 'city': 'ATLANTA', 'country_code': 'US', 'country_name': 'United States', 'fax_number': '404-851-1649', 'postal_code': '303425005', 'state': 'GA', 'telephone_number': '404-257-1415'}, {'address_1': '5665 PEACHTREE DUNWOODY RD', 'address_purpose': 'LOCATION', 'address_type': 'DOM', 'city': 'ATLANTA', 'country_code': 'US', 'country_name': 'United States', 'postal_code': '303421764', 'state': 'GA', 'telephone_number': '678-843-7324'}]","{'certification_date': '2024-07-12', 'credential': 'CAA', 'enumeration_date': '2024-07-12', 'first_name': 'TATIANA', 'last_name': 'ABEBE', 'last_updated': '2024-07-12', 'sex': 'F', 'sole_proprietor': 'NO', 'status': 'A'}",1720811403000,[],NPI-1,[],1720811403000,1982441291,[],[],"[{'code': '367H00000X', 'desc': 'Anesthesiologist Assistant', 'license': None, 'primary': True, 'state': 'GA', 'taxonomy_group': ''}]",5671 PEACHTREE DUNWOODY RD STE 530,,ATLANTA,GA,303425005,Anesthesiologist Assistant,TATIANA ABEBE,404-851-1649,404-257-1415,"5671 PEACHTREE DUNWOODY RD STE 530, ATLANTA, GA 303425005"
"[{'address_1': '4186 BUFORD HWY NE STE J', 'address_purpose': 'MAILING', 'address_type': 'DOM', 'city': 'ATLANTA', 'country_code': 'US', 'country_name': 'United States', 'fax_number': '404-581-5953', 'postal_code': '303451067', 'state': 'GA', 'telephone_number': '404-709-2168'}, {'address_1': '4186 BUFORD HWY NE STE J', 'address_purpose': 'LOCATION', 'address_type': 'DOM', 'city': 'ATLANTA', 'country_code': 'US', 'country_name': 'United States', 'fax_number': '404-581-5953', 'postal_code': '303451067', 'state': 'GA', 'telephone_number': '404-709-2168'}]","{'enumeration_date': '2016-11-03', 'first_name': 'MUSTAPHA', 'last_name': 'AHMED', 'last_updated': '2016-11-03', 'name_prefix': '--', 'name_suffix': '--', 'sex': 'M', 'sole_proprietor': 'YES', 'status': 'A'}",1478188386000,[],NPI-1,[],1478188386000,1598217812,[],[],"[{'code': '171M00000X', 'desc': 'Case Manager/Care Coordinator', 'license': None, 'primary': True, 'state': None, 'taxonomy_group': ''}]",4186 BUFORD HWY NE STE J,,ATLANTA,GA,303451067,Case Manager/Care Coordinator,MUSTAPHA AHMED,404-581-5953,404-709-2168,"4186 BUFORD HWY NE STE J, ATLANTA, GA 303451067"
"[{'address_1': '1774 CENTURY BLVD NE STE B', 'address_purpose': 'MAILING', 'address_type': 'DOM', 'city': 'ATLANTA', 'country_code': 'US', 'country_name': 'United States', 'fax_number': '404-931-2107', 'postal_code': '303453312', 'state': 'GA', 'telephone_number': '678-744-3003'}, {'address_1': '1774 CENTURY BLVD NE STE B', 'address_purpose': 'LOCATION', 'address_type': 'DOM', 'city': 'ATLANTA', 'country_code': 'US', 'country_name': 'United States', 'fax_number': '404-420-2104', 'postal_code': '303453312', 'state': 'GA', 'telephone_number': '678-744-3003'}]","{'certification_date': '2020-05-03', 'credential': 'LPC', 'enumeration_date': '2012-01-11', 'first_name': 'LAUREN', 'last_name': 'ALEXANDER', 'last_updated': '2020-05-03', 'middle_name': 'T', 'sex': 'F', 'sole_proprietor': 'YES', 'status': 'A'}",1326305372000,"[{'address_1': '1774 Century Blvd NE Ste B', 'address_type': 'DOM', 'affiliation': 'N', 'city': 'Atlanta', 'contentTypeDescription': '', 'country_code': 'US', 'country_name': 'United States', 'endpoint': 'Atlanta', 'endpointType': 'CONNECT', 'endpointTypeDescription': 'CONNECT URL', 'postal_code': '303453312', 'state': 'GA', 'useDescription': ''}]",NPI-1,[],1588535702000,1538439203,[],"[{'address_1': '4566 LAWRENCEVILLE HWY NW', 'address_2': 'STE 101', 'address_purpose': 'LOCATION', 'address_type': 'DOM', 'city': 'LILBURN', 'country_code': 'US', 'country_name': 'United States', 'fax_number': '770-818-5253', 'postal_code': '300473686', 'state': 'GA', 'telephone_number': '770-217-7563'}]","[{'code': '101YP2500X', 'desc': 'Counselor, Professional', 'license': 'LPC007210', 'primary': True, 'state': 'GA', 'taxonomy_group': ''}]",1774 CENTURY BLVD NE STE B,,ATLANTA,GA,303453312,"Counselor, Professional",LAUREN ALEXANDER,404-931-2107,678-744-3003,"1774 CENTURY BLVD NE STE B, ATLANTA, GA 303453312"
"[{'address_1': '100 PERIMETER CENTER PL NE', 'address_2': 'TARGET 2036', 'address_purpose': 'MAILING', 'address_type': 'DOM', 'city': 'ATLANTA', 'country_code': 'US', 'country_name': 'United States', 'fax_number': '678-259-0889', 'postal_code': '303461204', 'state': 'GA', 'telephone_number': '678-259-0889'}, {'address_1': '100 PERIMETER CENTER PL NE', 'address_2': 'TARGET 2036', 'address_purpose': 'LOCATION', 'address_type': 'DOM', 'city': 'ATLANTA', 'country_code': 'US', 'country_name': 'United States', 'fax_number': '678-259-0889', 'postal_code': '303461204', 'state': 'GA', 'telephone_number': '678-259-0889'}]","{'credential': 'PharmD', 'enumeration_date': '2011-08-10', 'first_name': 'RUAA', 'last_name': 'AL-BALDAWI', 'last_updated': '2011-08-10', 'middle_name': 'NABIL', 'name_prefix': '--', 'name_suffix': '--', 'sex': 'F', 'sole_proprietor': 'YES', 'status': 'A'}",1313010102000,[],NPI-1,[],1313010102000,1740569565,[],[],"[{'code': '183500000X', 'desc': 'Pharmacist', 'license': 'RPH024872', 'primary': True, 'state': 'GA', 'taxonomy_group': ''}]",100 PERIMETER CENTER PL NE,TARGET 2036,ATLANTA,GA,303461204,Pharmacist,RUAA AL-BALDAWI,678-259-0889,678-259-0889,"100 PERIMETER CENTER PL NE, TARGET 2036, ATLANTA, GA 303461204"
"[{'address_1': '1455 LINCOLN PKWY E', 'address_2': 'STE 315', 'address_purpose': 'MAILING', 'address_type': 'DOM', 'city': 'ATLANTA', 'country_code': 'US', 'country_name': 'United States', 'fax_number': '833-471-4352', 'postal_code': '303462209', 'state': 'GA', 'telephone_number': '404-777-1728'}, {'address_1': '1455 LINCOLN PKWY E', 'address_2': 'STE 315', 'address_purpose': 'LOCATION', 'address_type': 'DOM', 'city': 'ATLANTA', 'country_code': 'US', 'country_name': 'United States', 'fax_number': '833-471-4352', 'postal_code': '303462209', 'state': 'GA', 'telephone_number': '404-777-1728'}]","{'certification_date': '2026-02-23', 'credential': 'MD', 'enumeration_date': '2005-06-10', 'first_name': 'CHAD', 'last_name': 'ALEMAN', 'last_updated': '2026-02-23', 'middle_name': 'JUDE', 'name_prefix': 'Dr.', 'sex': 'M', 'sole_proprietor': 'NO', 'status': 'A'}",1118427629000,[],NPI-1,"[{'code': '05', 'desc': 'MEDICAID', 'identifier': '2485305', 'issuer': None, 'state': 'OH'}, {'code': '05', 'desc': 'MEDICAID', 'identifier': '609583907H', 'issuer': None, 'state': 'GA'}]",1771878867000,1942204557,"[{'code': '2', 'credential': 'MD', 'first_name': 'CHAD', 'last_name': 'ALEMAN', 'middle_name': 'J', 'prefix': 'Dr.', 'suffix': '--', 'type': 'Professional Name'}]",[],"[{'code': '2086S0129X', 'desc': None, 'license': '056795', 'primary': False, 'state': 'GA', 'taxonomy_group': ''}, {'code': '207P00000X', 'desc': 'Emergency Medicine', 'license': '056795', 'primary': False, 'state': 'GA', 'taxonomy_group': ''}, {'code': '202K00000X', 'desc': 'Phlebology', 'license': '056795', 'primary': True, 'state': 'GA', 'taxonomy_group': ''}]",1455 LINCOLN PKWY E,STE 315,ATLANTA,GA,303462209,Phlebology,CHAD ALEMAN,833-471-4352,404-777-1728,"1455 LINCOLN PKWY E, STE 315, ATLANTA, GA 303462209"
"[{'address_1': '1220 TYNECASTLE WAY', 'address_purpose': 'MAILING', 'address_type': 'DOM', 'city': 'ATLANTA', 'country_code': 'US', 'country_name': 'United States', 'fax_number': '404-327-4980', 'postal_code': '303503516', 'state': 'GA', 'telephone_number': '404-728-7629'}, {'address_1': '1670 CLAIRMONT RD', 'address_purpose': 'LOCATION', 'address_type': 'DOM', 'city': 'DECATUR', 'country_code': 'US', 'country_name': 'United States', 'fax_number': '404-327-4980', 'postal_code': '300334004', 'state': 'GA', 'telephone_number': '404-728-7629'}]","{'credential': 'M.D.', 'enumeration_date': '2006-07-16', 'first_name': 'NAOMI', 'last_name': 'ALAZRAKI', 'last_updated': '2007-07-08', 'name_prefix': 'Dr.', 'name_suffix': '--', 'sex': 'F', 'sole_proprietor': 'YES', 'status': 'A'}",1153100560000,[],NPI-1,[],1183947785000,1194742965,"[{'code': '5', 'first_name': 'NAOMI', 'last_name': 'TAYLOR', 'middle_name': 'ALAZRAKI', 'prefix': 'Dr.', 'suffix': '--', 'type': 'Other Name'}]",[],"[{'code': '207U00000X', 'desc': 'Nuclear Medicine', 'license': '029131', 'primary': True, 'state': 'GA', 'taxonomy_group': ''}]",1220 TYNECASTLE WAY,,ATLANTA,GA,303503516,Nuclear Medicine,NAOMI ALAZRAKI,404-327-4980,404-728-7629,"1220 TYNECASTLE WAY, ATLANTA, GA 303503516"
"[{'address_1': 'PO BOX 538622', 'address_purpose': 'MAILING', 'address_type': 'DOM', 'city': 'ATLANTA', 'country_code': 'US', 'country_name': 'United States', 'fax_number': '888-746-1787', 'postal_code': '303538622', 'state': 'GA', 'telephone_number': '910-742-9243'}, {'address_1': '1345 REDMOND CIR NW', 'address_purpose': 'LOCATION', 'address_type': 'DOM', 'city': 'ROME', 'country_code': 'US', 'country_name': 'United States', 'fax_number': '888-746-1787', 'postal_code': '301651307', 'state': 'GA', 'telephone_number': '910-742-9243'}]","{'credential': 'PMHNP-BC', 'enumeration_date': '2009-05-20', 'first_name': 'TRESSELYN', 'last_name': 'ADAMS', 'last_updated': '2019-06-14', 'middle_name': 'DOUGLAS', 'sex': 'F', 'sole_proprietor': 'NO', 'status': 'A'}",1242833814000,[],NPI-1,"[{'code': '01', 'desc': 'Other (non-Medicare)', 'identifier': 'F1108140', 'issuer': 'Family Nurse Pratitioner Certified', 'state': None}]",1560545531000,1104051168,[],"[{'address_1': '1007 MEMORIAL DR', 'address_purpose': 'LOCATION', 'address_type': 'DOM', 'city': 'GRIFFIN', 'country_code': 'US', 'country_name': 'United States', 'fax_number': '770-229-3170', 'postal_code': '302234445', 'state': 'GA', 'telephone_number': '770-467-4715'}]","[{'code': '363LF0000X', 'desc': 'Nurse Practitioner, Family', 'license': 'RN112304', 'primary': False, 'state': 'GA', 'taxonomy_group': ''}, {'code': '363LP0808X', 'desc': 'Nurse Practitioner, Psych/Mental Health', 'license': 'RN112304', 'primary': True, 'state': 'GA', 'taxonomy_group': ''}]",PO BOX 538622,,ATLANTA,GA,303538622,"Nurse Practitioner, Psych/Mental Health",TRESSELYN ADAMS,888-746-1787,910-742-9243,"PO BOX 538622, ATLANTA, GA 303538622"
"[{'address_1': 'PO BOX 52226', 'address_purpose': 'MAILING', 'address_type': 'DOM', 'city': 'ATLANTA', 'country_code': 'US', 'country_name': 'United States', 'fax_number': '404-816-7929', 'postal_code': '303550226', 'state': 'GA', 'telephone_number': '404-816-7900'}, {'address_1': '3131 MAPLE DR NE', 'address_2': 'SUITE 102', 'address_purpose': 'LOCATION', 'address_type': 'DOM', 'city': 'ATLANTA', 'country_code': 'US', 'country_name': 'United States', 'fax_number': '404-816-7929', 'postal_code': '303052515', 'state': 'GA', 'telephone_number': '404-816-7900'}]","{'credential': 'M.D.', 'enumeration_date': '2005-08-22', 'first_name': 'CYNTHIA', 'last_name': 'ABBOTT', 'last_updated': '2011-07-15', 'middle_name': 'A.', 'name_prefix': '--', 'name_suffix': '--', 'sex': 'F', 'sole_proprietor': 'NO', 'status': 'A'}",1124725574000,[],NPI-1,[],1310762628000,1902898315,[],[],"[{'code': '174400000X', 'desc': 'Specialist', 'license': '043314', 'primary': True, 'state': 'GA', 'taxonomy_group': ''}]",PO BOX 52226,,ATLANTA,GA,303550226,Specialist,CYNTHIA ABBOTT,404-816-7929,404-816-7900,"PO BOX 52226, ATLANTA, GA 303550226"
"[{'address_1': 'PO BOX 88564', 'address_purpose': 'MAILING', 'address_type': 'DOM', 'city': 'ATLANTA', 'country_code': 'US', 'country_name': 'United States', 'fax_number': '770-379-9203', 'postal_code': '303568564', 'state': 'GA', 'telephone_number': '678-575-9093'}, {'address_1': '115 DUNWOODY CREEK CT', 'address_purpose': 'LOCATION', 'address_type': 'DOM', 'city': 'ATLANTA', 'country_code': 'US', 'country_name': 'United States', 'fax_number': '770-379-9203', 'postal_code': '303504318', 'state': 'GA', 'telephone_number': '770-379-0450'}]","{'credential': 'M.D.', 'enumeration_date': '2006-09-26', 'first_name': 'MOHAMMED', 'last_name': 'AL RABBAT', 'last_updated': '2012-01-25', 'middle_name': 'HAYTHAM', 'name_prefix': '--', 'name_suffix': '--', 'sex': 'M', 'sole_proprietor': 'NO', 'status': 'A'}",1159285681000,[],NPI-1,"[{'code': '05', 'desc': 'MEDICAID', 'identifier': '000399407A', 'issuer': None, 'state': 'GA'}]",1327545174000,1891896478,[],[],"[{'code': '2080N0001X', 'desc': 'Pediatrics, Neonatal-Perinatal Medicine', 'license': '029572', 'primary': True, 'state': 'GA', 'taxonomy_group': ''}]",PO BOX 88564,,ATLANTA,GA,303568564,"Pediatrics, Neonatal-Perinatal Medicine",MOHAMMED AL RABBAT,770-379-9203,678-575-9093,"PO BOX 88564, ATLANTA, GA 303568564"
"[{'address_1': '5025-H WINTERS CHAPEL ROAD', 'address_purpose': 'MAILING', 'address_type': 'DOM', 'city': 'ATLANTA', 'country_code': 'US', 'country_name': 'United States', 'fax_number': '770-399-5380', 'postal_code': '30360', 'state': 'GA', 'telephone_number': '770-399-1800'}, {'address_1': '5025-H WINTERS CHAPEL ROAD', 'address_purpose': 'LOCATION', 'address_type': 'DOM', 'city': 'ATLANTA', 'country_code': 'US', 'country_name': 'United States', 'fax_number': '770-399-5380', 'postal_code': '30360', 'state': 'GA', 'telephone_number': '770-399-1800'}]","{'credential': 'D.C.', 'enumeration_date': '2006-12-12', 'first_name': 'SCOTT', 'last_name': 'ACKERMAN', 'last_updated': '2007-07-08', 'middle_name': 'ALAN', 'name_prefix': 'Dr.', 'name_suffix': '--', 'sex': 'M', 'sole_proprietor': 'NO', 'status': 'A'}",1165966042000,[],NPI-1,[],1183947785000,1609937986,[],[],"[{'code': '111N00000X', 'desc': 'Chiropractor', 'license': '4665', 'primary': True, 'state': 'GA', 'taxonomy_group': ''}]",5025-H WINTERS CHAPEL ROAD,,ATLANTA,GA,30360,Chiropractor,SCOTT ACKERMAN,770-399-5380,770-399-1800,"5025-H WINTERS CHAPEL ROAD, ATLANTA, GA 30360"
"[{'address_1': 'PO BOX 102222', 'address_purpose': 'MAILING', 'address_type': 'DOM', 'city': 'ATLANTA', 'country_code': 'US', 'country_name': 'United States', 'fax_number': '239-278-3350', 'postal_code': '303682222', 'state': 'GA', 'telephone_number': '239-274-8200'}, {'address_1': '9320 STATE ROAD 54', 'address_purpose': 'LOCATION', 'address_type': 'DOM', 'city': 'TRINITY', 'country_code': 'US', 'country_name': 'United States', 'fax_number': '877-917-2336', 'postal_code': '346551808', 'state': 'FL', 'telephone_number': '727-493-2513'}]","{'certification_date': '2026-06-04', 'credential': 'APRN', 'enumeration_date': '2017-07-27', 'first_name': 'LEANNA', 'last_name': 'ALBERTSON PAPA', 'last_updated': '2026-06-04', 'sex': 'F', 'sole_proprietor': 'YES', 'status': 'A'}",1501154074000,[],NPI-1,"[{'code': '05', 'desc': 'MEDICAID', 'identifier': '110979600', 'issuer': None, 'state': 'FL'}]",1780573829000,1952825457,[],[],"[{'code': '363LG0600X', 'desc': 'Nurse Practitioner, Gerontology', 'license': 'APRN9380595', 'primary': True, 'state': 'FL', 'taxonomy_group': ''}]",PO BOX 102222,,ATLANTA,GA,303682222,"Nurse Practitioner, Gerontology",LEANNA ALBERTSON PAPA,239-278-3350,239-274-8200,"PO BOX 102222, ATLANTA, GA 303682222"
"[{'address_1': 'PO BOX 102222', 'address_2': 'ATTENTION: CREDENTIAL DEPARTMENT', 'address_purpose': 'MAILING', 'address_type': 'DOM', 'city': 'ATLANTA', 'country_code': 'US', 'country_name': 'United States', 'fax_number': '239-278-3350', 'postal_code': '303682222', 'state': 'GA', 'telephone_number': '239-274-8200'}, {'address_1': '1340 N HANCOCK RD', 'address_purpose': 'LOCATION', 'address_type': 'DOM', 'city': 'CLERMONT', 'country_code': 'US', 'country_name': 'United States', 'fax_number': '352-394-1560', 'postal_code': '347115952', 'state': 'FL', 'telephone_number': '352-394-1150'}]","{'certification_date': '2026-02-09', 'credential': 'M.D.', 'enumeration_date': '2007-08-09', 'first_name': 'AHMED', 'last_name': 'AL-HAZZOURI', 'last_updated': '2026-02-09', 'name_prefix': 'Dr.', 'sex': 'M', 'sole_proprietor': 'NO', 'status': 'A'}",1186684608000,[],NPI-1,"[{'code': '05', 'desc': 'MEDICAID', 'identifier': '002509600', 'issuer': None, 'state': 'FL'}]",1770650976000,1841482270,[],"[{'address_1': '4100 WATERMAN WAY', 'address_purpose': 'LOCATION', 'address_type': 'DOM', 'city': 'TAVARES', 'country_code': 'US', 'country_name': 'United States', 'fax_number': '866-445-2968', 'postal_code': '327785270', 'state': 'FL', 'telephone_number': '352-343-1117'}]","[{'code': '207RX0202X', 'desc': 'Internal Medicine, Medical Oncology', 'license': 'ME106390', 'primary': True, 'state': 'FL', 'taxonomy_group': ''}, {'code': '207RH0000X', 'desc': 'Internal Medicine, Hematology', 'license': 'ME106390', 'primary': False, 'state': 'FL', 'taxonomy_group': ''}]",PO BOX 102222,ATTENTION: CREDENTIAL DEPARTMENT,ATLANTA,GA,303682222,"Internal Medicine, Medical Oncology",AHMED AL-HAZZOURI,239-278-3350,239-274-8200,"PO BOX 102222, ATTENTION: CREDENTIAL DEPARTMENT, ATLANTA, GA 303682222"
"[{'address_1': 'PO BOX 102222', 'address_2': 'ATTN: CREDENTIALING', 'address_purpose': 'MAILING', 'address_type': 'DOM', 'city': 'ATLANTA', 'country_code': 'US', 'country_name': 'United States', 'fax_number': '239-278-3350', 'postal_code': '303682222', 'state': 'GA', 'telephone_number': '239-274-8200'}, {'address_1': '325 CLYDE MORRIS BLVD STE 450', 'address_2': 'FLORIDA CANCER SPECIALISTS P L', 'address_purpose': 'LOCATION', 'address_type': 'DOM', 'city': 'ORMOND BEACH', 'country_code': 'US', 'country_name': 'United States', 'fax_number': '386-673-4884', 'postal_code': '321748179', 'state': 'FL', 'telephone_number': '386-673-2442'}]","{'certification_date': '2026-03-24', 'credential': 'DO', 'enumeration_date': '2006-07-27', 'first_name': 'CHRISTOPHER', 'last_name': 'ALEXANDER', 'last_updated': '2026-03-24', 'sex': 'M', 'sole_proprietor': 'NO', 'status': 'A'}",1154031765000,[],NPI-1,"[{'code': '05', 'desc': 'MEDICAID', 'identifier': '377924600', 'issuer': None, 'state': 'FL'}]",1774346123000,1306850508,[],[],"[{'code': '207RH0000X', 'desc': 'Internal Medicine, Hematology', 'license': 'OS5715', 'primary': False, 'state': 'FL', 'taxonomy_group': ''}, {'code': '207RX0202X', 'desc': 'Internal Medicine, Medical Oncology', 'license': 'OS5715', 'primary': True, 'state': 'FL', 'taxonomy_group': ''}]",PO BOX 102222,ATTN: CREDENTIALING,ATLANTA,GA,303682222,"Internal Medicine, Medical Oncology",CHRISTOPHER ALEXANDER,239-278-3350,239-274-8200,"PO BOX 102222, ATTN: CREDENTIALING, ATLANTA, GA 303682222"
"[{'address_1': 'PO BOX 102222', 'address_2': 'ATTN: CREDENTIALING', 'address_purpose': 'MAILING', 'address_type': 'DOM', 'city': 'ATLANTA', 'country_code': 'US', 'country_name': 'United States', 'fax_number': '239-278-3350', 'postal_code': '303682222', 'state': 'GA', 'telephone_number': '239-274-8200'}, {'address_1': '70 W GORE ST STE 100', 'address_purpose': 'LOCATION', 'address_type': 'DOM', 'city': 'ORLANDO', 'country_code': 'US', 'country_name': 'United States', 'fax_number': '407-447-5229', 'postal_code': '328061124', 'state': 'FL', 'telephone_number': '407-426-8484'}]","{'certification_date': '2026-03-24', 'credential': 'M.D.', 'enumeration_date': '2005-08-29', 'first_name': 'GEETHANJALI', 'last_name': 'AKULA', 'last_updated': '2026-03-24', 'middle_name': 'K', 'name_prefix': 'Dr.', 'sex': 'F', 'sole_proprietor': 'NO', 'status': 'A'}",1125331180000,[],NPI-1,"[{'code': '05', 'desc': 'MEDICAID', 'identifier': '057090700', 'issuer': None, 'state': 'FL'}]",1774343345000,1366435927,[],[],"[{'code': '207RH0000X', 'desc': 'Internal Medicine, Hematology', 'license': 'ME60734', 'primary': False, 'state': 'FL', 'taxonomy_group': ''}, {'code': '207RH0002X', 'desc': 'Internal Medicine, Hospice and Palliative Medicine', 'license': 'ME60734', 'primary': False, 'state': 'FL', 'taxonomy_group': ''}, {'code': '207RX0202X', 'desc': 'Internal Medicine, Medical Oncology', 'license': 'ME60734', 'primary': True, 'state': 'FL', 'taxonomy_group': ''}]",PO BOX 102222,ATTN: CREDENTIALING,ATLANTA,GA,303682222,"Internal Medicine, Medical Oncology",GEETHANJALI AKULA,239-278-3350,239-274-8200,"PO BOX 102222, ATTN: CREDENTIALING, ATLANTA, GA 303682222"
"[{'address_1': 'PO BOX 116075', 'address_purpose': 'MAILING', 'address_type': 'DOM', 'city': 'ATLANTA', 'country_code': 'US', 'country_name': 'United States', 'fax_number': '610-373-2308', 'postal_code': '303686075', 'state': 'GA', 'telephone_number': '855-709-1801'}, {'address_1': '1700 MEDICAL WAY', 'address_purpose': 'LOCATION', 'address_type': 'DOM', 'city': 'SNELLVILLE', 'country_code': 'US', 'country_name': 'United States', 'fax_number': '770-736-2335', 'postal_code': '300782195', 'state': 'GA', 'telephone_number': '770-979-0200'}]","{'certification_date': '2026-06-10', 'credential': 'MD', 'enumeration_date': '2008-05-05', 'first_name': 'MICHAEL', 'last_name': 'AHO', 'last_updated': '2026-06-10', 'middle_name': 'ROBERT', 'sex': 'M', 'sole_proprietor': 'NO', 'status': 'A'}",1209984266000,[],NPI-1,"[{'code': '01', 'desc': 'Other (non-Medicare)', 'identifier': '068976', 'issuer': 'Medical License', 'state': 'GA'}]",1781113741000,1477729051,[],[],"[{'code': '2085R0202X', 'desc': 'Radiology, Diagnostic Radiology', 'license': '68976', 'primary': True, 'state': 'GA', 'taxonomy_group': ''}]",PO BOX 116075,,ATLANTA,GA,303686075,"Radiology, Diagnostic Radiology",MICHAEL AHO,610-373-2308,855-709-1801,"PO BOX 116075, ATLANTA, GA 303686075"
"[{'address_1': 'PO BOX 116202', 'address_purpose': 'MAILING', 'address_type': 'DOM', 'city': 'ATLANTA', 'country_code': 'US', 'country_name': 'United States', 'fax_number': '678-609-6283', 'postal_code': '303686202', 'state': 'GA', 'telephone_number': '678-609-6282'}, {'address_1': '1775 PARKER RD SE', 'address_2': 'STE C-240', 'address_purpose': 'LOCATION', 'address_type': 'DOM', 'city': 'CONYERS', 'country_code': 'US', 'country_name': 'United States', 'fax_number': '678-609-6283', 'postal_code': '300946654', 'state': 'GA', 'telephone_number': '678-609-6282'}]","{'credential': 'FNP', 'enumeration_date': '2014-12-08', 'first_name': 'KISHA', 'last_name': 'ADDERLEY', 'last_updated': '2014-12-08', 'name_prefix': '--', 'name_suffix': '--', 'sex': 'F', 'sole_proprietor': 'NO', 'status': 'A'}",1418078907000,[],NPI-1,[],1418078907000,1174921175,[],[],"[{'code': '363LF0000X', 'desc': 'Nurse Practitioner, Family', 'license': 'RN185219', 'primary': True, 'state': 'GA', 'taxonomy_group': ''}]",PO BOX 116202,,ATLANTA,GA,303686202,"Nurse Practitioner, Family",KISHA ADDERLEY,678-609-6283,678-609-6282,"PO BOX 116202, ATLANTA, GA 303686202"
"[{'address_1': 'PO BOX 117598', 'address_purpose': 'MAILING', 'address_type': 'DOM', 'city': 'ATLANTA', 'country_code': 'US', 'country_name': 'United States', 'fax_number': '770-442-0306', 'postal_code': '303687598', 'state': 'GA', 'telephone_number': '770-442-1911'}, {'address_1': '1719 RUSSELL PKWY STE 700', 'address_purpose': 'LOCATION', 'address_type': 'DOM', 'city': 'WARNER ROBINS', 'country_code': 'US', 'country_name': 'United States', 'fax_number': '478-328-1393', 'postal_code': '310885765', 'state': 'GA', 'telephone_number': '478-328-7674'}]","{'certification_date': '2026-08-14', 'credential': 'NP', 'enumeration_date': '2021-12-04', 'first_name': 'LIBBY', 'last_name': 'ABERLE', 'last_updated': '2026-08-14', 'middle_name': 'HADAN', 'sex': 'F', 'sole_proprietor': 'NO', 'status': 'A'}",1638665178000,[],NPI-1,[],1786723252000,1609534809,[],[],"[{'code': '363LF0000X', 'desc': 'Nurse Practitioner, Family', 'license': 'GAA-NP002111', 'primary': True, 'state': 'GA', 'taxonomy_group': ''}]",PO BOX 117598,,ATLANTA,GA,303687598,"Nurse Practitioner, Family",LIBBY ABERLE,770-442-0306,770-442-1911,"PO BOX 117598, ATLANTA, GA 303687598"
"[{'address_1': 'PO BOX 740018', 'address_purpose': 'MAILING', 'address_type': 'DOM', 'city': 'ATLANTA', 'country_code': 'US', 'country_name': 'United States', 'fax_number': '773-866-8014', 'postal_code': '303740018', 'state': 'GA', 'telephone_number': '312-773-9730'}, {'address_1': '4208 CENTRAL AVE SW', 'address_purpose': 'LOCATION', 'address_type': 'DOM', 'city': 'ALBUQUERQUE', 'country_code': 'US', 'country_name': 'United States', 'fax_number': '505-808-4977', 'postal_code': '871051695', 'state': 'NM', 'telephone_number': '505-777-3001'}]","{'certification_date': '2022-01-10', 'credential': 'MD', 'enumeration_date': '2007-05-15', 'first_name': 'CLAUDIA', 'last_name': 'ALFARO-ANDRICK', 'last_updated': '2022-01-10', 'middle_name': 'MARIA', 'sex': 'F', 'sole_proprietor': 'NO', 'status': 'A'}",1179265591000,[],NPI-1,[],1641821982000,1932315975,[],"[{'address_1': '1625 RIO BRAVO BLVD SW STE 36', 'address_purpose': 'LOCATION', 'address_type': 'DOM', 'city': 'ALBUQUERQUE', 'country_code': 'US', 'country_name': 'United States', 'fax_number': '505-808-4990', 'postal_code': '871056060', 'state': 'NM', 'telephone_number': '505-777-3004'}, {'address_1': '5555 ZUNI RD SE STE 11', 'address_purpose': 'LOCATION', 'address_type': 'DOM', 'city': 'ALBUQUERQUE', 'country_code': 'US', 'country_name': 'United States', 'fax_number': '505-521-5189', 'postal_code': '871082935', 'state': 'NM', 'telephone_number': '505-777-3002'}, {'address_1': '333 MONTANO RD NW STE A1', 'address_purpose': 'LOCATION', 'address_type': 'DOM', 'city': 'ALBUQUERQUE', 'country_code': 'US', 'country_name': 'United States', 'fax_number': '505-808-4976', 'postal_code': '871075200', 'state': 'NM', 'telephone_number': '505-777-3003'}, {'address_1': '184 UNSER BLVD NE', 'address_purpose': 'LOCATION', 'address_type': 'DOM', 'city': 'RIO RANCHO', 'country_code': 'US', 'country_name': 'United States', 'postal_code': '871244045', 'state': 'NM', 'telephone_number': '505-896-0928'}]","[{'code': '207Q00000X', 'desc': 'Family Medicine', 'license': 'MD2009-0524', 'primary': True, 'state': 'NM', 'taxonomy_group': ''}]",PO BOX 740018,,ATLANTA,GA,303740018,Family Medicine,CLAUDIA ALFARO-ANDRICK,773-866-8014,312-773-9730,"PO BOX 740018, ATLANTA, GA 303740018"
"[{'address_1': 'PO BOX 740780', 'address_purpose': 'MAILING', 'address_type': 'DOM', 'city': 'ATLANTA', 'country_code': 'US', 'country_name': 'United States', 'fax_number': '619-374-7134', 'postal_code': '303740780', 'state': 'GA', 'telephone_number': '855-223-7123'}, {'address_1': '4439 N 7TH ST', 'address_purpose': 'LOCATION', 'address_type': 'DOM', 'city': 'PHOENIX', 'country_code': 'US', 'country_name': 'United States', 'fax_number': '619-374-7134', 'postal_code': '850144139', 'state': 'AZ', 'telephone_number': '855-223-7123'}]","{'certification_date': '2026-02-05', 'enumeration_date': '2026-02-05', 'first_name': 'AIESHA', 'last_name': 'AHMED', 'last_updated': '2026-02-05', 'sex': 'F', 'sole_proprietor': 'NO', 'status': 'A'}",1770313510000,[],NPI-1,[],1770313510000,1215888391,[],[],"[{'code': '106S00000X', 'desc': 'Behavior Technician', 'license': 'RBT-26-512386', 'primary': True, 'state': 'AZ', 'taxonomy_group': ''}]",PO BOX 740780,,ATLANTA,GA,303740780,Behavior Technician,AIESHA AHMED,619-374-7134,855-223-7123,"PO BOX 740780, ATLANTA, GA 303740780"
"[{'address_1': 'PO BOX 740780', 'address_purpose': 'MAILING', 'address_type': 'DOM', 'city': 'ATLANTA', 'country_code': 'US', 'country_name': 'United States', 'fax_number': '619-374-7134', 'postal_code': '303740780', 'state': 'GA', 'telephone_number': '855-223-7123'}, {'address_1': '20 E FOOTHILL BLVD STE 105', 'address_purpose': 'LOCATION', 'address_type': 'DOM', 'city': 'ARCADIA', 'country_code': 'US', 'country_name': 'United States', 'fax_number': '855-223-7123', 'postal_code': '910062335', 'state': 'CA', 'telephone_number': '619-374-7134'}]","{'certification_date': '2026-08-10', 'enumeration_date': '2026-03-30', 'first_name': 'AIJIALON', 'last_name': 'ALEXANDER', 'last_updated': '2026-08-10', 'sex': 'F', 'sole_proprietor': 'NO', 'status': 'A'}",1774900209000,[],NPI-1,[],1786386864000,1821938812,[],"[{'address_1': '2235 E GARVEY AVE N', 'address_purpose': 'LOCATION', 'address_type': 'DOM', 'city': 'WEST COVINA', 'country_code': 'US', 'country_name': 'United States', 'postal_code': '917911540', 'state': 'CA', 'telephone_number': '855-223-7123'}]","[{'code': '106S00000X', 'desc': 'Behavior Technician', 'license': None, 'primary': True, 'state': None, 'taxonomy_group': ''}]",PO BOX 740780,,ATLANTA,GA,303740780,Behavior Technician,AIJIALON ALEXANDER,619-374-7134,855-223-7123,"PO BOX 740780, ATLANTA, GA 303740780"
"[{'address_1': 'PO BOX 740780', 'address_purpose': 'MAILING', 'address_type': 'DOM', 'city': 'ATLANTA', 'country_code': 'US', 'country_name': 'United States', 'fax_number': '619-374-7134', 'postal_code': '303740780', 'state': 'GA', 'telephone_number': '855-223-7123'}, {'address_1': '4225 RESEARCH FOREST DR STE 120', 'address_purpose': 'LOCATION', 'address_type': 'DOM', 'city': 'THE WOODLANDS', 'country_code': 'US', 'country_name': 'United States', 'fax_number': '619-374-7134', 'postal_code': '773814393', 'state': 'TX', 'telephone_number': '855-223-7123'}]","{'certification_date': '2026-04-02', 'enumeration_date': '2026-02-12', 'first_name': 'ALEXANDRIA', 'last_name': 'ADAMS', 'last_updated': '2026-04-02', 'sex': 'F', 'sole_proprietor': 'NO', 'status': 'A'}",1770886502000,[],NPI-1,[],1775141555000,1588516538,[],"[{'address_1': '3760 S MASON RD STE 10', 'address_purpose': 'LOCATION', 'address_type': 'DOM', 'city': 'KATY', 'country_code': 'US', 'country_name': 'United States', 'fax_number': '619-374-7134', 'postal_code': '774507729', 'state': 'TX', 'telephone_number': '855-223-7123'}]","[{'code': '106S00000X', 'desc': 'Behavior Technician', 'license': None, 'primary': True, 'state': None, 'taxonomy_group': ''}]",PO BOX 740780,,ATLANTA,GA,303740780,Behavior Technician,ALEXANDRIA ADAMS,619-374-7134,855-223-7123,"PO BOX 740780, ATLANTA, GA 303740780"
"[{'address_1': 'PO BOX 740780', 'address_purpose': 'MAILING', 'address_type': 'DOM', 'city': 'ATLANTA', 'country_code': 'US', 'country_name': 'United States', 'fax_number': '619-374-7134', 'postal_code': '303740780', 'state': 'GA', 'telephone_number': '855-223-7123'}, {'address_1': '9500 N 129TH EAST AVE STE 114', 'address_purpose': 'LOCATION', 'address_type': 'DOM', 'city': 'OWASSO', 'country_code': 'US', 'country_name': 'United States', 'postal_code': '740555376', 'state': 'OK', 'telephone_number': '855-223-7123'}]","{'certification_date': '2026-03-11', 'enumeration_date': '2021-09-27', 'first_name': 'ALYA', 'last_name': 'AL-TAWEEL', 'last_updated': '2026-03-11', 'middle_name': 'JAMILA MARLENE', 'sex': 'F', 'sole_proprietor': 'NO', 'status': 'A'}",1632776772000,[],NPI-1,[],1773266793000,1114698347,[],[],"[{'code': '106S00000X', 'desc': 'Behavior Technician', 'license': None, 'primary': True, 'state': None, 'taxonomy_group': ''}]",PO BOX 740780,,ATLANTA,GA,303740780,Behavior Technician,ALYA AL-TAWEEL,619-374-7134,855-223-7123,"PO BOX 740780, ATLANTA, GA 303740780"
"[{'address_1': 'PO BOX 740780', 'address_purpose': 'MAILING', 'address_type': 'DOM', 'city': 'ATLANTA', 'country_code': 'US', 'country_name': 'United States', 'fax_number': '855-223-7123', 'postal_code': '303740780', 'state': 'GA', 'telephone_number': '855-223-7123'}, {'address_1': '98-211 PALI MOMI ST STE 520', 'address_purpose': 'LOCATION', 'address_type': 'DOM', 'city': 'AIEA', 'country_code': 'US', 'country_name': 'United States', 'postal_code': '967014328', 'state': 'HI', 'telephone_number': '855-223-7123'}]","{'certification_date': '2026-02-19', 'enumeration_date': '2026-02-19', 'first_name': 'ANASTASIA', 'last_name': 'AFE DUQUE', 'last_updated': '2026-02-19', 'sex': 'F', 'sole_proprietor': 'NO', 'status': 'A'}",1771548903000,[],NPI-1,[],1771548903000,1841143666,[],[],"[{'code': '106S00000X', 'desc': 'Behavior Technician', 'license': None, 'primary': True, 'state': None, 'taxonomy_group': ''}]",PO BOX 740780,,ATLANTA,GA,303740780,Behavior Technician,ANASTASIA AFE DUQUE,855-223-7123,855-223-7123,"PO BOX 740780, ATLANTA, GA 303740780"
"[{'address_1': 'PO BOX 740780', 'address_purpose': 'MAILING', 'address_type': 'DOM', 'city': 'ATLANTA', 'country_code': 'US', 'country_name': 'United States', 'fax_number': '619-374-7134', 'postal_code': '303740780', 'state': 'GA', 'telephone_number': '855-223-7123'}, {'address_1': '15852 GALE AVE', 'address_purpose': 'LOCATION', 'address_type': 'DOM', 'city': 'HACIENDA HEIGHTS', 'country_code': 'US', 'country_name': 'United States', 'fax_number': '619-374-7134', 'postal_code': '917451601', 'state': 'CA', 'telephone_number': '855-223-7123'}]","{'certification_date': '2026-04-24', 'enumeration_date': '2026-03-04', 'first_name': 'ANGELICA', 'last_name': 'AGUIRRE', 'last_updated': '2026-04-24', 'sex': 'F', 'sole_proprietor': 'NO', 'status': 'A'}",1772658602000,[],NPI-1,[],1777020047000,1083560957,[],"[{'address_1': '2235 E GARVEY AVE N', 'address_purpose': 'LOCATION', 'address_type': 'DOM', 'city': 'WEST COVINA', 'country_code': 'US', 'country_name': 'United States', 'fax_number': '619-374-7134', 'postal_code': '917911540', 'state': 'CA', 'telephone_number': '855-223-7123'}]","[{'code': '106S00000X', 'desc': 'Behavior Technician', 'license': None, 'primary': True, 'state': None, 'taxonomy_group': ''}]",PO BOX 740780,,ATLANTA,GA,303740780,Behavior Technician,ANGELICA AGUIRRE,619-374-7134,855-223-7123,"PO BOX 740780, ATLANTA, GA 303740780"
"[{'address_1': 'PO BOX 740780', 'address_purpose': 'MAILING', 'address_type': 'DOM', 'city': 'ATLANTA', 'country_code': 'US', 'country_name': 'United States', 'fax_number': '619-374-7134', 'postal_code': '303740780', 'state': 'GA', 'telephone_number': '855-223-7123'}, {'address_1': '2235 E GARVEY AVE N', 'address_purpose': 'LOCATION', 'address_type': 'DOM', 'city': 'WEST COVINA', 'country_code': 'US', 'country_name': 'United States', 'postal_code': '917911540', 'state': 'CA', 'telephone_number': '855-223-7123'}]","{'certification_date': '2026-03-04', 'enumeration_date': '2026-02-02', 'first_name': 'BRIANNA', 'last_name': 'ACEVEDO', 'last_updated': '2026-03-04', 'sex': 'F', 'sole_proprietor': 'NO', 'status': 'A'}",1770074704000,[],NPI-1,[],1772649544000,1649120114,[],"[{'address_1': '17462 COLIMA RD', 'address_purpose': 'LOCATION', 'address_type': 'DOM', 'city': 'ROWLAND HEIGHTS', 'country_code': 'US', 'country_name': 'United States', 'fax_number': '619-374-7134', 'postal_code': '917481633', 'state': 'CA', 'telephone_number': '855-223-7123'}, {'address_1': '15852 GALE AVE', 'address_purpose': 'LOCATION', 'address_type': 'DOM', 'city': 'HACIENDA HEIGHTS', 'country_code': 'US', 'country_name': 'United States', 'fax_number': '619-374-7134', 'postal_code': '917451601', 'state': 'CA', 'telephone_number': '855-223-7123'}]","[{'code': '106S00000X', 'desc': 'Behavior Technician', 'license': None, 'primary': True, 'state': None, 'taxonomy_group': ''}]",PO BOX 740780,,ATLANTA,GA,303740780,Behavior Technician,BRIANNA ACEVEDO,619-374-7134,855-223-7123,"PO BOX 740780, ATLANTA, GA 303740780"
"[{'address_1': 'PO BOX 740780', 'address_purpose': 'MAILING', 'address_type': 'DOM', 'city': 'ATLANTA', 'country_code': 'US', 'country_name': 'United States', 'fax_number': '619-374-7134', 'postal_code': '303740780', 'state': 'GA', 'telephone_number': '855-223-7123'}, {'address_1': '1295 CORONA POINTE CT STE 102', 'address_purpose': 'LOCATION', 'address_type': 'DOM', 'city': 'CORONA', 'country_code': 'US', 'country_name': 'United States', 'postal_code': '928791721', 'state': 'CA', 'telephone_number': '855-223-7123'}]","{'certification_date': '2026-04-03', 'enumeration_date': '2024-10-03', 'first_name': 'CHAKERA', 'last_name': 'ADAMS-FORT', 'last_updated': '2026-04-03', 'sex': 'F', 'sole_proprietor': 'NO', 'status': 'A'}",1727958003000,[],NPI-1,[],1775211204000,1598584922,[],[],"[{'code': '106S00000X', 'desc': 'Behavior Technician', 'license': None, 'primary': True, 'state': None, 'taxonomy_group': ''}]",PO BOX 740780,,ATLANTA,GA,303740780,Behavior Technician,CHAKERA ADAMS-FORT,619-374-7134,855-223-7123,"PO BOX 740780, ATLANTA, GA 303740780"
"[{'address_1': 'PO BOX 740780', 'address_purpose': 'MAILING', 'address_type': 'DOM', 'city': 'ATLANTA', 'country_code': 'US', 'country_name': 'United States', 'fax_number': '619-374-7134', 'postal_code': '303740780', 'state': 'GA', 'telephone_number': '855-223-7123'}, {'address_1': '8030 SOQUEL AVE STE 104', 'address_purpose': 'LOCATION', 'address_type': 'DOM', 'city': 'SANTA CRUZ', 'country_code': 'US', 'country_name': 'United States', 'fax_number': '619-374-7134', 'postal_code': '950622096', 'state': 'CA', 'telephone_number': '855-223-7123'}]","{'certification_date': '2026-02-09', 'enumeration_date': '2026-02-09', 'first_name': 'ERIKA', 'last_name': 'ALCANTAR', 'last_updated': '2026-02-09', 'sex': 'F', 'sole_proprietor': 'NO', 'status': 'A'}",1770651304000,[],NPI-1,[],1770651304000,1831040435,[],[],"[{'code': '106S00000X', 'desc': 'Behavior Technician', 'license': None, 'primary': True, 'state': None, 'taxonomy_group': ''}]",PO BOX 740780,,ATLANTA,GA,303740780,Behavior Technician,ERIKA ALCANTAR,619-374-7134,855-223-7123,"PO BOX 740780, ATLANTA, GA 303740780"
"[{'address_1': 'PO BOX 740780', 'address_purpose': 'MAILING', 'address_type': 'DOM', 'city': 'ATLANTA', 'country_code': 'US', 'country_name': 'United States', 'fax_number': '619-374-7134', 'postal_code': '303740780', 'state': 'GA', 'telephone_number': '855-223-7123'}, {'address_1': '7339 N 1ST ST', 'address_purpose': 'LOCATION', 'address_type': 'DOM', 'city': 'FRESNO', 'country_code': 'US', 'country_name': 'United States', 'fax_number': '619-374-7134', 'postal_code': '937202954', 'state': 'CA', 'telephone_number': '855-223-7123'}]","{'certification_date': '2026-03-11', 'enumeration_date': '2022-09-26', 'first_name': 'GABRIELA', 'last_name': 'AGUILAR ZAMUDIO', 'last_updated': '2026-03-11', 'sex': 'F', 'sole_proprietor': 'NO', 'status': 'A'}",1664190286000,[],NPI-1,[],1773271148000,1467175364,[],"[{'address_1': '530 E HERNDON AVE STE 105', 'address_purpose': 'LOCATION', 'address_type': 'DOM', 'city': 'FRESNO', 'country_code': 'US', 'country_name': 'United States', 'fax_number': '619-374-7134', 'postal_code': '937202990', 'state': 'CA', 'telephone_number': '855-223-7123'}]","[{'code': '106S00000X', 'desc': 'Behavior Technician', 'license': 'RBT-22-242274', 'primary': True, 'state': 'CA', 'taxonomy_group': ''}]",PO BOX 740780,,ATLANTA,GA,303740780,Behavior Technician,GABRIELA AGUILAR ZAMUDIO,619-374-7134,855-223-7123,"PO BOX 740780, ATLANTA, GA 303740780"
"[{'address_1': 'PO BOX 740780', 'address_purpose': 'MAILING', 'address_type': 'DOM', 'city': 'ATLANTA', 'country_code': 'US', 'country_name': 'United States', 'fax_number': '619-374-7134', 'postal_code': '303740780', 'state': 'GA', 'telephone_number': '855-223-7123'}, {'address_1': '4838 E BASELINE RD STE 118', 'address_purpose': 'LOCATION', 'address_type': 'DOM', 'city': 'MESA', 'country_code': 'US', 'country_name': 'United States', 'fax_number': '619-374-7134', 'postal_code': '852064674', 'state': 'AZ', 'telephone_number': '855-223-7123'}]","{'certification_date': '2026-02-16', 'enumeration_date': '2026-02-16', 'first_name': 'HIBAH', 'last_name': 'AL ASSI', 'last_updated': '2026-02-16', 'sex': '', 'sole_proprietor': 'NO', 'status': 'A'}",1771259102000,[],NPI-1,[],1771259102000,1356294979,[],[],"[{'code': '106S00000X', 'desc': 'Behavior Technician', 'license': None, 'primary': True, 'state': 'AZ', 'taxonomy_group': ''}]",PO BOX 740780,,ATLANTA,GA,303740780,Behavior Technician,HIBAH AL ASSI,619-374-7134,855-223-7123,"PO BOX 740780, ATLANTA, GA 303740780"
"[{'address_1': 'PO BOX 740780', 'address_purpose': 'MAILING', 'address_type': 'DOM', 'city': 'ATLANTA', 'country_code': 'US', 'country_name': 'United States', 'fax_number': '619-374-7134', 'postal_code': '303740780', 'state': 'GA', 'telephone_number': '855-223-7123'}, {'address_1': '15852 GALE AVE', 'address_purpose': 'LOCATION', 'address_type': 'DOM', 'city': 'HACIENDA HEIGHTS', 'country_code': 'US', 'country_name': 'United States', 'fax_number': '619-374-7134', 'postal_code': '917451601', 'state': 'CA', 'telephone_number': '855-223-7123'}]","{'certification_date': '2026-01-23', 'enumeration_date': '2025-11-14', 'first_name': 'JESUS', 'last_name': 'AGUILAR', 'last_updated': '2026-01-23', 'sex': 'M', 'sole_proprietor': 'NO', 'status': 'A'}",1763148304000,[],NPI-1,[],1769183525000,1063372787,[],"[{'address_1': '17462 COLIMA RD', 'address_purpose': 'LOCATION', 'address_type': 'DOM', 'city': 'ROWLAND HEIGHTS', 'country_code': 'US', 'country_name': 'United States', 'fax_number': '619-374-7134', 'postal_code': '917481633', 'state': 'CA', 'telephone_number': '855-223-7123'}, {'address_1': '2235 E GARVEY AVE N', 'address_purpose': 'LOCATION', 'address_type': 'DOM', 'city': 'WEST COVINA', 'country_code': 'US', 'country_name': 'United States', 'fax_number': '619-374-7134', 'postal_code': '917911540', 'state': 'CA', 'telephone_number': '855-223-7123'}]","[{'code': '106S00000X', 'desc': 'Behavior Technician', 'license': None, 'primary': True, 'state': None, 'taxonomy_group': ''}]",PO BOX 740780,,ATLANTA,GA,303740780,Behavior Technician,JESUS AGUILAR,619-374-7134,855-223-7123,"PO BOX 740780, ATLANTA, GA 303740780"
"[{'address_1': 'PO BOX 740780', 'address_purpose': 'MAILING', 'address_type': 'DOM', 'city': 'ATLANTA', 'country_code': 'US', 'country_name': 'United States', 'fax_number': '619-374-7134', 'postal_code': '303740780', 'state': 'GA', 'telephone_number': '855-223-7123'}, {'address_1': '21 RANCHO CAMINO DR STE 101-104', 'address_purpose': 'LOCATION', 'address_type': 'DOM', 'city': 'POMONA', 'country_code': 'US', 'country_name': 'United States', 'postal_code': '917667019', 'state': 'CA', 'telephone_number': '855-223-7123'}]","{'certification_date': '2026-02-09', 'enumeration_date': '2025-12-29', 'first_name': 'LESLIE', 'last_name': 'ALANIZ', 'last_updated': '2026-02-09', 'sex': 'F', 'sole_proprietor': 'NO', 'status': 'A'}",1767041107000,[],NPI-1,[],1770649749000,1164388625,[],"[{'address_1': '2990 INLAND EMPIRE BLVD STE 100', 'address_purpose': 'LOCATION', 'address_type': 'DOM', 'city': 'ONTARIO', 'country_code': 'US', 'country_name': 'United States', 'fax_number': '619-374-7134', 'postal_code': '917644899', 'state': 'CA', 'telephone_number': '855-223-7123'}]","[{'code': '106S00000X', 'desc': 'Behavior Technician', 'license': None, 'primary': True, 'state': None, 'taxonomy_group': ''}]",PO BOX 740780,,ATLANTA,GA,303740780,Behavior Technician,LESLIE ALANIZ,619-374-7134,855-223-7123,"PO BOX 740780, ATLANTA, GA 303740780"
"[{'address_1': 'PO BOX 740780', 'address_purpose': 'MAILING', 'address_type': 'DOM', 'city': 'ATLANTA', 'country_code': 'US', 'country_name': 'United States', 'fax_number': '619-374-7134', 'postal_code': '303740780', 'state': 'GA', 'telephone_number': '855-223-7123'}, {'address_1': '4439 N 7TH ST', 'address_purpose': 'LOCATION', 'address_type': 'DOM', 'city': 'PHOENIX', 'country_code': 'US', 'country_name': 'United States', 'fax_number': '619-374-7134', 'postal_code': '850144139', 'state': 'AZ', 'telephone_number': '855-223-7123'}]","{'certification_date': '2026-03-17', 'enumeration_date': '2026-02-16', 'first_name': 'LESLIE', 'last_name': 'ALBARRAN SOLORIO', 'last_updated': '2026-03-17', 'sex': 'F', 'sole_proprietor': 'NO', 'status': 'A'}",1771261503000,[],NPI-1,[],1773773508000,1801749320,[],[],"[{'code': '106S00000X', 'desc': 'Behavior Technician', 'license': None, 'primary': True, 'state': 'AZ', 'taxonomy_group': ''}]",PO BOX 740780,,ATLANTA,GA,303740780,Behavior Technician,LESLIE ALBARRAN SOLORIO,619-374-7134,855-223-7123,"PO BOX 740780, ATLANTA, GA 303740780"
"[{'address_1': 'PO BOX 740780', 'address_purpose': 'MAILING', 'address_type': 'DOM', 'city': 'ATLANTA', 'country_code': 'US', 'country_name': 'United States', 'fax_number': '619-374-7134', 'postal_code': '303740780', 'state': 'GA', 'telephone_number': '855-223-7123'}, {'address_1': '1887 MONTEREY HWY STE 225', 'address_purpose': 'LOCATION', 'address_type': 'DOM', 'city': 'SAN JOSE', 'country_code': 'US', 'country_name': 'United States', 'fax_number': '619-374-7134', 'postal_code': '951126192', 'state': 'CA', 'telephone_number': '855-223-7123'}]","{'certification_date': '2026-03-09', 'enumeration_date': '2026-03-09', 'first_name': 'LILIANA', 'last_name': 'AGUILAR', 'last_updated': '2026-03-09', 'sex': 'F', 'sole_proprietor': 'NO', 'status': 'A'}",1773076537000,[],NPI-1,[],1773076537000,1023964350,[],[],"[{'code': '106S00000X', 'desc': 'Behavior Technician', 'license': None, 'primary': True, 'state': None, 'taxonomy_group': ''}]",PO BOX 740780,,ATLANTA,GA,303740780,Behavior Technician,LILIANA AGUILAR,619-374-7134,855-223-7123,"PO BOX 740780, ATLANTA, GA 303740780"
"[{'address_1': 'PO BOX 740780', 'address_purpose': 'MAILING', 'address_type': 'DOM', 'city': 'ATLANTA', 'country_code': 'US', 'country_name': 'United States', 'fax_number': '619-374-7134', 'postal_code': '303740780', 'state': 'GA', 'telephone_number': '855-223-7123'}, {'address_1': '2990 INLAND EMPIRE BLVD STE 100', 'address_purpose': 'LOCATION', 'address_type': 'DOM', 'city': 'ONTARIO', 'country_code': 'US', 'country_name': 'United States', 'postal_code': '917644899', 'state': 'CA', 'telephone_number': '855-223-7123'}]","{'certification_date': '2026-08-11', 'enumeration_date': '2023-08-18', 'first_name': 'MARIBEL', 'last_name': 'AGUILAR', 'last_updated': '2026-08-11', 'sex': 'F', 'sole_proprietor': 'NO', 'status': 'A'}",1692393967000,[],NPI-1,[],1786468347000,1962286211,[],[],"[{'code': '106S00000X', 'desc': 'Behavior Technician', 'license': None, 'primary': True, 'state': None, 'taxonomy_group': ''}]",PO BOX 740780,,ATLANTA,GA,303740780,Behavior Technician,MARIBEL AGUILAR,619-374-7134,855-223-7123,"PO BOX 740780, ATLANTA, GA 303740780"
"[{'address_1': 'PO BOX 740780', 'address_purpose': 'MAILING', 'address_type': 'DOM', 'city': 'ATLANTA', 'country_code': 'US', 'country_name': 'United States', 'fax_number': '619-374-7134', 'postal_code': '303740780', 'state': 'GA', 'telephone_number': '855-223-7123'}, {'address_1': '1295 CORONA POINTE CT STE 102', 'address_purpose': 'LOCATION', 'address_type': 'DOM', 'city': 'CORONA', 'country_code': 'US', 'country_name': 'United States', 'fax_number': '619-374-7134', 'postal_code': '928791721', 'state': 'CA', 'telephone_number': '855-223-7123'}]","{'certification_date': '2026-02-12', 'enumeration_date': '2026-02-12', 'first_name': 'MARK', 'last_name': 'ABDELMLEK', 'last_updated': '2026-02-12', 'sex': 'M', 'sole_proprietor': 'NO', 'status': 'A'}",1770907204000,[],NPI-1,[],1770907204000,1700738762,[],[],"[{'code': '106S00000X', 'desc': 'Behavior Technician', 'license': None, 'primary': True, 'state': None, 'taxonomy_group': ''}]",PO BOX 740780,,ATLANTA,GA,303740780,Behavior Technician,MARK ABDELMLEK,619-374-7134,855-223-7123,"PO BOX 740780, ATLANTA, GA 303740780"
"[{'address_1': 'PO BOX 740780', 'address_purpose': 'MAILING', 'address_type': 'DOM', 'city': 'ATLANTA', 'country_code': 'US', 'country_name': 'United States', 'fax_number': '619-374-7134', 'postal_code': '303740780', 'state': 'GA', 'telephone_number': '855-223-7123'}, {'address_1': '21 RANCHO CAMINO DR STE 106', 'address_purpose': 'LOCATION', 'address_type': 'DOM', 'city': 'POMONA', 'country_code': 'US', 'country_name': 'United States', 'postal_code': '917667020', 'state': 'CA', 'telephone_number': '855-223-7123'}]","{'certification_date': '2026-03-05', 'enumeration_date': '2022-07-08', 'first_name': 'MARLENE', 'last_name': 'ALEGRIA', 'last_updated': '2026-03-05', 'sex': 'F', 'sole_proprietor': 'NO', 'status': 'A'}",1657288272000,[],NPI-1,[],1772749626000,1558094342,[],"[{'address_1': '310 3RD AVE STE BEB8', 'address_purpose': 'LOCATION', 'address_type': 'DOM', 'city': 'CHULA VISTA', 'country_code': 'US', 'country_name': 'United States', 'postal_code': '919103953', 'state': 'CA', 'telephone_number': '855-223-7123'}, {'address_1': '2990 INLAND EMPIRE BLVD STE 100', 'address_purpose': 'LOCATION', 'address_type': 'DOM', 'city': 'ONTARIO', 'country_code': 'US', 'country_name': 'United States', 'fax_number': '619-374-7134', 'postal_code': '917644899', 'state': 'CA', 'telephone_number': '855-223-7123'}]","[{'code': '106S00000X', 'desc': 'Behavior Technician', 'license': None, 'primary': True, 'state': None, 'taxonomy_group': ''}]",PO BOX 740780,,ATLANTA,GA,303740780,Behavior Technician,MARLENE ALEGRIA,619-374-7134,855-223-7123,"PO BOX 740780, ATLANTA, GA 303740780"
"[{'address_1': 'PO BOX 740780', 'address_purpose': 'MAILING', 'address_type': 'DOM', 'city': 'ATLANTA', 'country_code': 'US', 'country_name': 'United States', 'fax_number': '619-374-7134', 'postal_code': '303740780', 'state': 'GA', 'telephone_number': '855-223-7123'}, {'address_1': '1134 W EL CAMINO REAL', 'address_purpose': 'LOCATION', 'address_type': 'DOM', 'city': 'MOUNTAIN VIEW', 'country_code': 'US', 'country_name': 'United States', 'fax_number': '619-374-7134', 'postal_code': '940402518', 'state': 'CA', 'telephone_number': '855-223-7123'}]","{'certification_date': '2026-02-09', 'enumeration_date': '2026-02-09', 'first_name': 'MARYAM', 'last_name': 'ABDURAHIMOVA', 'last_updated': '2026-02-09', 'sex': 'F', 'sole_proprietor': 'NO', 'status': 'A'}",1770656104000,[],NPI-1,[],1770656104000,1164373791,[],[],"[{'code': '106S00000X', 'desc': 'Behavior Technician', 'license': None, 'primary': True, 'state': None, 'taxonomy_group': ''}]",PO BOX 740780,,ATLANTA,GA,303740780,Behavior Technician,MARYAM ABDURAHIMOVA,619-374-7134,855-223-7123,"PO BOX 740780, ATLANTA, GA 303740780"
"[{'address_1': 'PO BOX 740780', 'address_purpose': 'MAILING', 'address_type': 'DOM', 'city': 'ATLANTA', 'country_code': 'US', 'country_name': 'United States', 'fax_number': '619-374-7134', 'postal_code': '303740780', 'state': 'GA', 'telephone_number': '855-223-7123'}, {'address_1': '7339 N 1ST ST', 'address_purpose': 'LOCATION', 'address_type': 'DOM', 'city': 'FRESNO', 'country_code': 'US', 'country_name': 'United States', 'fax_number': '619-374-7134', 'postal_code': '937202954', 'state': 'CA', 'telephone_number': '855-223-7123'}]","{'certification_date': '2026-03-12', 'enumeration_date': '2024-03-05', 'first_name': 'MELISSA', 'last_name': 'ALARCON', 'last_updated': '2026-03-12', 'middle_name': 'CHRISTINE', 'sex': 'F', 'sole_proprietor': 'NO', 'status': 'A'}",1709663104000,[],NPI-1,[],1773329666000,1790542843,[],"[{'address_1': '530 E HERNDON AVE STE 105', 'address_purpose': 'LOCATION', 'address_type': 'DOM', 'city': 'FRESNO', 'country_code': 'US', 'country_name': 'United States', 'postal_code': '937202990', 'state': 'CA', 'telephone_number': '855-223-7123'}]","[{'code': '106S00000X', 'desc': 'Behavior Technician', 'license': 'RBT-24-350784', 'primary': True, 'state': 'CA', 'taxonomy_group': ''}]",PO BOX 740780,,ATLANTA,GA,303740780,Behavior Technician,MELISSA ALARCON,619-374-7134,855-223-7123,"PO BOX 740780, ATLANTA, GA 303740780"
"[{'address_1': 'PO BOX 740780', 'address_purpose': 'MAILING', 'address_type': 'DOM', 'city': 'ATLANTA', 'country_code': 'US', 'country_name': 'United States', 'fax_number': '619-374-7134', 'postal_code': '303740780', 'state': 'GA', 'telephone_number': '855-223-7123'}, {'address_1': '2576 CATAMARAN WAY', 'address_purpose': 'LOCATION', 'address_type': 'DOM', 'city': 'CHULA VISTA', 'country_code': 'US', 'country_name': 'United States', 'fax_number': '619-374-7134', 'postal_code': '919144533', 'state': 'CA', 'telephone_number': '855-223-7123'}]","{'certification_date': '2026-02-06', 'enumeration_date': '2023-01-11', 'first_name': 'NIRIAN', 'last_name': 'ALARCON', 'last_updated': '2026-02-06', 'sex': 'F', 'sole_proprietor': 'NO', 'status': 'A'}",1673469810000,[],NPI-1,[],1770396084000,1538873708,[],[],"[{'code': '106S00000X', 'desc': 'Behavior Technician', 'license': None, 'primary': True, 'state': None, 'taxonomy_group': ''}]",PO BOX 740780,,ATLANTA,GA,303740780,Behavior Technician,NIRIAN ALARCON,619-374-7134,855-223-7123,"PO BOX 740780, ATLANTA, GA 303740780"
"[{'address_1': 'PO BOX 740780', 'address_purpose': 'MAILING', 'address_type': 'DOM', 'city': 'ATLANTA', 'country_code': 'US', 'country_name': 'United States', 'fax_number': '619-374-7134', 'postal_code': '303740780', 'state': 'GA', 'telephone_number': '855-223-7123'}, {'address_1': '7339 N 1ST ST', 'address_purpose': 'LOCATION', 'address_type': 'DOM', 'city': 'FRESNO', 'country_code': 'US', 'country_name': 'United States', 'fax_number': '619-374-7134', 'postal_code': '937202954', 'state': 'CA', 'telephone_number': '855-223-7123'}]","{'certification_date': '2026-03-12', 'enumeration_date': '2022-10-10', 'first_name': 'PRINCESS-INDIA', 'last_name': 'ALEXANDER', 'last_updated': '2026-03-12', 'sex': 'F', 'sole_proprietor': 'NO', 'status': 'A'}",1665399802000,[],NPI-1,[],1773338293000,1730804048,[],"[{'address_1': '530 E HERNDON AVE STE 105', 'address_purpose': 'LOCATION', 'address_type': 'DOM', 'city': 'FRESNO', 'country_code': 'US', 'country_name': 'United States', 'postal_code': '937202990', 'state': 'CA', 'telephone_number': '855-223-7123'}]","[{'code': '106S00000X', 'desc': 'Behavior Technician', 'license': 'RBT-24-349852', 'primary': True, 'state': 'CA', 'taxonomy_group': ''}]",PO BOX 740780,,ATLANTA,GA,303740780,Behavior Technician,PRINCESS-INDIA ALEXANDER,619-374-7134,855-223-7123,"PO BOX 740780, ATLANTA, GA 303740780"
"[{'address_1': 'PO BOX 740780', 'address_purpose': 'MAILING', 'address_type': 'DOM', 'city': 'ATLANTA', 'country_code': 'US', 'country_name': 'United States', 'fax_number': '619-374-7134', 'postal_code': '303740780', 'state': 'GA', 'telephone_number': '855-223-7123'}, {'address_1': '5919 100TH ST SW # 2', 'address_purpose': 'LOCATION', 'address_type': 'DOM', 'city': 'LAKEWOOD', 'country_code': 'US', 'country_name': 'United States', 'fax_number': '619-374-7134', 'postal_code': '984992731', 'state': 'WA', 'telephone_number': '855-223-7123'}]","{'certification_date': '2026-07-22', 'enumeration_date': '2024-12-04', 'first_name': 'SAMAH', 'last_name': 'ALGHAZALI', 'last_updated': '2026-07-22', 'sex': 'F', 'sole_proprietor': 'NO', 'status': 'A'}",1733336703000,[],NPI-1,[],1784738637000,1386450435,[],"[{'address_1': '10015 LAKEWOOD DR SW', 'address_purpose': 'LOCATION', 'address_type': 'DOM', 'city': 'LAKEWOOD', 'country_code': 'US', 'country_name': 'United States', 'postal_code': '984993838', 'state': 'WA', 'telephone_number': '855-223-7123'}, {'address_1': '521 MILITARY RD S', 'address_purpose': 'LOCATION', 'address_type': 'DOM', 'city': 'TACOMA', 'country_code': 'US', 'country_name': 'United States', 'postal_code': '984442600', 'state': 'WA', 'telephone_number': '855-223-7123'}]","[{'code': '106S00000X', 'desc': 'Behavior Technician', 'license': 'CB61635262', 'primary': False, 'state': 'WA', 'taxonomy_group': ''}, {'code': '106S00000X', 'desc': 'Behavior Technician', 'license': 'RBT-24-396576', 'primary': True, 'state': 'WA', 'taxonomy_group': ''}]",PO BOX 740780,,ATLANTA,GA,303740780,Behavior Technician,SAMAH ALGHAZALI,619-374-7134,855-223-7123,"PO BOX 740780, ATLANTA, GA 303740780"
"[{'address_1': 'PO BOX 740780', 'address_purpose': 'MAILING', 'address_type': 'DOM', 'city': 'ATLANTA', 'country_code': 'US', 'country_name': 'United States', 'fax_number': '619-374-7134', 'postal_code': '303740780', 'state': 'GA', 'telephone_number': '855-223-7123'}, {'address_1': '1600 W CHANDLER BLVD STE 180', 'address_purpose': 'LOCATION', 'address_type': 'DOM', 'city': 'CHANDLER', 'country_code': 'US', 'country_name': 'United States', 'fax_number': '619-374-7134', 'postal_code': '852246164', 'state': 'AZ', 'telephone_number': '855-223-7123'}]","{'certification_date': '2026-03-26', 'enumeration_date': '2025-11-19', 'first_name': 'SARA', 'last_name': 'ALEXANDER', 'last_updated': '2026-03-26', 'middle_name': 'ANN', 'sex': 'F', 'sole_proprietor': 'NO', 'status': 'A'}",1763565904000,[],NPI-1,[],1774516889000,1275494288,[],[],"[{'code': '106S00000X', 'desc': 'Behavior Technician', 'license': None, 'primary': True, 'state': None, 'taxonomy_group': ''}]",PO BOX 740780,,ATLANTA,GA,303740780,Behavior Technician,SARA ALEXANDER,619-374-7134,855-223-7123,"PO BOX 740780, ATLANTA, GA 303740780"
"[{'address_1': 'PO BOX 740780', 'address_purpose': 'MAILING', 'address_type': 'DOM', 'city': 'ATLANTA', 'country_code': 'US', 'country_name': 'United States', 'fax_number': '323-866-1881', 'postal_code': '303740780', 'state': 'GA', 'telephone_number': '855-223-7123'}, {'address_1': '2235 E GARVEY AVE N', 'address_purpose': 'LOCATION', 'address_type': 'DOM', 'city': 'WEST COVINA', 'country_code': 'US', 'country_name': 'United States', 'postal_code': '917911540', 'state': 'CA', 'telephone_number': '855-223-7123'}]","{'certification_date': '2026-03-16', 'enumeration_date': '2023-11-01', 'first_name': 'SERGIO', 'last_name': 'AGUIRRE', 'last_updated': '2026-03-16', 'sex': 'M', 'sole_proprietor': 'NO', 'status': 'A'}",1698849145000,[],NPI-1,[],1773701872000,1619740792,[],[],"[{'code': '106S00000X', 'desc': 'Behavior Technician', 'license': None, 'primary': True, 'state': None, 'taxonomy_group': ''}]",PO BOX 740780,,ATLANTA,GA,303740780,Behavior Technician,SERGIO AGUIRRE,323-866-1881,855-223-7123,"PO BOX 740780, ATLANTA, GA 303740780"
"[{'address_1': 'PO BOX 740780', 'address_purpose': 'MAILING', 'address_type': 'DOM', 'city': 'ATLANTA', 'country_code': 'US', 'country_name': 'United States', 'fax_number': '619-374-7134', 'postal_code': '303740780', 'state': 'GA', 'telephone_number': '855-223-7123'}, {'address_1': '1001 SNEATH LN STE 100', 'address_purpose': 'LOCATION', 'address_type': 'DOM', 'city': 'SAN BRUNO', 'country_code': 'US', 'country_name': 'United States', 'fax_number': '619-374-7134', 'postal_code': '940662349', 'state': 'CA', 'telephone_number': '855-223-7123'}]","{'certification_date': '2026-02-26', 'enumeration_date': '2021-06-05', 'first_name': 'SHIOUN', 'last_name': 'ALBAN', 'last_updated': '2026-02-26', 'sex': 'M', 'sole_proprietor': 'NO', 'status': 'A'}",1622913854000,[],NPI-1,[],1772145300000,1467029843,[],"[{'address_1': '901 SNEATH LN STE 105', 'address_purpose': 'LOCATION', 'address_type': 'DOM', 'city': 'SAN BRUNO', 'country_code': 'US', 'country_name': 'United States', 'postal_code': '940662415', 'state': 'CA', 'telephone_number': '855-223-7123'}]","[{'code': '106S00000X', 'desc': 'Behavior Technician', 'license': None, 'primary': True, 'state': None, 'taxonomy_group': ''}]",PO BOX 740780,,ATLANTA,GA,303740780,Behavior Technician,SHIOUN ALBAN,619-374-7134,855-223-7123,"PO BOX 740780, ATLANTA, GA 303740780"
"[{'address_1': 'PO BOX 740780', 'address_purpose': 'MAILING', 'address_type': 'DOM', 'city': 'ATLANTA', 'country_code': 'US', 'country_name': 'United States', 'fax_number': '619-374-7134', 'postal_code': '303740780', 'state': 'GA', 'telephone_number': '855-223-7123'}, {'address_1': '20 E FOOTHILL BLVD STE 105', 'address_purpose': 'LOCATION', 'address_type': 'DOM', 'city': 'ARCADIA', 'country_code': 'US', 'country_name': 'United States', 'fax_number': '619-374-7134', 'postal_code': '910062335', 'state': 'CA', 'telephone_number': '855-223-7123'}]","{'certification_date': '2026-08-10', 'enumeration_date': '2024-12-02', 'first_name': 'SONIA', 'last_name': 'ALDANA', 'last_updated': '2026-08-10', 'sex': 'F', 'sole_proprietor': 'NO', 'status': 'A'}",1733149202000,[],NPI-1,[],1786383544000,1861218232,[],"[{'address_1': '2235 E GARVEY AVE N', 'address_purpose': 'LOCATION', 'address_type': 'DOM', 'city': 'WEST COVINA', 'country_code': 'US', 'country_name': 'United States', 'postal_code': '917911540', 'state': 'CA', 'telephone_number': '855-223-7123'}]","[{'code': '106S00000X', 'desc': 'Behavior Technician', 'license': 'RBT-25-500188', 'primary': True, 'state': 'CA', 'taxonomy_group': ''}]",PO BOX 740780,,ATLANTA,GA,303740780,Behavior Technician,SONIA ALDANA,619-374-7134,855-223-7123,"PO BOX 740780, ATLANTA, GA 303740780"
"[{'address_1': 'PO BOX 740780', 'address_purpose': 'MAILING', 'address_type': 'DOM', 'city': 'ATLANTA', 'country_code': 'US', 'country_name': 'United States', 'fax_number': '619-374-7134', 'postal_code': '303740780', 'state': 'GA', 'telephone_number': '855-223-7123'}, {'address_1': '310 3RD AVE STE B8', 'address_purpose': 'LOCATION', 'address_type': 'DOM', 'city': 'CHULA VISTA', 'country_code': 'US', 'country_name': 'United States', 'postal_code': '919103990', 'state': 'CA', 'telephone_number': '855-223-7123'}]","{'certification_date': '2026-07-09', 'enumeration_date': '2023-07-07', 'first_name': 'VANESSA', 'last_name': 'ALFARO', 'last_updated': '2026-07-09', 'sex': 'F', 'sole_proprietor': 'NO', 'status': 'A'}",1688743504000,[],NPI-1,[],1783618130000,1013695253,[],[],"[{'code': '106S00000X', 'desc': 'Behavior Technician', 'license': None, 'primary': True, 'state': None, 'taxonomy_group': ''}]",PO BOX 740780,,ATLANTA,GA,303740780,Behavior Technician,VANESSA ALFARO,619-374-7134,855-223-7123,"PO BOX 740780, ATLANTA, GA 303740780"
"[{'address_1': 'PO BOX 741331', 'address_purpose': 'MAILING', 'address_type': 'DOM', 'city': 'ATLANTA', 'country_code': 'US', 'country_name': 'United States', 'fax_number': '913-469-5267', 'postal_code': '303741331', 'state': 'GA', 'telephone_number': '913-469-0503'}, {'address_1': '1803 S RIDGEVIEW RD', 'address_purpose': 'LOCATION', 'address_type': 'DOM', 'city': 'OLATHE', 'country_code': 'US', 'country_name': 'United States', 'fax_number': '913-338-1311', 'postal_code': '660622376', 'state': 'KS', 'telephone_number': '913-829-0505'}]","{'credential': 'P.A.', 'enumeration_date': '2006-07-28', 'first_name': 'DEBORAH', 'last_name': 'ALDRIDGE', 'last_updated': '2013-01-04', 'middle_name': 'L.', 'name_prefix': '--', 'name_suffix': '--', 'sex': 'F', 'sole_proprietor': 'NO', 'status': 'A'}",1154133658000,[],NPI-1,[],1357307991000,1104830652,[],[],"[{'code': '363A00000X', 'desc': 'Physician Assistant', 'license': '15-00612', 'primary': True, 'state': 'KS', 'taxonomy_group': ''}]",PO BOX 741331,,ATLANTA,GA,303741331,Physician Assistant,DEBORAH ALDRIDGE,913-469-5267,913-469-0503,"PO BOX 741331, ATLANTA, GA 303741331"
"[{'address_1': 'PO BOX 741708', 'address_purpose': 'MAILING', 'address_type': 'DOM', 'city': 'ATLANTA', 'country_code': 'US', 'country_name': 'United States', 'fax_number': '352-382-7781', 'postal_code': '303741708', 'state': 'GA', 'telephone_number': '352-382-7214'}, {'address_1': '10969 SE 175TH PL', 'address_purpose': 'LOCATION', 'address_type': 'DOM', 'city': 'SUMMERFIELD', 'country_code': 'US', 'country_name': 'United States', 'fax_number': '352-347-9477', 'postal_code': '344910902', 'state': 'FL', 'telephone_number': '352-347-8877'}]","{'certification_date': '2021-07-22', 'credential': 'PT', 'enumeration_date': '2021-07-22', 'first_name': 'HEATHER', 'last_name': 'ALBERICO', 'last_updated': '2021-07-22', 'middle_name': 'LEIGH REID', 'sex': 'F', 'sole_proprietor': 'NO', 'status': 'A'}",1626983105000,[],NPI-1,[],1626983105000,1891368296,[],[],"[{'code': '225100000X', 'desc': 'Physical Therapist', 'license': 'PT34943', 'primary': True, 'state': 'FL', 'taxonomy_group': ''}]",PO BOX 741708,,ATLANTA,GA,303741708,Physical Therapist,HEATHER ALBERICO,352-382-7781,352-382-7214,"PO BOX 741708, ATLANTA, GA 303741708"
"[{'address_1': 'PO BOX 742616', 'address_purpose': 'MAILING', 'address_type': 'DOM', 'city': 'ATLANTA', 'country_code': 'US', 'country_name': 'United States', 'fax_number': '941-847-7919', 'postal_code': '303742616', 'state': 'GA', 'telephone_number': '770-219-8420'}, {'address_1': '108 PROMINENCE CT STE 200', 'address_purpose': 'LOCATION', 'address_type': 'DOM', 'city': 'DAWSONVILLE', 'country_code': 'US', 'country_name': 'United States', 'fax_number': '706-216-5285', 'postal_code': '305346340', 'state': 'GA', 'telephone_number': '706-216-3238'}]","{'certification_date': '2025-04-15', 'credential': 'M.D.', 'enumeration_date': '2006-05-20', 'first_name': 'KATIA', 'last_name': 'ADAMS', 'last_updated': '2025-04-15', 'middle_name': 'M', 'name_prefix': 'Dr.', 'sex': 'F', 'sole_proprietor': 'NO', 'status': 'A'}",1148112507000,[],NPI-1,"[{'code': '05', 'desc': 'MEDICAID', 'identifier': '101160300', 'issuer': None, 'state': 'FL'}, {'code': '05', 'desc': 'MEDICAID', 'identifier': '2323186', 'issuer': None, 'state': 'OH'}, {'code': '05', 'desc': 'MEDICAID', 'identifier': '64050875', 'issuer': None, 'state': 'KY'}, {'code': '01', 'desc': 'Other (non-Medicare)', 'identifier': 'KJ487', 'issuer': 'Medicare', 'state': 'FL'}, {'code': '01', 'desc': 'Other (non-Medicare)', 'identifier': 'P00839911', 'issuer': 'Railroad Medicare', 'state': 'KY'}]",1744743285000,1649224114,[],"[{'address_1': '1120 10TH ST E', 'address_purpose': 'LOCATION', 'address_type': 'DOM', 'city': 'PALMETTO', 'country_code': 'US', 'country_name': 'United States', 'fax_number': '941-847-7919', 'postal_code': '342214134', 'state': 'FL', 'telephone_number': '941-847-7903'}]","[{'code': '207Q00000X', 'desc': 'Family Medicine', 'license': 'ME136892', 'primary': False, 'state': 'FL', 'taxonomy_group': ''}, {'code': '207Q00000X', 'desc': 'Family Medicine', 'license': '65631', 'primary': True, 'state': 'GA', 'taxonomy_group': ''}]",PO BOX 742616,,ATLANTA,GA,303742616,Family Medicine,KATIA ADAMS,941-847-7919,770-219-8420,"PO BOX 742616, ATLANTA, GA 303742616"
"[{'address_1': 'PO BOX 742616', 'address_purpose': 'MAILING', 'address_type': 'DOM', 'city': 'ATLANTA', 'country_code': 'US', 'country_name': 'United States', 'fax_number': '770-219-8440', 'postal_code': '303742616', 'state': 'GA', 'telephone_number': '770-219-8420'}, {'address_1': '200 S ENOTA DR NE', 'address_2': 'SUITE 150', 'address_purpose': 'LOCATION', 'address_type': 'DOM', 'city': 'GAINESVILLE', 'country_code': 'US', 'country_name': 'United States', 'fax_number': '770-219-3209', 'postal_code': '30501', 'state': 'GA', 'telephone_number': '770-219-3202'}]","{'credential': 'M.D.', 'enumeration_date': '2006-04-10', 'first_name': 'JOHN', 'last_name': 'ADAMSKI', 'last_updated': '2019-05-20', 'middle_name': 'H', 'name_suffix': 'II', 'sex': 'M', 'sole_proprietor': 'NO', 'status': 'A'}",1144689145000,[],NPI-1,"[{'code': '05', 'desc': 'MEDICAID', 'identifier': '002713700', 'issuer': None, 'state': 'FL'}, {'code': '01', 'desc': 'Other (non-Medicare)', 'identifier': 'DS269Z', 'issuer': 'Medicare PTAN', 'state': 'FL'}]",1558375531000,1407819535,[],"[{'address_1': '80 SEYMOUR STREET', 'address_2': 'HARTFORD HOSPITAL SURGERY DEPT', 'address_purpose': 'LOCATION', 'address_type': 'DOM', 'city': 'HARTFORD', 'country_code': 'US', 'country_name': 'United States', 'postal_code': '061025037', 'state': 'CT', 'telephone_number': '860-972-4189'}]","[{'code': '208600000X', 'desc': 'Surgery', 'license': 'ME108074', 'primary': False, 'state': 'FL', 'taxonomy_group': ''}, {'code': '2086S0102X', 'desc': 'Surgery, Surgical Critical Care', 'license': 'ME108074', 'primary': False, 'state': 'FL', 'taxonomy_group': ''}, {'code': '2086S0102X', 'desc': 'Surgery, Surgical Critical Care', 'license': '042564', 'primary': False, 'state': 'CT', 'taxonomy_group': ''}, {'code': '2086S0102X', 'desc': 'Surgery, Surgical Critical Care', 'license': '068873', 'primary': True, 'state': 'GA', 'taxonomy_group': ''}]",PO BOX 742616,,ATLANTA,GA,303742616,"Surgery, Surgical Critical Care",JOHN ADAMSKI,770-219-8440,770-219-8420,"PO BOX 742616, ATLANTA, GA 303742616"
"[{'address_1': 'PO BOX 743070', 'address_purpose': 'MAILING', 'address_type': 'DOM', 'city': 'ATLANTA', 'country_code': 'US', 'country_name': 'United States', 'fax_number': '864-560-4413', 'postal_code': '303743070', 'state': 'GA', 'telephone_number': '864-560-4304'}, {'address_1': '101 E WOOD ST', 'address_purpose': 'LOCATION', 'address_type': 'DOM', 'city': 'SPARTANBURG', 'country_code': 'US', 'country_name': 'United States', 'fax_number': '864-560-7329', 'postal_code': '293033040', 'state': 'SC', 'telephone_number': '864-560-6806'}]","{'certification_date': '2025-11-24', 'credential': 'MD', 'enumeration_date': '2006-08-08', 'first_name': 'ELIZABETH', 'last_name': 'ABELL', 'last_updated': '2025-11-24', 'middle_name': 'LOUISE', 'sex': 'F', 'sole_proprietor': 'NO', 'status': 'A'}",1155015335000,"[{'address_1': '101 E Wood St', 'address_type': 'DOM', 'affiliation': 'N', 'city': 'Spartanburg', 'contentOtherDescription': 'eabell291771@direct-srhs.et0939.epichosted.com', 'contentType': 'OTHER', 'contentTypeDescription': 'Other', 'country_code': 'US', 'country_name': 'United States', 'endpoint': 'eabell291771@direct-srhs.et0939.epichosted.com', 'endpointType': 'DIRECT', 'endpointTypeDescription': 'Direct Messaging Address', 'postal_code': '293033040', 'state': 'SC', 'use': 'DIRECT', 'useDescription': 'Direct'}]",NPI-1,[],1764018902000,1083623805,[],[],"[{'code': '207R00000X', 'desc': 'Internal Medicine', 'license': '52580', 'primary': False, 'state': 'SC', 'taxonomy_group': ''}, {'code': '207RI0200X', 'desc': 'Internal Medicine, Infectious Disease', 'license': '52580', 'primary': True, 'state': 'SC', 'taxonomy_group': ''}]",PO BOX 743070,,ATLANTA,GA,303743070,"Internal Medicine, Infectious Disease",ELIZABETH ABELL,864-560-4413,864-560-4304,"PO BOX 743070, ATLANTA, GA 303743070"
"[{'address_1': 'PO BOX 744786', 'address_purpose': 'MAILING', 'address_type': 'DOM', 'city': 'ATLANTA', 'country_code': 'US', 'country_name': 'United States', 'fax_number': '704-671-5331', 'postal_code': '303744786', 'state': 'GA', 'telephone_number': '704-834-2450'}, {'address_1': '2000 CAROMONT PKWY STE 203', 'address_purpose': 'LOCATION', 'address_type': 'DOM', 'city': 'BELMONT', 'country_code': 'US', 'country_name': 'United States', 'postal_code': '280120158', 'state': 'NC', 'telephone_number': '980-834-5864'}]","{'certification_date': '2025-05-23', 'credential': 'D.O.', 'enumeration_date': '2016-06-22', 'first_name': 'OMAR', 'last_name': 'AHMED', 'last_updated': '2025-06-19', 'middle_name': 'FASIH', 'name_prefix': 'Dr.', 'sex': 'M', 'sole_proprietor': 'NO', 'status': 'A'}",1466615917000,[],NPI-1,[],1750352026000,1457702318,[],"[{'address_1': '934 COX RD', 'address_purpose': 'LOCATION', 'address_type': 'DOM', 'city': 'GASTONIA', 'country_code': 'US', 'country_name': 'United States', 'postal_code': '280543456', 'state': 'NC', 'telephone_number': '980-834-5864'}, {'address_1': '1000 CAROMONT PKWY', 'address_purpose': 'LOCATION', 'address_type': 'DOM', 'city': 'BELMONT', 'country_code': 'US', 'country_name': 'United States', 'postal_code': '280120140', 'state': 'NC', 'telephone_number': '704-834-2000'}, {'address_1': '2525 COURT DR', 'address_purpose': 'LOCATION', 'address_type': 'DOM', 'city': 'GASTONIA', 'country_code': 'US', 'country_name': 'United States', 'fax_number': '704-834-2500', 'postal_code': '280542140', 'state': 'NC', 'telephone_number': '704-834-2000'}]","[{'code': '207RC0200X', 'desc': 'Internal Medicine, Critical Care Medicine', 'license': '036150003', 'primary': False, 'state': 'IL', 'taxonomy_group': ''}, {'code': '207RP1001X', 'desc': 'Internal Medicine, Pulmonary Disease', 'license': '036150003', 'primary': False, 'state': 'IL', 'taxonomy_group': ''}, {'code': '207RP1001X', 'desc': 'Internal Medicine, Pulmonary Disease', 'license': '202501770', 'primary': False, 'state': 'NC', 'taxonomy_group': ''}, {'code': '207RC0200X', 'desc': 'Internal Medicine, Critical Care Medicine', 'license': '2025-01770', 'primary': True, 'state': 'NC', 'taxonomy_group': ''}]",PO BOX 744786,,ATLANTA,GA,303744786,"Internal Medicine, Critical Care Medicine",OMAR AHMED,704-671-5331,704-834-2450,"PO BOX 744786, ATLANTA, GA 303744786"
"[{'address_1': 'PO BOX 744786', 'address_purpose': 'MAILING', 'address_type': 'DOM', 'city': 'ATLANTA', 'country_code': 'US', 'country_name': 'United States', 'fax_number': '704-671-5331', 'postal_code': '303744786', 'state': 'GA', 'telephone_number': '704-834-2450'}, {'address_1': '620 SUMMIT CROSSING PL STE 108A', 'address_purpose': 'LOCATION', 'address_type': 'DOM', 'city': 'GASTONIA', 'country_code': 'US', 'country_name': 'United States', 'fax_number': '704-865-2811', 'postal_code': '28054', 'state': 'NC', 'telephone_number': '704-865-2229'}]","{'credential': 'M.D.', 'enumeration_date': '2005-09-27', 'first_name': 'GEORGE', 'last_name': 'ADCOCK', 'last_updated': '2019-07-11', 'middle_name': 'EDWARD', 'name_prefix': 'Dr.', 'name_suffix': 'III', 'sex': 'M', 'sole_proprietor': 'NO', 'status': 'A'}",1127827574000,[],NPI-1,"[{'code': '05', 'desc': 'MEDICAID', 'identifier': '89128VN', 'issuer': None, 'state': 'NC'}, {'code': '05', 'desc': 'MEDICAID', 'identifier': 'N00500', 'issuer': None, 'state': 'SC'}, {'code': '01', 'desc': 'Other (non-Medicare)', 'identifier': 'P00252901', 'issuer': 'RailRoad Medicare', 'state': 'NC'}]",1562864416000,1447246228,[],"[{'address_1': '2680 ABERDEEN BLVD', 'address_2': 'SUITE A', 'address_purpose': 'LOCATION', 'address_type': 'DOM', 'city': 'GASTONIA', 'country_code': 'US', 'country_name': 'United States', 'fax_number': '704-865-2811', 'postal_code': '280540637', 'state': 'NC', 'telephone_number': '704-865-2229'}]","[{'code': '207V00000X', 'desc': 'Obstetrics & Gynecology', 'license': '200100501', 'primary': True, 'state': 'NC', 'taxonomy_group': ''}]",PO BOX 744786,,ATLANTA,GA,303744786,Obstetrics & Gynecology,GEORGE ADCOCK,704-671-5331,704-834-2450,"PO BOX 744786, ATLANTA, GA 303744786"
"[{'address_1': 'PO BOX 744786', 'address_purpose': 'MAILING', 'address_type': 'DOM', 'city': 'ATLANTA', 'country_code': 'US', 'country_name': 'United States', 'fax_number': '704-671-5331', 'postal_code': '303744786', 'state': 'GA', 'telephone_number': '704-834-2450'}, {'address_1': '1337 E GARRISON BLVD', 'address_purpose': 'LOCATION', 'address_type': 'DOM', 'city': 'GASTONIA', 'country_code': 'US', 'country_name': 'United States', 'fax_number': '704-854-3086', 'postal_code': '280545127', 'state': 'NC', 'telephone_number': '704-865-3848'}]","{'certification_date': '2025-12-26', 'credential': 'MD', 'enumeration_date': '2007-10-05', 'first_name': 'SHAMSHER', 'last_name': 'AHLUWALIA', 'last_updated': '2025-12-26', 'middle_name': 'SINGH', 'name_prefix': 'Dr.', 'sex': 'M', 'sole_proprietor': 'YES', 'status': 'A'}",1191622446000,[],NPI-1,[],1766765468000,1497943286,"[{'code': '2', 'credential': 'M,D', 'first_name': 'KANWAR SHAMSHER', 'last_name': 'WALIA', 'middle_name': 'SINGH', 'prefix': 'Dr.', 'type': 'Professional Name'}]","[{'address_1': '2525 COURT DR', 'address_purpose': 'LOCATION', 'address_type': 'DOM', 'city': 'GASTONIA', 'country_code': 'US', 'country_name': 'United States', 'fax_number': '704-834-2500', 'postal_code': '280542140', 'state': 'NC', 'telephone_number': '704-834-2000'}, {'address_1': '2211 W MEADOWVIEW RD STE 108', 'address_purpose': 'LOCATION', 'address_type': 'DOM', 'city': 'GREENSBORO', 'country_code': 'US', 'country_name': 'United States', 'postal_code': '274073408', 'state': 'NC', 'telephone_number': '336-420-9558'}]","[{'code': '2084P0800X', 'desc': 'Psychiatry & Neurology, Psychiatry', 'license': '249480-1', 'primary': False, 'state': 'NY', 'taxonomy_group': ''}, {'code': '2084P0800X', 'desc': 'Psychiatry & Neurology, Psychiatry', 'license': '2009-00530', 'primary': True, 'state': 'NC', 'taxonomy_group': ''}, {'code': '2084P0800X', 'desc': 'Psychiatry & Neurology, Psychiatry', 'license': 'D0104141', 'primary': False, 'state': 'MD', 'taxonomy_group': ''}]",PO BOX 744786,,ATLANTA,GA,303744786,"Psychiatry & Neurology, Psychiatry",SHAMSHER AHLUWALIA,704-671-5331,704-834-2450,"PO BOX 744786, ATLANTA, GA 303744786"
"[{'address_1': 'PO BOX 746071', 'address_purpose': 'MAILING', 'address_type': 'DOM', 'city': 'ATLANTA', 'country_code': 'US', 'country_name': 'United States', 'fax_number': '773-866-8014', 'postal_code': '303746071', 'state': 'GA', 'telephone_number': '312-733-9730'}, {'address_1': '4271 W 3RD ST', 'address_purpose': 'LOCATION', 'address_type': 'DOM', 'city': 'DAYTON', 'country_code': 'US', 'country_name': 'United States', 'fax_number': '937-949-5839', 'postal_code': '454171406', 'state': 'OH', 'telephone_number': '937-971-7031'}]","{'certification_date': '2026-04-29', 'credential': 'MD', 'enumeration_date': '2012-04-03', 'first_name': 'ANGELA', 'last_name': 'ADAMS-HARRISON', 'last_updated': '2026-04-29', 'middle_name': 'A', 'sex': 'F', 'sole_proprietor': 'YES', 'status': 'A'}",1333455872000,"[{'address_1': '415 Byers Road Suite 300', 'address_type': 'DOM', 'affiliation': 'N', 'city': 'Miamisburg', 'contentTypeDescription': '', 'country_code': 'US', 'country_name': 'United States', 'endpoint': 'https://khnarr.ketthealth.com/FHIR-PROD/api/FHIR/DSTU2/', 'endpointType': 'FHIR', 'endpointTypeDescription': 'FHIR URL', 'postal_code': '453423263', 'state': 'OH', 'useDescription': ''}, {'address_1': '415 Byers Road Suite 300', 'address_type': 'DOM', 'affiliation': 'N', 'city': 'Miamisburg', 'contentTypeDescription': '', 'country_code': 'US', 'country_name': 'United States', 'endpoint': 'aadamsharrison604533@direct.ketteringhealth.org', 'endpointType': 'DIRECT', 'endpointTypeDescription': 'Direct Messaging Address', 'postal_code': '453423263', 'state': 'OH', 'useDescription': ''}]",NPI-1,"[{'code': '05', 'desc': 'MEDICAID', 'identifier': '0129627', 'issuer': None, 'state': 'OH'}]",1777463836000,1093071144,[],"[{'address_1': '474 N YELLOW SPRINGS ST', 'address_purpose': 'LOCATION', 'address_type': 'DOM', 'city': 'SPRINGFIELD', 'country_code': 'US', 'country_name': 'United States', 'postal_code': '455042463', 'state': 'OH', 'telephone_number': '937-399-9500'}]","[{'code': '207Q00000X', 'desc': 'Family Medicine', 'license': '35.127452', 'primary': True, 'state': 'OH', 'taxonomy_group': ''}]",PO BOX 746071,,ATLANTA,GA,303746071,Family Medicine,ANGELA ADAMS-HARRISON,773-866-8014,312-733-9730,"PO BOX 746071, ATLANTA, GA 303746071"
"[{'address_1': 'PO BOX 746075', 'address_purpose': 'MAILING', 'address_type': 'DOM', 'city': 'ATLANTA', 'country_code': 'US', 'country_name': 'United States', 'fax_number': '800-819-7806', 'postal_code': '303746075', 'state': 'GA', 'telephone_number': '818-241-6780'}, {'address_1': '7088 N MAPLE AVE STE 105', 'address_purpose': 'LOCATION', 'address_type': 'DOM', 'city': 'FRESNO', 'country_code': 'US', 'country_name': 'United States', 'fax_number': '800-819-7806', 'postal_code': '937200391', 'state': 'CA', 'telephone_number': '818-241-6780'}]","{'certification_date': '2022-09-26', 'credential': 'BCBA', 'enumeration_date': '2018-03-13', 'first_name': 'DYLAN', 'last_name': 'ALBIANI', 'last_updated': '2022-09-26', 'sex': 'M', 'sole_proprietor': 'NO', 'status': 'A'}",1520954953000,[],NPI-1,"[{'code': '01', 'desc': 'Other (non-Medicare)', 'identifier': '1609199512', 'issuer': 'NPI', 'state': 'CA'}]",1664209507000,1790288173,[],"[{'address_1': '5140 N FRUIT AVE', 'address_purpose': 'LOCATION', 'address_type': 'DOM', 'city': 'FRESNO', 'country_code': 'US', 'country_name': 'United States', 'postal_code': '937113022', 'state': 'CA', 'telephone_number': '559-449-1059'}]","[{'code': '106S00000X', 'desc': 'Behavior Technician', 'license': None, 'primary': False, 'state': None, 'taxonomy_group': ''}, {'code': '103K00000X', 'desc': 'Behavior Analyst', 'license': '1-20-44764', 'primary': True, 'state': 'CA', 'taxonomy_group': ''}]",PO BOX 746075,,ATLANTA,GA,303746075,Behavior Analyst,DYLAN ALBIANI,800-819-7806,818-241-6780,"PO BOX 746075, ATLANTA, GA 303746075"
"[{'address_1': 'PO BOX 746079', 'address_purpose': 'MAILING', 'address_type': 'DOM', 'city': 'ATLANTA', 'country_code': 'US', 'country_name': 'United States', 'fax_number': '312-929-0373', 'postal_code': '303746079', 'state': 'GA', 'telephone_number': '773-352-1515'}, {'address_1': '2928 N BELT LINE RD', 'address_purpose': 'LOCATION', 'address_type': 'DOM', 'city': 'IRVING', 'country_code': 'US', 'country_name': 'United States', 'fax_number': '469-460-9091', 'postal_code': '750625247', 'state': 'TX', 'telephone_number': '214-307-7786'}]","{'certification_date': '2026-09-24', 'credential': 'D.O.', 'enumeration_date': '2006-07-11', 'first_name': 'GONZALO', 'last_name': 'AILLON', 'last_updated': '2026-09-24', 'middle_name': 'A.', 'name_prefix': 'Dr.', 'name_suffix': 'II', 'sex': 'M', 'sole_proprietor': 'NO', 'status': 'A'}",1152631720000,[],NPI-1,"[{'code': '05', 'desc': 'MEDICAID', 'identifier': '158305602', 'issuer': None, 'state': 'TX'}, {'code': '05', 'desc': 'MEDICAID', 'identifier': '158305603', 'issuer': None, 'state': 'TX'}]",1790270977000,1598790644,[],"[{'address_1': '1605 N STATE HIGHWAY 118 STE B', 'address_purpose': 'LOCATION', 'address_type': 'DOM', 'city': 'ALPINE', 'country_code': 'US', 'country_name': 'United States', 'postal_code': '798302150', 'state': 'TX', 'telephone_number': '432-837-4812'}, {'address_1': '1401 S RANGERVILLE RD', 'address_purpose': 'LOCATION', 'address_type': 'DOM', 'city': 'HARLINGEN', 'country_code': 'US', 'country_name': 'United States', 'postal_code': '785527638', 'state': 'TX', 'telephone_number': '956-430-2408'}, {'address_1': '4545 FULLER DR', 'address_2': 'SUITE 325', 'address_purpose': 'LOCATION', 'address_type': 'DOM', 'city': 'IRVING', 'country_code': 'US', 'country_name': 'United States', 'fax_number': '972-870-5512', 'postal_code': '750386530', 'state': 'TX', 'telephone_number': '214-536-3355'}, {'address_1': '4400 OAK PARK LN', 'address_purpose': 'LOCATION', 'address_type': 'DOM', 'city': 'FORT WORTH', 'country_code': 'US', 'country_name': 'United States', 'fax_number': '817-961-1577', 'postal_code': '761099534', 'state': 'TX', 'telephone_number': '817-985-7772'}]","[{'code': '207R00000X', 'desc': 'Internal Medicine', 'license': 'L2781', 'primary': True, 'state': 'TX', 'taxonomy_group': ''}]",PO BOX 746079,,ATLANTA,GA,303746079,Internal Medicine,GONZALO AILLON,312-929-0373,773-352-1515,"PO BOX 746079, ATLANTA, GA 303746079"
"[{'address_1': 'PO BOX 746079', 'address_purpose': 'MAILING', 'address_type': 'DOM', 'city': 'ATLANTA', 'country_code': 'US', 'country_name': 'United States', 'fax_number': '312-929-0673', 'postal_code': '303746079', 'state': 'GA', 'telephone_number': '833-804-1695'}, {'address_1': '2008 S WAYSIDE DR', 'address_purpose': 'LOCATION', 'address_type': 'DOM', 'city': 'HOUSTON', 'country_code': 'US', 'country_name': 'United States', 'postal_code': '770233918', 'state': 'TX', 'telephone_number': '281-707-7365'}]","{'certification_date': '2026-07-01', 'credential': 'ARNP', 'enumeration_date': '2017-10-01', 'first_name': 'RACHEL', 'last_name': 'ADKINS', 'last_updated': '2026-07-01', 'middle_name': 'ABLAVI', 'sex': 'F', 'sole_proprietor': 'YES', 'status': 'A'}",1506886677000,[],NPI-1,"[{'code': '01', 'desc': 'Other (non-Medicare)', 'identifier': 'OD483', 'issuer': 'Medicare', 'state': 'FL'}]",1782912463000,1225548589,"[{'code': '5', 'credential': 'RN', 'first_name': 'RACHEL', 'last_name': 'NOAMESHIE', 'middle_name': 'ABLAVI', 'type': 'Other Name'}]","[{'address_1': '2008 S WAYSIDE DR STE 500', 'address_purpose': 'LOCATION', 'address_type': 'DOM', 'city': 'HOUSTON', 'country_code': 'US', 'country_name': 'United States', 'postal_code': '770232807', 'state': 'TX', 'telephone_number': '281-707-7365'}, {'address_1': '3301 PLAINVIEW ST STE 6', 'address_purpose': 'LOCATION', 'address_type': 'DOM', 'city': 'PASADENA', 'country_code': 'US', 'country_name': 'United States', 'postal_code': '775041929', 'state': 'TX', 'telephone_number': '713-585-6347'}]","[{'code': '363LF0000X', 'desc': 'Nurse Practitioner, Family', 'license': '1167517', 'primary': True, 'state': 'TX', 'taxonomy_group': ''}, {'code': '363LF0000X', 'desc': 'Nurse Practitioner, Family', 'license': 'ARNP9421768', 'primary': False, 'state': 'FL', 'taxonomy_group': ''}]",PO BOX 746079,,ATLANTA,GA,303746079,"Nurse Practitioner, Family",RACHEL ADKINS,312-929-0673,833-804-1695,"PO BOX 746079, ATLANTA, GA 303746079"
"[{'address_1': 'PO BOX 746087', 'address_purpose': 'MAILING', 'address_type': 'DOM', 'city': 'ATLANTA', 'country_code': 'US', 'country_name': 'United States', 'fax_number': '312-929-0373', 'postal_code': '303746087', 'state': 'GA', 'telephone_number': '833-804-1695'}, {'address_1': '14-16 BROOKLYN AVE', 'address_purpose': 'LOCATION', 'address_type': 'DOM', 'city': 'FREEPORT', 'country_code': 'US', 'country_name': 'United States', 'fax_number': '516-879-5304', 'postal_code': '115203037', 'state': 'NY', 'telephone_number': '516-254-7628'}]","{'certification_date': '2026-09-14', 'credential': 'MS, MD', 'enumeration_date': '2022-04-12', 'first_name': 'MIRIAM', 'last_name': 'AHMED', 'last_updated': '2026-09-15', 'name_prefix': 'Dr.', 'sex': 'F', 'sole_proprietor': 'NO', 'status': 'A'}",1649797810000,[],NPI-1,[],1789495787000,1699417337,[],"[{'address_1': '11515 SUTPHIN BLVD', 'address_purpose': 'LOCATION', 'address_type': 'DOM', 'city': 'JAMAICA', 'country_code': 'US', 'country_name': 'United States', 'fax_number': '347-682-4302', 'postal_code': '114341020', 'state': 'NY', 'telephone_number': '718-765-6009'}]","[{'code': '207Q00000X', 'desc': 'Family Medicine', 'license': '339455', 'primary': True, 'state': 'NY', 'taxonomy_group': ''}, {'code': '207Q00000X', 'desc': 'Family Medicine', 'license': 'ME172234', 'primary': False, 'state': 'FL', 'taxonomy_group': ''}]",PO BOX 746087,,ATLANTA,GA,303746087,Family Medicine,MIRIAM AHMED,312-929-0373,833-804-1695,"PO BOX 746087, ATLANTA, GA 303746087"
"[{'address_1': 'PO BOX 746093', 'address_purpose': 'MAILING', 'address_type': 'DOM', 'city': 'ATLANTA', 'country_code': 'US', 'country_name': 'United States', 'fax_number': '312-929-0373', 'postal_code': '303746093', 'state': 'GA', 'telephone_number': '773-352-1517'}, {'address_1': '2850 E MAIN ST STE 106', 'address_purpose': 'LOCATION', 'address_type': 'DOM', 'city': 'MESA', 'country_code': 'US', 'country_name': 'United States', 'postal_code': '852139304', 'state': 'AZ', 'telephone_number': '480-618-0019'}]","{'certification_date': '2024-03-01', 'enumeration_date': '2007-03-14', 'first_name': 'FRANCINE', 'last_name': 'AKINS ARBUCKLE', 'last_updated': '2024-03-01', 'sex': 'F', 'sole_proprietor': 'YES', 'status': 'A'}",1173896997000,[],NPI-1,"[{'code': '01', 'desc': 'Other (non-Medicare)', 'identifier': '987232', 'issuer': 'AHCCCS', 'state': 'AZ'}]",1709324984000,1942333018,[],"[{'address_1': '310 NORTH DOBSON RD', 'address_2': 'STE 5', 'address_purpose': 'LOCATION', 'address_type': 'DOM', 'city': 'MESA', 'country_code': 'US', 'country_name': 'United States', 'fax_number': '480-854-2716', 'postal_code': '85201', 'state': 'AZ', 'telephone_number': '480-890-0864'}]","[{'code': '101YP2500X', 'desc': 'Counselor, Professional', 'license': 'LPC 11723', 'primary': True, 'state': 'AZ', 'taxonomy_group': ''}]",PO BOX 746093,,ATLANTA,GA,303746093,"Counselor, Professional",FRANCINE AKINS ARBUCKLE,312-929-0373,773-352-1517,"PO BOX 746093, ATLANTA, GA 303746093"
"[{'address_1': 'PO BOX 746450', 'address_purpose': 'MAILING', 'address_type': 'DOM', 'city': 'ATLANTA', 'country_code': 'US', 'country_name': 'United States', 'fax_number': '313-868-6430', 'postal_code': '303746450', 'state': 'GA', 'telephone_number': '866-401-3057'}, {'address_1': '75 S UNIVERSITY BLVD UNIT 6000', 'address_purpose': 'LOCATION', 'address_type': 'DOM', 'city': 'MOBILE', 'country_code': 'US', 'country_name': 'United States', 'fax_number': '251-660-5559', 'postal_code': '366083274', 'state': 'AL', 'telephone_number': '251-660-5555'}]","{'certification_date': '2023-06-14', 'credential': 'M.D.', 'enumeration_date': '2015-04-15', 'first_name': 'MASON', 'last_name': 'ADAMS', 'last_updated': '2023-06-14', 'middle_name': 'GABRIEL', 'sex': 'M', 'sole_proprietor': 'NO', 'status': 'A'}",1429127519000,[],NPI-1,[],1686750439000,1770979882,[],[],"[{'code': '207R00000X', 'desc': 'Internal Medicine', 'license': '303207', 'primary': False, 'state': 'LA', 'taxonomy_group': ''}, {'code': '207RG0100X', 'desc': 'Internal Medicine, Gastroenterology', 'license': 'T7470', 'primary': False, 'state': 'TX', 'taxonomy_group': ''}, {'code': '208M00000X', 'desc': 'Hospitalist', 'license': '303207', 'primary': False, 'state': 'LA', 'taxonomy_group': ''}, {'code': '207RG0100X', 'desc': 'Internal Medicine, Gastroenterology', 'license': '38381', 'primary': True, 'state': 'AL', 'taxonomy_group': ''}]",PO BOX 746450,,ATLANTA,GA,303746450,"Internal Medicine, Gastroenterology",MASON ADAMS,313-868-6430,866-401-3057,"PO BOX 746450, ATLANTA, GA 303746450"
"[{'address_1': 'PO BOX 746450', 'address_purpose': 'MAILING', 'address_type': 'DOM', 'city': 'ATLANTA', 'country_code': 'US', 'country_name': 'United States', 'fax_number': '251-445-2464', 'postal_code': '303746450', 'state': 'GA', 'telephone_number': '251-434-3626'}, {'address_1': '1660 SPRING HILL AVE', 'address_purpose': 'LOCATION', 'address_type': 'DOM', 'city': 'MOBILE', 'country_code': 'US', 'country_name': 'United States', 'fax_number': '251-665-8010', 'postal_code': '366041405', 'state': 'AL', 'telephone_number': '251-665-8000'}]","{'certification_date': '2021-12-13', 'credential': 'M.D', 'enumeration_date': '2015-08-08', 'first_name': 'AHMED', 'last_name': 'ABDALLA', 'last_updated': '2021-12-13', 'middle_name': 'ABDALLA AHMED', 'sex': 'M', 'sole_proprietor': 'NO', 'status': 'A'}",1439054146000,[],NPI-1,[],1639423286000,1568848901,[],"[{'address_1': '22101 MOROSS RD', 'address_purpose': 'LOCATION', 'address_type': 'DOM', 'city': 'DETROIT', 'country_code': 'US', 'country_name': 'United States', 'postal_code': '482362148', 'state': 'MI', 'telephone_number': '313-343-4000'}, {'address_1': '1 HURLEY PLZ', 'address_purpose': 'LOCATION', 'address_type': 'DOM', 'city': 'FLINT', 'country_code': 'US', 'country_name': 'United States', 'postal_code': '485035902', 'state': 'MI', 'telephone_number': '810-262-9000'}, {'address_1': '7979 WURZBACH RD', 'address_purpose': 'LOCATION', 'address_type': 'DOM', 'city': 'SAN ANTONIO', 'country_code': 'US', 'country_name': 'United States', 'postal_code': '782294427', 'state': 'TX', 'telephone_number': '210-450-1000'}]","[{'code': '207RH0003X', 'desc': 'Internal Medicine, Hematology & Oncology', 'license': '4301502535', 'primary': False, 'state': 'MI', 'taxonomy_group': ''}, {'code': '207RH0003X', 'desc': 'Internal Medicine, Hematology & Oncology', 'license': 'T0984', 'primary': False, 'state': 'TX', 'taxonomy_group': ''}, {'code': '390200000X', 'desc': 'Student in an Organized Health Care Education/Training Program', 'license': '4301107531', 'primary': False, 'state': 'MI', 'taxonomy_group': ''}, {'code': '207RH0003X', 'desc': 'Internal Medicine, Hematology & Oncology', 'license': '43054', 'primary': True, 'state': 'AL', 'taxonomy_group': ''}]",PO BOX 746450,,ATLANTA,GA,303746450,"Internal Medicine, Hematology & Oncology",AHMED ABDALLA,251-445-2464,251-434-3626,"PO BOX 746450, ATLANTA, GA 303746450"
"[{'address_1': 'PO BOX 746450', 'address_purpose': 'MAILING', 'address_type': 'DOM', 'city': 'ATLANTA', 'country_code': 'US', 'country_name': 'United States', 'fax_number': '251-445-2464', 'postal_code': '303746450', 'state': 'GA', 'telephone_number': '251-434-3626'}, {'address_1': '75 S UNIVERSITY BLVD STE 6500', 'address_purpose': 'LOCATION', 'address_type': 'DOM', 'city': 'MOBILE', 'country_code': 'US', 'country_name': 'United States', 'fax_number': '251-660-5936', 'postal_code': '366083271', 'state': 'AL', 'telephone_number': '251-660-5787'}]","{'certification_date': '2026-06-02', 'credential': 'MD', 'enumeration_date': '2015-07-01', 'first_name': 'HAMDY', 'last_name': 'AHMED', 'last_updated': '2026-06-02', 'sex': 'M', 'sole_proprietor': 'NO', 'status': 'A'}",1435746801000,[],NPI-1,[],1780410754000,1093198632,[],[],"[{'code': '207RR0500X', 'desc': 'Internal Medicine, Rheumatology', 'license': 'MD.37218', 'primary': True, 'state': 'AL', 'taxonomy_group': ''}]",PO BOX 746450,,ATLANTA,GA,303746450,"Internal Medicine, Rheumatology",HAMDY AHMED,251-445-2464,251-434-3626,"PO BOX 746450, ATLANTA, GA 303746450"
"[{'address_1': 'PO BOX 746450', 'address_purpose': 'MAILING', 'address_type': 'DOM', 'city': 'ATLANTA', 'country_code': 'US', 'country_name': 'United States', 'fax_number': '318-868-6430', 'postal_code': '303746450', 'state': 'GA', 'telephone_number': '866-401-3057'}, {'address_1': '2451 UNIVERSITY HOSPITAL DRIVE, FLOOR 1', 'address_purpose': 'LOCATION', 'address_type': 'DOM', 'city': 'MOBILE', 'country_code': 'US', 'country_name': 'United States', 'fax_number': '251-471-7096', 'postal_code': '36617', 'state': 'AL', 'telephone_number': '521-471-7790'}]","{'certification_date': '2024-12-16', 'credential': 'MD', 'enumeration_date': '2019-06-27', 'first_name': 'ZAN', 'last_name': 'AHMED', 'last_updated': '2024-12-16', 'name_prefix': 'Dr.', 'sex': 'M', 'sole_proprietor': 'NO', 'status': 'A'}",1561651102000,[],NPI-1,[],1734378017000,1932760113,[],"[{'address_1': '200 1ST ST SW', 'address_purpose': 'LOCATION', 'address_type': 'DOM', 'city': 'ROCHESTER', 'country_code': 'US', 'country_name': 'United States', 'postal_code': '559050001', 'state': 'MN', 'telephone_number': '507-284-2511'}]","[{'code': '207ZP0102X', 'desc': 'Pathology, Anatomic Pathology & Clinical Pathology', 'license': '76656', 'primary': False, 'state': 'MN', 'taxonomy_group': ''}, {'code': '207ZP0102X', 'desc': 'Pathology, Anatomic Pathology & Clinical Pathology', 'license': 'MD.45762', 'primary': True, 'state': 'AL', 'taxonomy_group': ''}]",PO BOX 746450,,ATLANTA,GA,303746450,"Pathology, Anatomic Pathology & Clinical Pathology",ZAN AHMED,318-868-6430,866-401-3057,"PO BOX 746450, ATLANTA, GA 303746450"
"[{'address_1': 'PO BOX 746638', 'address_purpose': 'MAILING', 'address_type': 'DOM', 'city': 'ATLANTA', 'country_code': 'US', 'country_name': 'United States', 'fax_number': '904-376-4075', 'postal_code': '303746638', 'state': 'GA', 'telephone_number': '904-202-2092'}, {'address_1': '5304 BARTRAM COMMONS DR', 'address_purpose': 'LOCATION', 'address_type': 'DOM', 'city': 'JACKSONVILLE', 'country_code': 'US', 'country_name': 'United States', 'fax_number': '904-376-3991', 'postal_code': '32258', 'state': 'FL', 'telephone_number': '904-376-3970'}]","{'certification_date': '2026-04-29', 'credential': 'D.O.', 'enumeration_date': '2005-12-14', 'first_name': 'JOEL', 'last_name': 'AHLGRIM', 'last_updated': '2026-04-29', 'middle_name': 'ALAN', 'name_prefix': 'Dr.', 'sex': 'M', 'sole_proprietor': 'NO', 'status': 'A'}",1134551531000,[],NPI-1,[],1777486597000,1306821236,[],[],"[{'code': '207Q00000X', 'desc': 'Family Medicine', 'license': 'OS20124', 'primary': True, 'state': 'FL', 'taxonomy_group': ''}]",PO BOX 746638,,ATLANTA,GA,303746638,Family Medicine,JOEL AHLGRIM,904-376-4075,904-202-2092,"PO BOX 746638, ATLANTA, GA 303746638"
"[{'address_1': 'PO BOX 746638', 'address_purpose': 'MAILING', 'address_type': 'DOM', 'city': 'ATLANTA', 'country_code': 'US', 'country_name': 'United States', 'fax_number': '904-376-4107', 'postal_code': '303746638', 'state': 'GA', 'telephone_number': '904-202-1032'}, {'address_1': '8355 MERCHANTS GATE DR', 'address_purpose': 'LOCATION', 'address_type': 'DOM', 'city': 'JACKSONVILLE', 'country_code': 'US', 'country_name': 'United States', 'fax_number': '904-390-7442', 'postal_code': '322225848', 'state': 'FL', 'telephone_number': '904-771-2900'}]","{'certification_date': '2022-12-01', 'credential': 'MD', 'enumeration_date': '2018-04-05', 'first_name': 'OUSAMA', 'last_name': 'ABOUSHAAR', 'last_updated': '2022-12-01', 'sex': 'M', 'sole_proprietor': 'NO', 'status': 'A'}",1522942918000,[],NPI-1,[],1669907618000,1629574843,[],[],"[{'code': '207Q00000X', 'desc': 'Family Medicine', 'license': 'ME151339', 'primary': True, 'state': 'FL', 'taxonomy_group': ''}]",PO BOX 746638,,ATLANTA,GA,303746638,Family Medicine,OUSAMA ABOUSHAAR,904-376-4107,904-202-1032,"PO BOX 746638, ATLANTA, GA 303746638"
"[{'address_1': 'PO BOX 746638', 'address_purpose': 'MAILING', 'address_type': 'DOM', 'city': 'ATLANTA', 'country_code': 'US', 'country_name': 'United States', 'fax_number': '904-376-4075', 'postal_code': '303746638', 'state': 'GA', 'telephone_number': '904-202-2092'}, {'address_1': '900 BEACH BLVD', 'address_purpose': 'LOCATION', 'address_type': 'DOM', 'city': 'JACKSONVILLE BEACH', 'country_code': 'US', 'country_name': 'United States', 'fax_number': '904-390-7495', 'postal_code': '322504368', 'state': 'FL', 'telephone_number': '904-249-0335'}]","{'certification_date': '2026-08-03', 'credential': 'MD', 'enumeration_date': '2023-06-20', 'first_name': 'SAFIA', 'last_name': 'AHMED', 'last_updated': '2026-08-03', 'sex': 'F', 'sole_proprietor': 'NO', 'status': 'A'}",1687307992000,[],NPI-1,[],1785764884000,1083399612,[],[],"[{'code': '207Q00000X', 'desc': 'Family Medicine', 'license': '125.082673', 'primary': False, 'state': 'IL', 'taxonomy_group': ''}, {'code': '207Q00000X', 'desc': 'Family Medicine', 'license': 'ME182340', 'primary': True, 'state': 'FL', 'taxonomy_group': ''}]",PO BOX 746638,,ATLANTA,GA,303746638,Family Medicine,SAFIA AHMED,904-376-4075,904-202-2092,"PO BOX 746638, ATLANTA, GA 303746638"
"[{'address_1': 'PO BOX 746647', 'address_purpose': 'MAILING', 'address_type': 'DOM', 'city': 'ATLANTA', 'country_code': 'US', 'country_name': 'United States', 'fax_number': '904-376-4075', 'postal_code': '303746647', 'state': 'GA', 'telephone_number': '904-202-2092'}, {'address_1': '836 PRUDENTIAL DR STE 1400', 'address_purpose': 'LOCATION', 'address_type': 'DOM', 'city': 'JACKSONVILLE', 'country_code': 'US', 'country_name': 'United States', 'fax_number': '904-384-1005', 'postal_code': '322078340', 'state': 'FL', 'telephone_number': '904-388-6518'}]","{'certification_date': '2026-08-19', 'credential': 'FNP', 'enumeration_date': '2021-04-20', 'first_name': 'ANTHONY', 'last_name': 'ABRIGO', 'last_updated': '2026-08-19', 'middle_name': 'A.', 'sex': 'M', 'sole_proprietor': 'NO', 'status': 'A'}",1618940035000,[],NPI-1,[],1787144354000,1578144523,[],"[{'address_1': '1370 13TH AVE S STE 118', 'address_purpose': 'LOCATION', 'address_type': 'DOM', 'city': 'JACKSONVILLE BEACH', 'country_code': 'US', 'country_name': 'United States', 'fax_number': '904-384-1005', 'postal_code': '322503206', 'state': 'FL', 'telephone_number': '904-388-6518'}, {'address_1': '1301 PALM AVE STE 100', 'address_purpose': 'LOCATION', 'address_type': 'DOM', 'city': 'JACKSONVILLE', 'country_code': 'US', 'country_name': 'United States', 'fax_number': '904-384-1005', 'postal_code': '322078457', 'state': 'FL', 'telephone_number': '904-388-6518'}]","[{'code': '363L00000X', 'desc': 'Nurse Practitioner', 'license': 'APRN11006308', 'primary': True, 'state': 'FL', 'taxonomy_group': ''}]",PO BOX 746647,,ATLANTA,GA,303746647,Nurse Practitioner,ANTHONY ABRIGO,904-376-4075,904-202-2092,"PO BOX 746647, ATLANTA, GA 303746647"
"[{'address_1': 'PO BOX 746647', 'address_purpose': 'MAILING', 'address_type': 'DOM', 'city': 'ATLANTA', 'country_code': 'US', 'country_name': 'United States', 'fax_number': '904-376-4075', 'postal_code': '303746647', 'state': 'GA', 'telephone_number': '904-202-2092'}, {'address_1': '836 PRUDENTIAL DR STE 1400', 'address_purpose': 'LOCATION', 'address_type': 'DOM', 'city': 'JACKSONVILLE', 'country_code': 'US', 'country_name': 'United States', 'fax_number': '904-384-1005', 'postal_code': '322078340', 'state': 'FL', 'telephone_number': '904-388-6518'}]","{'certification_date': '2026-02-18', 'credential': 'M.D.', 'enumeration_date': '2009-04-08', 'first_name': 'AMIN', 'last_name': 'AGHAEBRAHIM', 'last_updated': '2026-02-18', 'middle_name': 'NIMA', 'sex': 'M', 'sole_proprietor': 'NO', 'status': 'A'}",1239211629000,[],NPI-1,"[{'code': '05', 'desc': 'MEDICAID', 'identifier': '017332100', 'issuer': None, 'state': 'FL'}, {'code': '01', 'desc': 'Other (non-Medicare)', 'identifier': 'P01662142', 'issuer': 'RR Medicare', 'state': 'FL'}]",1771446470000,1558504423,[],"[{'address_1': '841 PRUDENTIAL DR FL 10', 'address_purpose': 'LOCATION', 'address_type': 'DOM', 'city': 'JACKSONVILLE', 'country_code': 'US', 'country_name': 'United States', 'fax_number': '904-391-5545', 'postal_code': '322078329', 'state': 'FL', 'telephone_number': '904-398-5404'}, {'address_1': '1370 13TH AVE S STE 118', 'address_purpose': 'LOCATION', 'address_type': 'DOM', 'city': 'JACKSONVILLE BEACH', 'country_code': 'US', 'country_name': 'United States', 'fax_number': '904-388-1005', 'postal_code': '322503206', 'state': 'FL', 'telephone_number': '904-388-6518'}]","[{'code': '2084N0400X', 'desc': 'Psychiatry & Neurology, Neurology', 'license': 'ME127798', 'primary': False, 'state': 'FL', 'taxonomy_group': ''}, {'code': '2084N0400X', 'desc': 'Psychiatry & Neurology, Neurology', 'license': 'MD448012', 'primary': False, 'state': 'PA', 'taxonomy_group': ''}, {'code': '2084V0102X', 'desc': 'Psychiatry & Neurology, Vascular Neurology', 'license': 'MD448012', 'primary': False, 'state': 'PA', 'taxonomy_group': ''}, {'code': '2084V0102X', 'desc': 'Psychiatry & Neurology, Vascular Neurology', 'license': 'ME127798', 'primary': True, 'state': 'FL', 'taxonomy_group': ''}]",PO BOX 746647,,ATLANTA,GA,303746647,"Psychiatry & Neurology, Vascular Neurology",AMIN AGHAEBRAHIM,904-376-4075,904-202-2092,"PO BOX 746647, ATLANTA, GA 303746647"
"[{'address_1': 'PO BOX 746652', 'address_purpose': 'MAILING', 'address_type': 'DOM', 'city': 'ATLANTA', 'country_code': 'US', 'country_name': 'United States', 'fax_number': '904-376-4075', 'postal_code': '303746652', 'state': 'GA', 'telephone_number': '904-202-2092'}, {'address_1': '836 PRUDENTIAL DR STE 1700', 'address_purpose': 'LOCATION', 'address_type': 'DOM', 'city': 'JACKSONVILLE', 'country_code': 'US', 'country_name': 'United States', 'postal_code': '322078344', 'state': 'FL', 'telephone_number': '904-398-0125'}]","{'certification_date': '2026-07-02', 'credential': 'M.D.', 'enumeration_date': '2019-03-23', 'first_name': 'MOHAMED', 'last_name': 'ABDUL QADER', 'last_updated': '2026-07-02', 'sex': 'M', 'sole_proprietor': 'NO', 'status': 'A'}",1553324427000,[],NPI-1,[],1783025646000,1487114633,[],[],"[{'code': '207RC0000X', 'desc': 'Internal Medicine, Cardiovascular Disease', 'license': 'ME152544', 'primary': True, 'state': 'FL', 'taxonomy_group': ''}, {'code': '207R00000X', 'desc': 'Internal Medicine', 'license': 'ME152544', 'primary': False, 'state': 'FL', 'taxonomy_group': ''}]",PO BOX 746652,,ATLANTA,GA,303746652,"Internal Medicine, Cardiovascular Disease",MOHAMED ABDUL QADER,904-376-4075,904-202-2092,"PO BOX 746652, ATLANTA, GA 303746652"
"[{'address_1': 'PO BOX 746652', 'address_purpose': 'MAILING', 'address_type': 'DOM', 'city': 'ATLANTA', 'country_code': 'US', 'country_name': 'United States', 'fax_number': '904-376-4075', 'postal_code': '303746652', 'state': 'GA', 'telephone_number': '904-202-2092'}, {'address_1': '14534 OLD SAINT AUGUSTINE RD STE 3420', 'address_purpose': 'LOCATION', 'address_type': 'DOM', 'city': 'JACKSONVILLE', 'country_code': 'US', 'country_name': 'United States', 'fax_number': '904-338-0852', 'postal_code': '322582645', 'state': 'FL', 'telephone_number': '904-493-8001'}]","{'certification_date': '2026-08-04', 'credential': 'MD', 'enumeration_date': '2010-07-02', 'first_name': 'NAYAN', 'last_name': 'AGARWAL', 'last_updated': '2026-08-04', 'sex': 'M', 'sole_proprietor': 'NO', 'status': 'A'}",1278074921000,[],NPI-1,[],1785860699000,1063724326,[],"[{'address_1': '2310 VILLAGE SQUARE PKWY STE 204', 'address_purpose': 'LOCATION', 'address_type': 'DOM', 'city': 'FLEMING ISLAND', 'country_code': 'US', 'country_name': 'United States', 'fax_number': '904-376-3202', 'postal_code': '320036409', 'state': 'FL', 'telephone_number': '904-224-5185'}, {'address_1': '559 W TWINCOURT TRL', 'address_purpose': 'LOCATION', 'address_type': 'DOM', 'city': 'SAINT AUGUSTINE', 'country_code': 'US', 'country_name': 'United States', 'fax_number': '904-376-3209', 'postal_code': '320958805', 'state': 'FL', 'telephone_number': '904-493-8383'}]","[{'code': '207RC0000X', 'desc': 'Internal Medicine, Cardiovascular Disease', 'license': 'ME153404', 'primary': False, 'state': 'FL', 'taxonomy_group': ''}, {'code': '207RI0011X', 'desc': 'Internal Medicine, Interventional Cardiology', 'license': '305013', 'primary': False, 'state': 'LA', 'taxonomy_group': ''}, {'code': '207RI0011X', 'desc': 'Internal Medicine, Interventional Cardiology', 'license': 'ME153404', 'primary': True, 'state': 'FL', 'taxonomy_group': ''}]",PO BOX 746652,,ATLANTA,GA,303746652,"Internal Medicine, Interventional Cardiology",NAYAN AGARWAL,904-376-4075,904-202-2092,"PO BOX 746652, ATLANTA, GA 303746652"
"[{'address_1': 'PO BOX 746654', 'address_purpose': 'MAILING', 'address_type': 'DOM', 'city': 'ATLANTA', 'country_code': 'US', 'country_name': 'United States', 'fax_number': '904-376-4075', 'postal_code': '303746654', 'state': 'GA', 'telephone_number': '904-202-2092'}, {'address_1': '1301 PALM AVE STE 600', 'address_purpose': 'LOCATION', 'address_type': 'DOM', 'city': 'JACKSONVILLE', 'country_code': 'US', 'country_name': 'United States', 'fax_number': '904-202-2754', 'postal_code': '322078432', 'state': 'FL', 'telephone_number': '904-202-7300'}]","{'certification_date': '2025-12-22', 'credential': 'M.D.', 'enumeration_date': '2012-03-31', 'first_name': 'FAISAL', 'last_name': 'AHMAD', 'last_updated': '2025-12-22', 'middle_name': 'IFTIKHAR', 'name_prefix': 'Dr.', 'sex': 'M', 'sole_proprietor': 'NO', 'status': 'A'}",1333231602000,[],NPI-1,[],1766440535000,1770859944,[],"[{'address_1': '1515 HOLCOMBE BLVD', 'address_purpose': 'LOCATION', 'address_type': 'DOM', 'city': 'HOUSTON', 'country_code': 'US', 'country_name': 'United States', 'postal_code': '770304000', 'state': 'TX', 'telephone_number': '713-792-6161'}]","[{'code': '207Y00000X', 'desc': 'Otolaryngology', 'license': 'R3785', 'primary': False, 'state': 'TX', 'taxonomy_group': ''}, {'code': '207YS0123X', 'desc': 'Otolaryngology, Facial Plastic Surgery', 'license': 'ME140000', 'primary': False, 'state': 'FL', 'taxonomy_group': ''}, {'code': '2086X0206X', 'desc': 'Surgery, Surgical Oncology', 'license': 'ME140000', 'primary': False, 'state': 'FL', 'taxonomy_group': ''}, {'code': '207Y00000X', 'desc': 'Otolaryngology', 'license': 'ME140000', 'primary': True, 'state': 'FL', 'taxonomy_group': ''}]",PO BOX 746654,,ATLANTA,GA,303746654,Otolaryngology,FAISAL AHMAD,904-376-4075,904-202-2092,"PO BOX 746654, ATLANTA, GA 303746654"
"[{'address_1': 'PO BOX 746715', 'address_purpose': 'MAILING', 'address_type': 'DOM', 'city': 'ATLANTA', 'country_code': 'US', 'country_name': 'United States', 'fax_number': '312-929-0374', 'postal_code': '303746715', 'state': 'GA', 'telephone_number': '773-352-1515'}, {'address_1': '301 E STATE ST', 'address_purpose': 'LOCATION', 'address_type': 'DOM', 'city': 'ROCKFORD', 'country_code': 'US', 'country_name': 'United States', 'fax_number': '815-714-6219', 'postal_code': '611041012', 'state': 'IL', 'telephone_number': '815-668-7810'}]","{'certification_date': '2025-06-05', 'credential': 'MD', 'enumeration_date': '2006-05-18', 'first_name': 'CARLOS', 'last_name': 'AGUERO-MEDINA', 'last_updated': '2025-06-05', 'sex': 'M', 'sole_proprietor': 'NO', 'status': 'A'}",1147965758000,[],NPI-1,"[{'code': '01', 'desc': 'Other (non-Medicare)', 'identifier': '036115945', 'issuer': 'State License', 'state': 'IL'}, {'code': '01', 'desc': 'Other (non-Medicare)', 'identifier': 'AGUERCAR', 'issuer': 'MERCYCARE INSURANCE', 'state': 'WI'}]",1749142617000,1053364349,[],[],"[{'code': '207Q00000X', 'desc': 'Family Medicine', 'license': '54638-20', 'primary': False, 'state': 'WI', 'taxonomy_group': ''}, {'code': '207Q00000X', 'desc': 'Family Medicine', 'license': '036115945', 'primary': True, 'state': 'IL', 'taxonomy_group': ''}]",PO BOX 746715,,ATLANTA,GA,303746715,Family Medicine,CARLOS AGUERO-MEDINA,312-929-0374,773-352-1515,"PO BOX 746715, ATLANTA, GA 303746715"
"[{'address_1': 'PO BOX 746715', 'address_purpose': 'MAILING', 'address_type': 'DOM', 'city': 'ATLANTA', 'country_code': 'US', 'country_name': 'United States', 'fax_number': '815-642-5697', 'postal_code': '303746715', 'state': 'GA', 'telephone_number': '773-467-7254'}, {'address_1': '456 25TH AVE', 'address_purpose': 'LOCATION', 'address_type': 'DOM', 'city': 'BELLWOOD', 'country_code': 'US', 'country_name': 'United States', 'fax_number': '815-642-5697', 'postal_code': '601041961', 'state': 'IL', 'telephone_number': '708-467-7254'}]","{'certification_date': '2026-04-28', 'credential': 'MD', 'enumeration_date': '2008-01-31', 'first_name': 'RAMESH', 'last_name': 'AGGARWAL', 'last_updated': '2026-04-28', 'name_prefix': 'Dr.', 'sex': 'M', 'sole_proprietor': 'NO', 'status': 'A'}",1201790036000,[],NPI-1,[],1777391885000,1649458712,[],[],"[{'code': '207R00000X', 'desc': 'Internal Medicine', 'license': '036.120262', 'primary': True, 'state': 'IL', 'taxonomy_group': ''}, {'code': '207R00000X', 'desc': 'Internal Medicine', 'license': '01071215A', 'primary': False, 'state': 'IN', 'taxonomy_group': ''}]",PO BOX 746715,,ATLANTA,GA,303746715,Internal Medicine,RAMESH AGGARWAL,815-642-5697,773-467-7254,"PO BOX 746715, ATLANTA, GA 303746715"
"[{'address_1': 'PO BOX 746715', 'address_purpose': 'MAILING', 'address_type': 'DOM', 'city': 'ATLANTA', 'country_code': 'US', 'country_name': 'United States', 'fax_number': '708-810-4231', 'postal_code': '303746715', 'state': 'GA', 'telephone_number': '708-298-0766'}, {'address_1': '5524 W CERMAK RD STE 2', 'address_purpose': 'LOCATION', 'address_type': 'DOM', 'city': 'CICERO', 'country_code': 'US', 'country_name': 'United States', 'postal_code': '608042217', 'state': 'IL', 'telephone_number': '708-413-0687'}]","{'certification_date': '2025-09-29', 'credential': 'APRN, DNP, FNP-BC', 'enumeration_date': '2025-07-10', 'first_name': 'BRIDGET', 'last_name': 'ADAMJEE', 'last_updated': '2025-09-29', 'middle_name': 'SLEVIN', 'sex': 'F', 'sole_proprietor': 'NO', 'status': 'A'}",1752182404000,[],NPI-1,[],1759161442000,1023909892,[],[],"[{'code': '363LF0000X', 'desc': 'Nurse Practitioner, Family', 'license': '209.031215', 'primary': True, 'state': 'IL', 'taxonomy_group': ''}]",PO BOX 746715,,ATLANTA,GA,303746715,"Nurse Practitioner, Family",BRIDGET ADAMJEE,708-810-4231,708-298-0766,"PO BOX 746715, ATLANTA, GA 303746715"
"[{'address_1': 'PO BOX 746715', 'address_purpose': 'MAILING', 'address_type': 'DOM', 'city': 'ATLANTA', 'country_code': 'US', 'country_name': 'United States', 'fax_number': '312-929-0373', 'postal_code': '303746715', 'state': 'GA', 'telephone_number': '773-352-1515'}, {'address_1': '850 W 63RD ST', 'address_purpose': 'LOCATION', 'address_type': 'DOM', 'city': 'CHICAGO', 'country_code': 'US', 'country_name': 'United States', 'postal_code': '606211902', 'state': 'IL', 'telephone_number': '773-377-7304'}]","{'certification_date': '2025-06-11', 'enumeration_date': '2020-11-14', 'first_name': 'OLUFUNKE', 'last_name': 'AJIFOLOKUN', 'last_updated': '2025-06-11', 'middle_name': 'GRACE', 'sex': 'F', 'sole_proprietor': 'YES', 'status': 'A'}",1605365080000,[],NPI-1,[],1749659863000,1922600873,[],[],"[{'code': '363LF0000X', 'desc': 'Nurse Practitioner, Family', 'license': '277.003940', 'primary': True, 'state': 'IL', 'taxonomy_group': ''}, {'code': '163W00000X', 'desc': 'Registered Nurse', 'license': '041427005', 'primary': False, 'state': 'IL', 'taxonomy_group': ''}, {'code': '163WE0003X', 'desc': 'Registered Nurse, Emergency', 'license': '041427005', 'primary': False, 'state': 'IL', 'taxonomy_group': ''}, {'code': '363L00000X', 'desc': 'Nurse Practitioner', 'license': '209024875', 'primary': False, 'state': 'IL', 'taxonomy_group': ''}, {'code': '363LF0000X', 'desc': 'Nurse Practitioner, Family', 'license': '209024875', 'primary': False, 'state': 'IL', 'taxonomy_group': ''}]",PO BOX 746715,,ATLANTA,GA,303746715,"Nurse Practitioner, Family",OLUFUNKE AJIFOLOKUN,312-929-0373,773-352-1515,"PO BOX 746715, ATLANTA, GA 303746715"
"[{'address_1': 'PO BOX 746715', 'address_purpose': 'MAILING', 'address_type': 'DOM', 'city': 'ATLANTA', 'country_code': 'US', 'country_name': 'United States', 'fax_number': '847-739-0972', 'postal_code': '303746715', 'state': 'GA', 'telephone_number': '847-306-7093'}, {'address_1': '822 SUMMIT ST # 84', 'address_purpose': 'LOCATION', 'address_type': 'DOM', 'city': 'ELGIN', 'country_code': 'US', 'country_name': 'United States', 'postal_code': '601204316', 'state': 'IL', 'telephone_number': '847-350-1861'}]","{'certification_date': '2025-12-18', 'credential': 'LCSW', 'enumeration_date': '2025-08-22', 'first_name': 'VERONICA', 'last_name': 'AGUILAR', 'last_updated': '2025-12-18', 'sex': 'F', 'sole_proprietor': 'NO', 'status': 'A'}",1755890702000,[],NPI-1,[],1766098823000,1558249144,[],[],"[{'code': '1041C0700X', 'desc': 'Social Worker, Clinical', 'license': '149029912', 'primary': True, 'state': 'IL', 'taxonomy_group': ''}, {'code': '101YM0800X', 'desc': 'Counselor, Mental Health', 'license': '149029912', 'primary': False, 'state': 'IL', 'taxonomy_group': ''}]",PO BOX 746715,,ATLANTA,GA,303746715,"Social Worker, Clinical",VERONICA AGUILAR,847-739-0972,847-306-7093,"PO BOX 746715, ATLANTA, GA 303746715"
"[{'address_1': 'PO BOX 746722', 'address_purpose': 'MAILING', 'address_type': 'DOM', 'city': 'ATLANTA', 'country_code': 'US', 'country_name': 'United States', 'fax_number': '312-929-0373', 'postal_code': '303746722', 'state': 'GA', 'telephone_number': '773-352-1515'}, {'address_1': '5920 HAMILTON BLVD', 'address_2': 'SUITE 103A', 'address_purpose': 'LOCATION', 'address_type': 'DOM', 'city': 'ALLENTOWN', 'country_code': 'US', 'country_name': 'United States', 'fax_number': '610-321-2708', 'postal_code': '181068942', 'state': 'PA', 'telephone_number': '610-336-0712'}]","{'certification_date': '2026-01-23', 'credential': 'CRNP', 'enumeration_date': '2014-01-14', 'first_name': 'DAPHNE', 'last_name': 'ALEXIS', 'last_updated': '2026-01-23', 'middle_name': 'TONIE', 'name_prefix': 'Ms.', 'sex': 'F', 'sole_proprietor': 'NO', 'status': 'A'}",1389720167000,[],NPI-1,[],1769202649000,1275955015,[],"[{'address_1': '2476 SWEDESFORD RD STE 150', 'address_purpose': 'LOCATION', 'address_type': 'DOM', 'city': 'MALVERN', 'country_code': 'US', 'country_name': 'United States', 'postal_code': '193551456', 'state': 'PA', 'telephone_number': '844-902-2345'}]","[{'code': '363LF0000X', 'desc': 'Nurse Practitioner, Family', 'license': 'SP013441', 'primary': True, 'state': 'PA', 'taxonomy_group': ''}]",PO BOX 746722,,ATLANTA,GA,303746722,"Nurse Practitioner, Family",DAPHNE ALEXIS,312-929-0373,773-352-1515,"PO BOX 746722, ATLANTA, GA 303746722"
"[{'address_1': 'PO BOX 748465', 'address_purpose': 'MAILING', 'address_type': 'DOM', 'city': 'ATLANTA', 'country_code': 'US', 'country_name': 'United States', 'fax_number': '617-807-0958', 'postal_code': '303748465', 'state': 'GA', 'telephone_number': '855-284-7483'}, {'address_1': '1601 BELVEDERE RD STE S204', 'address_purpose': 'LOCATION', 'address_type': 'DOM', 'city': 'WEST PALM BEACH', 'country_code': 'US', 'country_name': 'United States', 'fax_number': '617-807-0958', 'postal_code': '334061541', 'state': 'FL', 'telephone_number': '855-284-7483'}]","{'certification_date': '2023-05-09', 'enumeration_date': '2023-05-09', 'first_name': 'ALESIA', 'last_name': 'ALBURY', 'last_updated': '2023-05-09', 'sex': 'F', 'sole_proprietor': 'NO', 'status': 'A'}",1683663162000,[],NPI-1,[],1683663162000,1497445993,[],[],"[{'code': '101YM0800X', 'desc': 'Counselor, Mental Health', 'license': 'MH22076', 'primary': True, 'state': 'FL', 'taxonomy_group': ''}]",PO BOX 748465,,ATLANTA,GA,303748465,"Counselor, Mental Health",ALESIA ALBURY,617-807-0958,855-284-7483,"PO BOX 748465, ATLANTA, GA 303748465"
"[{'address_1': 'PO BOX 748465', 'address_purpose': 'MAILING', 'address_type': 'DOM', 'city': 'ATLANTA', 'country_code': 'US', 'country_name': 'United States', 'fax_number': '617-807-0958', 'postal_code': '303748465', 'state': 'GA', 'telephone_number': '855-284-7483'}, {'address_1': '5819 HIGHWAY 6 STE 6', 'address_purpose': 'LOCATION', 'address_type': 'DOM', 'city': 'MISSOURI CITY', 'country_code': 'US', 'country_name': 'United States', 'fax_number': '617-807-0958', 'postal_code': '774594052', 'state': 'TX', 'telephone_number': '210-399-3252'}]","{'certification_date': '2026-03-19', 'enumeration_date': '2026-03-19', 'first_name': 'ADEOLA', 'last_name': 'AKINWALE', 'last_updated': '2026-03-19', 'middle_name': 'ABIODUN', 'sex': 'F', 'sole_proprietor': 'NO', 'status': 'A'}",1773926731000,[],NPI-1,[],1773926731000,1215885868,[],[],"[{'code': '101YP2500X', 'desc': 'Counselor, Professional', 'license': '101374', 'primary': True, 'state': 'TX', 'taxonomy_group': ''}]",PO BOX 748465,,ATLANTA,GA,303748465,"Counselor, Professional",ADEOLA AKINWALE,617-807-0958,855-284-7483,"PO BOX 748465, ATLANTA, GA 303748465"
"[{'address_1': 'PO BOX 748465', 'address_purpose': 'MAILING', 'address_type': 'DOM', 'city': 'ATLANTA', 'country_code': 'US', 'country_name': 'United States', 'fax_number': '617-807-0958', 'postal_code': '303748465', 'state': 'GA', 'telephone_number': '855-284-7483'}, {'address_1': 'PO BOX 748465', 'address_purpose': 'LOCATION', 'address_type': 'DOM', 'city': 'ATLANTA', 'country_code': 'US', 'country_name': 'United States', 'fax_number': '617-807-0958', 'postal_code': '303748465', 'state': 'GA', 'telephone_number': '855-284-7483'}]","{'certification_date': '2025-12-10', 'credential': 'LPC', 'enumeration_date': '2011-05-02', 'first_name': 'TIFFANY', 'last_name': 'AFFLALO-WILLIAMS', 'last_updated': '2025-12-10', 'middle_name': 'M.', 'name_prefix': 'Mrs.', 'sex': 'F', 'sole_proprietor': 'YES', 'status': 'A'}",1304351303000,[],NPI-1,"[{'code': '05', 'desc': 'MEDICAID', 'identifier': 'R082712202', 'issuer': None, 'state': 'OK'}]",1765401068000,1922399484,[],[],"[{'code': '101YP2500X', 'desc': 'Counselor, Professional', 'license': '11599', 'primary': True, 'state': 'OK', 'taxonomy_group': ''}]",PO BOX 748465,,ATLANTA,GA,303748465,"Counselor, Professional",TIFFANY AFFLALO-WILLIAMS,617-807-0958,855-284-7483,"PO BOX 748465, ATLANTA, GA 303748465"
"[{'address_1': 'PO BOX 748519', 'address_purpose': 'MAILING', 'address_type': 'DOM', 'city': 'ATLANTA', 'country_code': 'US', 'country_name': 'United States', 'fax_number': '904-376-3998', 'postal_code': '303748519', 'state': 'GA', 'telephone_number': '904-376-3800'}, {'address_1': '1650 PRUDENTIAL DR STE 210', 'address_purpose': 'LOCATION', 'address_type': 'DOM', 'city': 'JACKSONVILLE', 'country_code': 'US', 'country_name': 'United States', 'fax_number': '904-390-7396', 'postal_code': '322078149', 'state': 'FL', 'telephone_number': '904-376-3800'}]","{'certification_date': '2025-09-19', 'credential': 'LMHC', 'enumeration_date': '2016-08-04', 'first_name': 'AMAOGECHUKWU', 'last_name': 'ACHOLONU', 'last_updated': '2025-09-19', 'middle_name': 'JESSICA', 'name_prefix': '--', 'name_suffix': '--', 'sex': 'F', 'sole_proprietor': 'YES', 'status': 'A'}",1470338632000,[],NPI-1,[],1758287628000,1962956284,[],[],"[{'code': '101YM0800X', 'desc': 'Counselor, Mental Health', 'license': 'MH18530', 'primary': True, 'state': 'FL', 'taxonomy_group': ''}]",PO BOX 748519,,ATLANTA,GA,303748519,"Counselor, Mental Health",AMAOGECHUKWU ACHOLONU,904-376-3998,904-376-3800,"PO BOX 748519, ATLANTA, GA 303748519"
"[{'address_1': 'PO BOX 748519', 'address_purpose': 'MAILING', 'address_type': 'DOM', 'city': 'ATLANTA', 'country_code': 'US', 'country_name': 'United States', 'fax_number': '904-376-3998', 'postal_code': '303748519', 'state': 'GA', 'telephone_number': '904-376-3800'}, {'address_1': '820 PRUDENTIAL DR STE 510', 'address_purpose': 'LOCATION', 'address_type': 'DOM', 'city': 'JACKSONVILLE', 'country_code': 'US', 'country_name': 'United States', 'fax_number': '904-390-7398', 'postal_code': '322078207', 'state': 'FL', 'telephone_number': '904-376-3800'}]","{'certification_date': '2025-11-17', 'enumeration_date': '2024-06-10', 'first_name': 'YEVGENIYA', 'last_name': 'ALEMANY', 'last_updated': '2025-11-17', 'middle_name': 'NIKOLAYEVA', 'sex': 'F', 'sole_proprietor': 'NO', 'status': 'A'}",1718048705000,[],NPI-1,[],1763389266000,1467294512,[],[],"[{'code': '363LP0808X', 'desc': 'Nurse Practitioner, Psych/Mental Health', 'license': 'APRN11033185', 'primary': True, 'state': 'FL', 'taxonomy_group': ''}]",PO BOX 748519,,ATLANTA,GA,303748519,"Nurse Practitioner, Psych/Mental Health",YEVGENIYA ALEMANY,904-376-3998,904-376-3800,"PO BOX 748519, ATLANTA, GA 303748519"
"[{'address_1': 'PO BOX 748519', 'address_purpose': 'MAILING', 'address_type': 'DOM', 'city': 'ATLANTA', 'country_code': 'US', 'country_name': 'United States', 'fax_number': '904-376-3998', 'postal_code': '303748519', 'state': 'GA', 'telephone_number': '904-376-3800'}, {'address_1': '820 PRUDENTIAL DR STE 510', 'address_purpose': 'LOCATION', 'address_type': 'DOM', 'city': 'JACKSONVILLE', 'country_code': 'US', 'country_name': 'United States', 'fax_number': '904-390-7398', 'postal_code': '322078207', 'state': 'FL', 'telephone_number': '904-376-3800'}]","{'certification_date': '2026-07-08', 'credential': 'MSW', 'enumeration_date': '2026-07-08', 'first_name': 'JASMINE', 'last_name': 'ABENCHUCHAN', 'last_updated': '2026-07-08', 'sex': 'F', 'sole_proprietor': 'NO', 'status': 'A'}",1783501202000,[],NPI-1,[],1783501202000,1902724974,[],[],"[{'code': '390200000X', 'desc': 'Student in an Organized Health Care Education/Training Program', 'license': None, 'primary': True, 'state': 'FL', 'taxonomy_group': ''}]",PO BOX 748519,,ATLANTA,GA,303748519,Student in an Organized Health Care Education/Training Program,JASMINE ABENCHUCHAN,904-376-3998,904-376-3800,"PO BOX 748519, ATLANTA, GA 303748519"
"[{'address_1': 'PO BOX 748667', 'address_purpose': 'MAILING', 'address_type': 'DOM', 'city': 'ATLANTA', 'country_code': 'US', 'country_name': 'United States', 'fax_number': '904-376-4107', 'postal_code': '303748667', 'state': 'GA', 'telephone_number': '904-202-1032'}, {'address_1': '1340 S 18TH ST STE 201', 'address_purpose': 'LOCATION', 'address_type': 'DOM', 'city': 'FERNANDINA BEACH', 'country_code': 'US', 'country_name': 'United States', 'fax_number': '904-376-3416', 'postal_code': '320344733', 'state': 'FL', 'telephone_number': '904-321-3670'}]","{'certification_date': '2024-07-02', 'credential': 'APRN', 'enumeration_date': '2018-03-21', 'first_name': 'MELISSA', 'last_name': 'ADAMS', 'last_updated': '2024-07-02', 'middle_name': 'LYNN', 'sex': 'F', 'sole_proprietor': 'NO', 'status': 'A'}",1521662009000,[],NPI-1,"[{'code': '05', 'desc': 'MEDICAID', 'identifier': '100864600', 'issuer': None, 'state': 'FL'}, {'code': '01', 'desc': 'Other (non-Medicare)', 'identifier': 'LA505', 'issuer': 'MEDICARE', 'state': 'FL'}]",1719937486000,1922502293,[],"[{'address_1': '463820 STATE ROAD 200 STE 103', 'address_purpose': 'LOCATION', 'address_type': 'DOM', 'city': 'YULEE', 'country_code': 'US', 'country_name': 'United States', 'fax_number': '904-376-3416', 'postal_code': '320973604', 'state': 'FL', 'telephone_number': '904-321-3670'}]","[{'code': '363L00000X', 'desc': 'Nurse Practitioner', 'license': 'APRN9367222', 'primary': False, 'state': 'FL', 'taxonomy_group': ''}, {'code': '363LW0102X', 'desc': ""Nurse Practitioner, Women's Health"", 'license': 'APRN9367222', 'primary': False, 'state': 'FL', 'taxonomy_group': ''}, {'code': '363LX0001X', 'desc': 'Nurse Practitioner, Obstetrics & Gynecology', 'license': 'APRN9367222', 'primary': True, 'state': 'FL', 'taxonomy_group': ''}]",PO BOX 748667,,ATLANTA,GA,303748667,"Nurse Practitioner, Obstetrics & Gynecology",MELISSA ADAMS,904-376-4107,904-202-1032,"PO BOX 748667, ATLANTA, GA 303748667"
"[{'address_1': 'PO BOX 748817', 'address_purpose': 'MAILING', 'address_type': 'DOM', 'city': 'ATLANTA', 'country_code': 'US', 'country_name': 'United States', 'fax_number': '813-282-1806', 'postal_code': '303748817', 'state': 'GA', 'telephone_number': '813-286-0033'}, {'address_1': '301 HEALTH PARK BLVD STE 219', 'address_purpose': 'LOCATION', 'address_type': 'DOM', 'city': 'ST AUGUSTINE', 'country_code': 'US', 'country_name': 'United States', 'fax_number': '904-819-9594', 'postal_code': '320865795', 'state': 'FL', 'telephone_number': '904-819-9898'}]","{'certification_date': '2023-06-22', 'credential': 'MD', 'enumeration_date': '2007-07-23', 'first_name': 'REDA', 'last_name': 'ALAMI', 'last_updated': '2023-06-22', 'sex': 'M', 'sole_proprietor': 'YES', 'status': 'A'}",1185196863000,[],NPI-1,"[{'code': '05', 'desc': 'MEDICAID', 'identifier': '000302700', 'issuer': None, 'state': 'FL'}, {'code': '01', 'desc': 'Other (non-Medicare)', 'identifier': '146JP', 'issuer': 'BCBS', 'state': 'FL'}]",1687449649000,1265632814,[],[],"[{'code': '207V00000X', 'desc': 'Obstetrics & Gynecology', 'license': 'ME102729', 'primary': True, 'state': 'FL', 'taxonomy_group': ''}]",PO BOX 748817,,ATLANTA,GA,303748817,Obstetrics & Gynecology,REDA ALAMI,813-282-1806,813-286-0033,"PO BOX 748817, ATLANTA, GA 303748817"
"[{'address_1': 'PO BOX 748817', 'address_purpose': 'MAILING', 'address_type': 'DOM', 'city': 'ATLANTA', 'country_code': 'US', 'country_name': 'United States', 'fax_number': '813-282-1806', 'postal_code': '303748817', 'state': 'GA', 'telephone_number': '813-286-0033'}, {'address_1': '515 S KINGS AVE STE 2000', 'address_purpose': 'LOCATION', 'address_type': 'DOM', 'city': 'BRANDON', 'country_code': 'US', 'country_name': 'United States', 'fax_number': '888-720-2039', 'postal_code': '335116060', 'state': 'FL', 'telephone_number': '813-685-0232'}]","{'certification_date': '2026-08-10', 'credential': 'MD', 'enumeration_date': '2022-04-11', 'first_name': 'TANNICE', 'last_name': 'ALAM', 'last_updated': '2026-08-10', 'sex': 'F', 'sole_proprietor': 'YES', 'status': 'A'}",1649718547000,[],NPI-1,[],1786360832000,1114669074,"[{'code': '1', 'first_name': 'TANNICE', 'last_name': 'FOGARTHY', 'type': 'Former Name'}]","[{'address_1': '2142 N COVE BLVD', 'address_purpose': 'LOCATION', 'address_type': 'DOM', 'city': 'TOLEDO', 'country_code': 'US', 'country_name': 'United States', 'postal_code': '436063895', 'state': 'OH', 'telephone_number': '419-291-3125'}, {'address_1': '948 CYPRESS VILLAGE BLVD STE A', 'address_purpose': 'LOCATION', 'address_type': 'DOM', 'city': 'RUSKIN', 'country_code': 'US', 'country_name': 'United States', 'fax_number': '888-720-3963', 'postal_code': '335736841', 'state': 'FL', 'telephone_number': '813-633-3002'}]","[{'code': '207V00000X', 'desc': 'Obstetrics & Gynecology', 'license': 'ME182506', 'primary': True, 'state': 'FL', 'taxonomy_group': ''}, {'code': '390200000X', 'desc': 'Student in an Organized Health Care Education/Training Program', 'license': None, 'primary': False, 'state': None, 'taxonomy_group': ''}]",PO BOX 748817,,ATLANTA,GA,303748817,Obstetrics & Gynecology,TANNICE ALAM,813-282-1806,813-286-0033,"PO BOX 748817, ATLANTA, GA 303748817"
"[{'address_1': 'PO BOX 749112', 'address_purpose': 'MAILING', 'address_type': 'DOM', 'city': 'ATLANTA', 'country_code': 'US', 'country_name': 'United States', 'fax_number': '434-972-4266', 'postal_code': '303749112', 'state': 'GA', 'telephone_number': '434-295-1000'}, {'address_1': '661 UNIVERSITY LN STE B', 'address_purpose': 'LOCATION', 'address_type': 'DOM', 'city': 'ORANGE', 'country_code': 'US', 'country_name': 'United States', 'fax_number': '434-244-4508', 'postal_code': '229602243', 'state': 'VA', 'telephone_number': '540-661-3004'}]","{'certification_date': '2026-09-18', 'credential': 'PA', 'enumeration_date': '2008-11-09', 'first_name': 'DEBORAH', 'last_name': 'ADAMS', 'last_updated': '2026-09-18', 'middle_name': 'M.', 'sex': 'F', 'sole_proprietor': 'YES', 'status': 'A'}",1226287753000,"[{'address_1': '661 University Ln Ste B', 'address_type': 'DOM', 'affiliation': 'N', 'city': 'Orange', 'contentTypeDescription': '', 'country_code': 'US', 'country_name': 'United States', 'endpoint': 'dadams312105@direct.healthsystem.virginia.edu', 'endpointType': 'DIRECT', 'endpointTypeDescription': 'Direct Messaging Address', 'postal_code': '229602243', 'state': 'VA', 'use': 'DIRECT', 'useDescription': 'Direct'}]",NPI-1,"[{'code': '05', 'desc': 'MEDICAID', 'identifier': '0110005364', 'issuer': None, 'state': 'VA'}, {'code': '05', 'desc': 'MEDICAID', 'identifier': '8102981', 'issuer': None, 'state': 'NC'}]",1789754933000,1497909097,[],[],"[{'code': '363A00000X', 'desc': 'Physician Assistant', 'license': '0110005364', 'primary': True, 'state': 'VA', 'taxonomy_group': ''}]",PO BOX 749112,,ATLANTA,GA,303749112,Physician Assistant,DEBORAH ADAMS,434-972-4266,434-295-1000,"PO BOX 749112, ATLANTA, GA 303749112"
"[{'address_1': 'PO BOX 749495', 'address_purpose': 'MAILING', 'address_type': 'DOM', 'city': 'ATLANTA', 'country_code': 'US', 'country_name': 'United States', 'fax_number': '813-321-1296', 'postal_code': '303749495', 'state': 'GA', 'telephone_number': '855-963-2100'}, {'address_1': '11920 ASTORIA BLVD STE 150', 'address_purpose': 'LOCATION', 'address_type': 'DOM', 'city': 'HOUSTON', 'country_code': 'US', 'country_name': 'United States', 'fax_number': '281-481-0870', 'postal_code': '770896097', 'state': 'TX', 'telephone_number': '281-481-6688'}]","{'certification_date': '2026-02-27', 'credential': 'M.D', 'enumeration_date': '2017-04-07', 'first_name': 'TAMARAH', 'last_name': 'ALDAWOODI', 'last_updated': '2026-02-27', 'sex': 'F', 'sole_proprietor': 'NO', 'status': 'A'}",1491588970000,[],NPI-1,[],1772211239000,1255864120,[],"[{'address_1': '1515 HOLCOMBE BLVD', 'address_purpose': 'LOCATION', 'address_type': 'DOM', 'city': 'HOUSTON', 'country_code': 'US', 'country_name': 'United States', 'postal_code': '770304000', 'state': 'TX', 'telephone_number': '713-792-6161'}, {'address_1': '17520 W GRAND PKWY S STE 460', 'address_purpose': 'LOCATION', 'address_type': 'DOM', 'city': 'SUGAR LAND', 'country_code': 'US', 'country_name': 'United States', 'fax_number': '281-491-5513', 'postal_code': '774794983', 'state': 'TX', 'telephone_number': '281-491-5511'}, {'address_1': '10405 KATY FWY STE 120', 'address_purpose': 'LOCATION', 'address_type': 'DOM', 'city': 'HOUSTON', 'country_code': 'US', 'country_name': 'United States', 'fax_number': '832-333-1475', 'postal_code': '770241121', 'state': 'TX', 'telephone_number': '832-333-1474'}, {'address_1': '13215 DOTSON RD STE 340', 'address_purpose': 'LOCATION', 'address_type': 'DOM', 'city': 'HOUSTON', 'country_code': 'US', 'country_name': 'United States', 'fax_number': '281-477-8577', 'postal_code': '770704535', 'state': 'TX', 'telephone_number': '281-477-8600'}, {'address_1': '18955 N MEMORIAL DR STE 530', 'address_purpose': 'LOCATION', 'address_type': 'DOM', 'city': 'HUMBLE', 'country_code': 'US', 'country_name': 'United States', 'fax_number': '346-362-1675', 'postal_code': '773384269', 'state': 'TX', 'telephone_number': '346-362-1670'}, {'address_1': '3333 BAYSHORE BLVD STE 320', 'address_purpose': 'LOCATION', 'address_type': 'DOM', 'city': 'PASADENA', 'country_code': 'US', 'country_name': 'United States', 'fax_number': '832-856-8966', 'postal_code': '775041950', 'state': 'TX', 'telephone_number': '832-856-8965'}, {'address_1': '7121 S PADRE ISLAND DR', 'address_2': 'SUITE 102-101,119', 'address_purpose': 'LOCATION', 'address_type': 'DOM', 'city': 'CORPUS CHRISIT', 'country_code': 'US', 'country_name': 'United States', 'fax_number': '361-992-4120', 'postal_code': '784124938', 'state': 'TX', 'telephone_number': '361-696-6000'}, {'address_1': '2555 GULF FWY S STE 700', 'address_purpose': 'LOCATION', 'address_type': 'DOM', 'city': 'LEAGUE CITY', 'country_code': 'US', 'country_name': 'United States', 'fax_number': '832-827-8003', 'postal_code': '775736742', 'state': 'TX', 'telephone_number': '832-827-8002'}, {'address_1': '10405 KATY FWY STE 150E', 'address_purpose': 'LOCATION', 'address_type': 'DOM', 'city': 'HOUSTON', 'country_code': 'US', 'country_name': 'United States', 'fax_number': '713-722-9664', 'postal_code': '770241165', 'state': 'TX', 'telephone_number': '713-722-9660'}, {'address_1': '27700 NORTHWEST FWY STE 400&425', 'address_purpose': 'LOCATION', 'address_type': 'DOM', 'city': 'CYPRESS', 'country_code': 'US', 'country_name': 'United States', 'fax_number': '888-506-5887', 'postal_code': '774336766', 'state': 'TX', 'telephone_number': '832-377-3260'}, {'address_1': '1631 NORTH LOOP W STE 410', 'address_purpose': 'LOCATION', 'address_type': 'DOM', 'city': 'HOUSTON', 'country_code': 'US', 'country_name': 'United States', 'fax_number': '713-802-2701', 'postal_code': '770081530', 'state': 'TX', 'telephone_number': '713-802-9000'}, {'address_1': '23960 KATY FWY STE 325', 'address_purpose': 'LOCATION', 'address_type': 'DOM', 'city': 'KATY', 'country_code': 'US', 'country_name': 'United States', 'fax_number': '281-578-0217', 'postal_code': '774940886', 'state': 'TX', 'telephone_number': '281-578-0201'}, {'address_1': '2130 W HOLCOMBE BLVD FL 10', 'address_purpose': 'LOCATION', 'address_type': 'DOM', 'city': 'HOUSTON', 'country_code': 'US', 'country_name': 'United States', 'fax_number': '713-600-0070', 'postal_code': '770303306', 'state': 'TX', 'telephone_number': '713-600-0900'}, {'address_1': '301 UNIVERSITY BLVD', 'address_purpose': 'LOCATION', 'address_type': 'DOM', 'city': 'GALVESTON', 'country_code': 'US', 'country_name': 'United States', 'fax_number': '409-747-0064', 'postal_code': '775555302', 'state': 'TX', 'telephone_number': '409-747-4087'}, {'address_1': '802 ENTERPRISE BLVD STE 808', 'address_purpose': 'LOCATION', 'address_type': 'DOM', 'city': 'ROCKPORT', 'country_code': 'US', 'country_name': 'United States', 'fax_number': '361-992-4120', 'postal_code': '783824346', 'state': 'TX', 'telephone_number': '361-696-6000'}, {'address_1': '9150 MAIN ST STE A3', 'address_purpose': 'LOCATION', 'address_type': 'DOM', 'city': 'HOUSTON', 'country_code': 'US', 'country_name': 'United States', 'fax_number': '713-838-9708', 'postal_code': '770253848', 'state': 'TX', 'telephone_number': '713-630-8181'}, {'address_1': '7789 SOUTHWEST FWY STE 460', 'address_purpose': 'LOCATION', 'address_type': 'DOM', 'city': 'HOUSTON', 'country_code': 'US', 'country_name': 'United States', 'fax_number': '713-778-0303', 'postal_code': '770741841', 'state': 'TX', 'telephone_number': '713-778-0300'}, {'address_1': '1920 COUNTRY PLACE PKWY STE 370', 'address_purpose': 'LOCATION', 'address_type': 'DOM', 'city': 'PEARLAND', 'country_code': 'US', 'country_name': 'United States', 'fax_number': '832-333-1499', 'postal_code': '775841962', 'state': 'TX', 'telephone_number': '832-333-1400'}, {'address_1': '925 GESSNER RD STE 600&650', 'address_purpose': 'LOCATION', 'address_type': 'DOM', 'city': 'HOUSTON', 'country_code': 'US', 'country_name': 'United States', 'fax_number': '713-468-3561', 'postal_code': '770242545', 'state': 'TX', 'telephone_number': '713-827-9525'}]","[{'code': '207R00000X', 'desc': 'Internal Medicine', 'license': 'S8415', 'primary': False, 'state': 'TX', 'taxonomy_group': ''}, {'code': '207RH0003X', 'desc': 'Internal Medicine, Hematology & Oncology', 'license': 'S8415', 'primary': True, 'state': 'TX', 'taxonomy_group': ''}]",PO BOX 749495,,ATLANTA,GA,303749495,"Internal Medicine, Hematology & Oncology",TAMARAH ALDAWOODI,813-321-1296,855-963-2100,"PO BOX 749495, ATLANTA, GA 303749495"
"[{'address_1': 'PO BOX 749495', 'address_purpose': 'MAILING', 'address_type': 'DOM', 'city': 'ATLANTA', 'country_code': 'US', 'country_name': 'United States', 'fax_number': '813-321-1296', 'postal_code': '303749495', 'state': 'GA', 'telephone_number': '238-432-8331'}, {'address_1': '3100 PLAZA PROPERTIES BLVD', 'address_purpose': 'LOCATION', 'address_type': 'DOM', 'city': 'COLUMBUS', 'country_code': 'US', 'country_name': 'United States', 'fax_number': '614-383-6001', 'postal_code': '43219', 'state': 'OH', 'telephone_number': '614-383-6000'}]","{'certification_date': '2023-01-10', 'credential': 'CNP', 'enumeration_date': '2014-07-12', 'first_name': 'KATHERINE', 'last_name': 'ALEXANDER', 'last_updated': '2023-01-10', 'middle_name': 'ANNE', 'name_prefix': 'Mrs.', 'sex': 'F', 'sole_proprietor': 'NO', 'status': 'A'}",1405186739000,[],NPI-1,"[{'code': '05', 'desc': 'MEDICAID', 'identifier': '0108650', 'issuer': None, 'state': 'OH'}]",1673380065000,1568879435,[],"[{'address_1': '460 W 10TH AVE', 'address_2': '11TH FLOOR', 'address_purpose': 'LOCATION', 'address_type': 'DOM', 'city': 'COLUMBUS', 'country_code': 'US', 'country_name': 'United States', 'fax_number': '614-293-9155', 'postal_code': '432101240', 'state': 'OH', 'telephone_number': '614-293-2101'}]","[{'code': '363LA2100X', 'desc': 'Nurse Practitioner, Acute Care', 'license': 'APRN.CNP.16386', 'primary': False, 'state': 'OH', 'taxonomy_group': ''}, {'code': '363LG0600X', 'desc': 'Nurse Practitioner, Gerontology', 'license': 'APRN.CNP.16386', 'primary': False, 'state': 'OH', 'taxonomy_group': ''}, {'code': '363L00000X', 'desc': 'Nurse Practitioner', 'license': 'APRN.CNP.16386', 'primary': True, 'state': 'OH', 'taxonomy_group': ''}]",PO BOX 749495,,ATLANTA,GA,303749495,Nurse Practitioner,KATHERINE ALEXANDER,813-321-1296,238-432-8331,"PO BOX 749495, ATLANTA, GA 303749495"
"[{'address_1': 'PO BOX 749495', 'address_purpose': 'MAILING', 'address_type': 'DOM', 'city': 'ATLANTA', 'country_code': 'US', 'country_name': 'United States', 'fax_number': '813-321-1296', 'postal_code': '303749495', 'state': 'GA', 'telephone_number': '855-963-2100'}, {'address_1': '4501 EMPIRE CT', 'address_purpose': 'LOCATION', 'address_type': 'DOM', 'city': 'FREDERICKSBURG', 'country_code': 'US', 'country_name': 'United States', 'postal_code': '224081949', 'state': 'VA', 'telephone_number': '540-371-0079'}]","{'certification_date': '2026-02-23', 'enumeration_date': '2023-09-14', 'first_name': 'KAITLYNN', 'last_name': 'AGEE', 'last_updated': '2026-02-23', 'middle_name': 'ANNE', 'sex': 'F', 'sole_proprietor': 'NO', 'status': 'A'}",1694713665000,[],NPI-1,[],1771865207000,1881471555,[],"[{'address_1': '4545 EMPIRE CT', 'address_purpose': 'LOCATION', 'address_type': 'DOM', 'city': 'FREDERICKSBURG', 'country_code': 'US', 'country_name': 'United States', 'fax_number': '540-656-2653', 'postal_code': '224081949', 'state': 'VA', 'telephone_number': '540-371-0079'}, {'address_1': '125 WOODSTREAM BLVD STE 205', 'address_purpose': 'LOCATION', 'address_type': 'DOM', 'city': 'STAFFORD', 'country_code': 'US', 'country_name': 'United States', 'fax_number': '540-656-2653', 'postal_code': '225564630', 'state': 'VA', 'telephone_number': '540-371-0079'}]","[{'code': '363L00000X', 'desc': 'Nurse Practitioner', 'license': '0024188436', 'primary': False, 'state': 'VA', 'taxonomy_group': ''}, {'code': '163W00000X', 'desc': 'Registered Nurse', 'license': '0001230586', 'primary': False, 'state': 'VA', 'taxonomy_group': ''}, {'code': '363LF0000X', 'desc': 'Nurse Practitioner, Family', 'license': '0024188436', 'primary': True, 'state': 'VA', 'taxonomy_group': ''}]",PO BOX 749495,,ATLANTA,GA,303749495,"Nurse Practitioner, Family",KAITLYNN AGEE,813-321-1296,855-963-2100,"PO BOX 749495, ATLANTA, GA 303749495"
"[{'address_1': 'PO BOX 749495', 'address_purpose': 'MAILING', 'address_type': 'DOM', 'city': 'ATLANTA', 'country_code': 'US', 'country_name': 'United States', 'fax_number': '813-321-1296', 'postal_code': '303749495', 'state': 'GA', 'telephone_number': '855-963-2100'}, {'address_1': '1706 ALICE ST', 'address_purpose': 'LOCATION', 'address_type': 'DOM', 'city': 'WAYCROSS', 'country_code': 'US', 'country_name': 'United States', 'fax_number': '912-285-1125', 'postal_code': '315015216', 'state': 'GA', 'telephone_number': '912-285-1140'}]","{'certification_date': '2026-04-22', 'credential': 'FNP-C', 'enumeration_date': '2026-03-30', 'first_name': 'KAYLA', 'last_name': 'ALDRIDGE', 'last_updated': '2026-04-22', 'middle_name': 'CASEY', 'name_prefix': 'Mrs.', 'sex': 'F', 'sole_proprietor': 'NO', 'status': 'A'}",1774886404000,[],NPI-1,[],1776856393000,1063352052,[],[],"[{'code': '363LF0000X', 'desc': 'Nurse Practitioner, Family', 'license': 'APRN-NP303017', 'primary': True, 'state': 'GA', 'taxonomy_group': ''}, {'code': '363LF0000X', 'desc': 'Nurse Practitioner, Family', 'license': 'RN303017', 'primary': False, 'state': 'GA', 'taxonomy_group': ''}]",PO BOX 749495,,ATLANTA,GA,303749495,"Nurse Practitioner, Family",KAYLA ALDRIDGE,813-321-1296,855-963-2100,"PO BOX 749495, ATLANTA, GA 303749495"
"[{'address_1': 'PO BOX 100024', 'address_purpose': 'MAILING', 'address_type': 'DOM', 'city': 'ATLANTA', 'country_code': 'US', 'country_name': 'United States', 'fax_number': '352-243-7822', 'postal_code': '303840024', 'state': 'GA', 'telephone_number': '352-243-9114'}, {'address_1': '1900 DON WICKHAM DR', 'address_purpose': 'LOCATION', 'address_type': 'DOM', 'city': 'CLERMONT', 'country_code': 'US', 'country_name': 'United States', 'fax_number': '352-243-7822', 'postal_code': '347111979', 'state': 'FL', 'telephone_number': '352-243-9114'}]","{'credential': 'CRNA', 'enumeration_date': '2006-08-25', 'first_name': 'MARVIN', 'last_name': 'ALDABUTE', 'last_updated': '2014-11-13', 'middle_name': 'CHRISTOPHER', 'name_prefix': '--', 'name_suffix': '--', 'sex': 'M', 'sole_proprietor': 'NO', 'status': 'A'}",1156558116000,[],NPI-1,"[{'code': '01', 'desc': 'Other (non-Medicare)', 'identifier': 'HV825Z', 'issuer': 'Medicare FCSO', 'state': 'FL'}]",1415888611000,1144338666,[],[],"[{'code': '367500000X', 'desc': 'Nurse Anesthetist, Certified Registered', 'license': 'ARNP9378975', 'primary': True, 'state': 'FL', 'taxonomy_group': ''}]",PO BOX 100024,,ATLANTA,GA,303840024,"Nurse Anesthetist, Certified Registered",MARVIN ALDABUTE,352-243-7822,352-243-9114,"PO BOX 100024, ATLANTA, GA 303840024"
"[{'address_1': 'PO BOX 406153', 'address_purpose': 'MAILING', 'address_type': 'DOM', 'city': 'ATLANTA', 'country_code': 'US', 'country_name': 'United States', 'fax_number': '973-538-0432', 'postal_code': '303841876', 'state': 'GA', 'telephone_number': '973-538-1609'}, {'address_1': '24 PINE ST', 'address_purpose': 'LOCATION', 'address_type': 'DOM', 'city': 'MORRISTOWN', 'country_code': 'US', 'country_name': 'United States', 'fax_number': '973-538-0432', 'postal_code': '079609434', 'state': 'NJ', 'telephone_number': '973-538-1609'}]","{'credential': 'MSc', 'enumeration_date': '2006-07-17', 'first_name': 'MAHEEN', 'last_name': 'AHMED-KHOKHAR', 'last_updated': '2009-10-27', 'name_prefix': '--', 'name_suffix': '--', 'sex': 'F', 'sole_proprietor': 'NO', 'status': 'A'}",1153127546000,[],NPI-1,[],1256658367000,1396762944,[],[],"[{'code': '231H00000X', 'desc': 'Audiologist', 'license': 'YA00597', 'primary': True, 'state': 'NJ', 'taxonomy_group': ''}]",PO BOX 406153,,ATLANTA,GA,303841876,Audiologist,MAHEEN AHMED-KHOKHAR,973-538-0432,973-538-1609,"PO BOX 406153, ATLANTA, GA 303841876"
"[{'address_1': 'PO BOX 406153', 'address_purpose': 'MAILING', 'address_type': 'DOM', 'city': 'ATLANTA', 'country_code': 'US', 'country_name': 'United States', 'fax_number': '561-598-7231', 'postal_code': '303841876', 'state': 'GA', 'telephone_number': '561-478-8770'}, {'address_1': '3175 CHRISTY WAY S', 'address_2': 'SUITE 4', 'address_purpose': 'LOCATION', 'address_type': 'DOM', 'city': 'SAGINAW', 'country_code': 'US', 'country_name': 'United States', 'fax_number': '989-799-1622', 'postal_code': '486032210', 'state': 'MI', 'telephone_number': '989-799-1611'}]","{'credential': 'AuD.', 'enumeration_date': '2007-05-15', 'first_name': 'JUDITH', 'last_name': 'ADAMS', 'last_updated': '2011-09-21', 'name_prefix': 'Dr.', 'name_suffix': '--', 'sex': 'F', 'sole_proprietor': 'NO', 'status': 'A'}",1179252292000,[],NPI-1,"[{'code': '05', 'desc': 'MEDICAID', 'identifier': '1700092970', 'issuer': None, 'state': 'MI'}]",1316613465000,1700092970,"[{'code': '2', 'credential': 'AuD', 'first_name': 'JUDITH', 'last_name': 'ADAMS', 'prefix': '--', 'suffix': '--', 'type': 'Professional Name'}]",[],"[{'code': '237600000X', 'desc': 'Audiologist-Hearing Aid Fitter', 'license': '1601000120', 'primary': True, 'state': 'MI', 'taxonomy_group': ''}]",PO BOX 406153,,ATLANTA,GA,303841876,Audiologist-Hearing Aid Fitter,JUDITH ADAMS,561-598-7231,561-478-8770,"PO BOX 406153, ATLANTA, GA 303841876"
"[{'address_1': 'PO BOX 198441', 'address_purpose': 'MAILING', 'address_type': 'DOM', 'city': 'ATLANTA', 'country_code': 'US', 'country_name': 'United States', 'fax_number': '813-449-8618', 'postal_code': '303848441', 'state': 'GA', 'telephone_number': '813-745-7365'}, {'address_1': '12902 USF MAGNOLIA DR', 'address_purpose': 'LOCATION', 'address_type': 'DOM', 'city': 'TAMPA', 'country_code': 'US', 'country_name': 'United States', 'postal_code': '336129416', 'state': 'FL', 'telephone_number': '813-745-3949'}]","{'certification_date': '2025-11-21', 'credential': 'MD', 'enumeration_date': '2012-07-27', 'first_name': 'ALAA', 'last_name': 'ALI', 'last_updated': '2025-11-21', 'name_prefix': 'Dr.', 'sex': 'M', 'sole_proprietor': 'NO', 'status': 'A'}",1343406641000,[],NPI-1,[],1763740142000,1841546876,[],[],"[{'code': '207RH0003X', 'desc': 'Internal Medicine, Hematology & Oncology', 'license': 'ME176846', 'primary': True, 'state': 'FL', 'taxonomy_group': ''}]",PO BOX 198441,,ATLANTA,GA,303848441,"Internal Medicine, Hematology & Oncology",ALAA ALI,813-449-8618,813-745-7365,"PO BOX 198441, ATLANTA, GA 303848441"
"[{'address_1': 'PO BOX 198441', 'address_purpose': 'MAILING', 'address_type': 'DOM', 'city': 'ATLANTA', 'country_code': 'US', 'country_name': 'United States', 'fax_number': '813-449-8618', 'postal_code': '303848441', 'state': 'GA', 'telephone_number': '813-745-7365'}, {'address_1': '12902 USF MAGNOLIA DR', 'address_purpose': 'LOCATION', 'address_type': 'DOM', 'city': 'TAMPA', 'country_code': 'US', 'country_name': 'United States', 'postal_code': '336129416', 'state': 'FL', 'telephone_number': '813-745-8692'}]","{'certification_date': '2026-01-09', 'credential': 'NP-C', 'enumeration_date': '2019-08-21', 'first_name': 'AMAL', 'last_name': 'ABUKHDEIR', 'last_updated': '2026-01-09', 'middle_name': 'HANI', 'sex': 'F', 'sole_proprietor': 'NO', 'status': 'A'}",1566418777000,"[{'address_1': '12902 Usf Magnolia Dr', 'address_type': 'DOM', 'affiliation': 'N', 'city': 'Tampa', 'contentTypeDescription': '', 'country_code': 'US', 'country_name': 'United States', 'endpoint': 'AMAL.ABUKHDEIR@direct.moffitt.org', 'endpointType': 'DIRECT', 'endpointTypeDescription': 'Direct Messaging Address', 'postal_code': '336129416', 'state': 'FL', 'useDescription': ''}]",NPI-1,[],1767979385000,1609423946,[],[],"[{'code': '363L00000X', 'desc': 'Nurse Practitioner', 'license': 'APRN11010120', 'primary': True, 'state': 'FL', 'taxonomy_group': ''}]",PO BOX 198441,,ATLANTA,GA,303848441,Nurse Practitioner,AMAL ABUKHDEIR,813-449-8618,813-745-7365,"PO BOX 198441, ATLANTA, GA 303848441"
"[{'address_1': 'PO BOX 198441', 'address_purpose': 'MAILING', 'address_type': 'DOM', 'city': 'ATLANTA', 'country_code': 'US', 'country_name': 'United States', 'fax_number': '813-449-8618', 'postal_code': '303848441', 'state': 'GA', 'telephone_number': '813-745-7365'}, {'address_1': '12902 USF MAGNOLIA DR', 'address_purpose': 'LOCATION', 'address_type': 'DOM', 'city': 'TAMPA', 'country_code': 'US', 'country_name': 'United States', 'fax_number': '813-449-8618', 'postal_code': '336129416', 'state': 'FL', 'telephone_number': '813-745-7365'}]","{'certification_date': '2025-03-24', 'credential': 'APRN-BC', 'enumeration_date': '2023-08-15', 'first_name': 'LAUREN', 'last_name': 'ADAMS', 'last_updated': '2025-03-24', 'middle_name': 'ANN', 'name_prefix': 'Ms.', 'sex': 'F', 'sole_proprietor': 'YES', 'status': 'A'}",1692121494000,[],NPI-1,[],1742828954000,1013790922,[],[],"[{'code': '363L00000X', 'desc': 'Nurse Practitioner', 'license': 'APRN11026843', 'primary': True, 'state': 'FL', 'taxonomy_group': ''}]",PO BOX 198441,,ATLANTA,GA,303848441,Nurse Practitioner,LAUREN ADAMS,813-449-8618,813-745-7365,"PO BOX 198441, ATLANTA, GA 303848441"
"[{'address_1': 'PO BOX 198441', 'address_purpose': 'MAILING', 'address_type': 'DOM', 'city': 'ATLANTA', 'country_code': 'US', 'country_name': 'United States', 'fax_number': '813-449-8618', 'postal_code': '303848441', 'state': 'GA', 'telephone_number': '813-745-7365'}, {'address_1': '12902 USF MAGNOLIA DR', 'address_purpose': 'LOCATION', 'address_type': 'DOM', 'city': 'TAMPA', 'country_code': 'US', 'country_name': 'United States', 'fax_number': '813-449-8618', 'postal_code': '336129416', 'state': 'FL', 'telephone_number': '813-745-7365'}]","{'certification_date': '2025-07-28', 'credential': 'APRN', 'enumeration_date': '2016-01-29', 'first_name': 'SAMANTHA', 'last_name': 'AGUINAGA', 'last_updated': '2025-07-28', 'middle_name': 'LEA BELL', 'name_prefix': 'Dr.', 'sex': 'F', 'sole_proprietor': 'NO', 'status': 'A'}",1454090463000,"[{'address_1': '3210 Fruitville Rd', 'address_type': 'DOM', 'affiliation': 'N', 'city': 'Sarasota', 'contentTypeDescription': '', 'country_code': 'US', 'country_name': 'United States', 'endpoint': 'https://intranet.21co.com/', 'endpointType': 'OTHERS', 'endpointTypeDescription': 'Other URL', 'postal_code': '342376411', 'state': 'FL', 'useDescription': ''}]",NPI-1,[],1753729007000,1649638123,[],"[{'address_1': '2020 59TH ST W', 'address_purpose': 'LOCATION', 'address_type': 'DOM', 'city': 'BRADENTON', 'country_code': 'US', 'country_name': 'United States', 'fax_number': '706-868-8375', 'postal_code': '34209', 'state': 'FL', 'telephone_number': '706-863-9595'}, {'address_1': '3210 FRUITVILLE RD', 'address_purpose': 'LOCATION', 'address_type': 'DOM', 'city': 'SARASOTA', 'country_code': 'US', 'country_name': 'United States', 'fax_number': '941-954-3222', 'postal_code': '342376411', 'state': 'FL', 'telephone_number': '941-366-8887'}, {'address_1': '6310 HEALTH PARK WAY STE 110', 'address_purpose': 'LOCATION', 'address_type': 'DOM', 'city': 'LAKEWOOD RANCH', 'country_code': 'US', 'country_name': 'United States', 'fax_number': '706-868-8375', 'postal_code': '342025177', 'state': 'FL', 'telephone_number': '706-863-9595'}]","[{'code': '363LF0000X', 'desc': 'Nurse Practitioner, Family', 'license': 'ARNP9310547', 'primary': False, 'state': 'FL', 'taxonomy_group': ''}, {'code': '363L00000X', 'desc': 'Nurse Practitioner', 'license': 'APRN9310547', 'primary': True, 'state': 'FL', 'taxonomy_group': ''}]",PO BOX 198441,,ATLANTA,GA,303848441,Nurse Practitioner,SAMANTHA AGUINAGA,813-449-8618,813-745-7365,"PO BOX 198441, ATLANTA, GA 303848441"
"[{'address_1': 'PO BOX 198441', 'address_purpose': 'MAILING', 'address_type': 'DOM', 'city': 'ATLANTA', 'country_code': 'US', 'country_name': 'United States', 'fax_number': '813-449-8618', 'postal_code': '303848441', 'state': 'GA', 'telephone_number': '813-745-4673'}, {'address_1': '12902 USF MAGNOLIA DR', 'address_purpose': 'LOCATION', 'address_type': 'DOM', 'city': 'TAMPA', 'country_code': 'US', 'country_name': 'United States', 'fax_number': '813-449-8618', 'postal_code': '336129416', 'state': 'FL', 'telephone_number': '813-745-4673'}]","{'certification_date': '2026-09-04', 'credential': 'MD', 'enumeration_date': '2024-07-22', 'first_name': 'FAHAD', 'last_name': 'ALDHAHRI', 'last_updated': '2026-09-04', 'middle_name': 'SALEH F', 'name_prefix': 'Dr.', 'sex': 'M', 'sole_proprietor': 'YES', 'status': 'A'}",1721649903000,[],NPI-1,[],1788535531000,1518795798,[],"[{'address_1': '1600 SW ARCHER RD # D-121', 'address_purpose': 'LOCATION', 'address_type': 'DOM', 'city': 'GAINESVILLE', 'country_code': 'US', 'country_name': 'United States', 'postal_code': '326103003', 'state': 'FL', 'telephone_number': '352-224-8353'}]","[{'code': '207Y00000X', 'desc': 'Otolaryngology', 'license': 'ME169795', 'primary': True, 'state': 'FL', 'taxonomy_group': ''}]",PO BOX 198441,,ATLANTA,GA,303848441,Otolaryngology,FAHAD ALDHAHRI,813-449-8618,813-745-4673,"PO BOX 198441, ATLANTA, GA 303848441"
"[{'address_1': 'PO BOX 198441', 'address_purpose': 'MAILING', 'address_type': 'DOM', 'city': 'ATLANTA', 'country_code': 'US', 'country_name': 'United States', 'fax_number': '813-449-8618', 'postal_code': '303848441', 'state': 'GA', 'telephone_number': '813-745-4673'}, {'address_1': '12902 USF MAGNOLIA DR', 'address_purpose': 'LOCATION', 'address_type': 'DOM', 'city': 'TAMPA', 'country_code': 'US', 'country_name': 'United States', 'fax_number': '813-449-8618', 'postal_code': '336129416', 'state': 'FL', 'telephone_number': '813-745-4673'}]","{'certification_date': '2026-08-13', 'credential': 'MD', 'enumeration_date': '2020-07-02', 'first_name': 'SARA', 'last_name': 'ABU MEHSEN', 'last_updated': '2026-08-13', 'sex': 'F', 'sole_proprietor': 'YES', 'status': 'A'}",1593708749000,[],NPI-1,[],1786619163000,1184241481,[],[],"[{'code': '207ZP0102X', 'desc': 'Pathology, Anatomic Pathology & Clinical Pathology', 'license': '35833', 'primary': False, 'state': 'OK', 'taxonomy_group': ''}, {'code': '207ZH0000X', 'desc': 'Pathology, Hematology', 'license': 'ME181213', 'primary': True, 'state': 'FL', 'taxonomy_group': ''}]",PO BOX 198441,,ATLANTA,GA,303848441,"Pathology, Hematology",SARA ABU MEHSEN,813-449-8618,813-745-4673,"PO BOX 198441, ATLANTA, GA 303848441"
"[{'address_1': 'PO BOX 198441', 'address_purpose': 'MAILING', 'address_type': 'DOM', 'city': 'ATLANTA', 'country_code': 'US', 'country_name': 'United States', 'fax_number': '813-449-8618', 'postal_code': '303848441', 'state': 'GA', 'telephone_number': '813-745-7365'}, {'address_1': '12902 USF MAGNOLIA DR', 'address_purpose': 'LOCATION', 'address_type': 'DOM', 'city': 'TAMPA', 'country_code': 'US', 'country_name': 'United States', 'fax_number': '813-449-8618', 'postal_code': '336129416', 'state': 'FL', 'telephone_number': '813-745-7365'}]","{'certification_date': '2025-08-21', 'credential': 'PA-C', 'enumeration_date': '2021-10-08', 'first_name': 'ALEJANDRA', 'last_name': 'AGUIRRE', 'last_updated': '2025-08-21', 'middle_name': 'MARIA', 'sex': 'F', 'sole_proprietor': 'YES', 'status': 'A'}",1633734244000,[],NPI-1,[],1755783750000,1356003115,[],[],"[{'code': '363A00000X', 'desc': 'Physician Assistant', 'license': 'PA9115004', 'primary': True, 'state': 'FL', 'taxonomy_group': ''}]",PO BOX 198441,,ATLANTA,GA,303848441,Physician Assistant,ALEJANDRA AGUIRRE,813-449-8618,813-745-7365,"PO BOX 198441, ATLANTA, GA 303848441"
"[{'address_1': 'PO BOX 198441', 'address_purpose': 'MAILING', 'address_type': 'DOM', 'city': 'ATLANTA', 'country_code': 'US', 'country_name': 'United States', 'fax_number': '813-449-8618', 'postal_code': '303848441', 'state': 'GA', 'telephone_number': '813-745-7365'}, {'address_1': '12902 USF MAGNOLIA DR', 'address_purpose': 'LOCATION', 'address_type': 'DOM', 'city': 'TAMPA', 'country_code': 'US', 'country_name': 'United States', 'fax_number': '813-449-8618', 'postal_code': '336129416', 'state': 'FL', 'telephone_number': '813-745-7365'}]","{'certification_date': '2025-07-22', 'enumeration_date': '2025-05-07', 'first_name': 'LINDSEY', 'last_name': 'ABNEY', 'last_updated': '2025-07-22', 'sex': 'F', 'sole_proprietor': 'NO', 'status': 'A'}",1746627003000,[],NPI-1,[],1753210933000,1235929019,[],[],"[{'code': '363A00000X', 'desc': 'Physician Assistant', 'license': None, 'primary': False, 'state': None, 'taxonomy_group': ''}, {'code': '363A00000X', 'desc': 'Physician Assistant', 'license': 'PA9120312', 'primary': True, 'state': 'FL', 'taxonomy_group': ''}]",PO BOX 198441,,ATLANTA,GA,303848441,Physician Assistant,LINDSEY ABNEY,813-449-8618,813-745-7365,"PO BOX 198441, ATLANTA, GA 303848441"
"[{'address_1': 'PO BOX 198441', 'address_purpose': 'MAILING', 'address_type': 'DOM', 'city': 'ATLANTA', 'country_code': 'US', 'country_name': 'United States', 'fax_number': '813-449-6749', 'postal_code': '303848441', 'state': 'GA', 'telephone_number': '813-745-4673'}, {'address_1': '12902 USF MAGNOLIA DR', 'address_purpose': 'LOCATION', 'address_type': 'DOM', 'city': 'TAMPA', 'country_code': 'US', 'country_name': 'United States', 'fax_number': '813-449-6749', 'postal_code': '336129416', 'state': 'FL', 'telephone_number': '813-745-4673'}]","{'certification_date': '2026-09-24', 'credential': 'PA-C', 'enumeration_date': '2006-10-03', 'first_name': 'MELISSA', 'last_name': 'ADAMS', 'last_updated': '2026-09-24', 'middle_name': 'ANNE', 'name_prefix': '--', 'name_suffix': '--', 'sex': 'F', 'sole_proprietor': 'NO', 'status': 'A'}",1159895275000,[],NPI-1,"[{'code': '01', 'desc': 'Other (non-Medicare)', 'identifier': '0664335', 'issuer': 'Aetna', 'state': None}, {'code': '05', 'desc': 'MEDICAID', 'identifier': '292364500', 'issuer': None, 'state': 'FL'}]",1790255912000,1871687855,[],[],"[{'code': '363A00000X', 'desc': 'Physician Assistant', 'license': 'PA9103505', 'primary': True, 'state': 'FL', 'taxonomy_group': ''}]",PO BOX 198441,,ATLANTA,GA,303848441,Physician Assistant,MELISSA ADAMS,813-449-6749,813-745-4673,"PO BOX 198441, ATLANTA, GA 303848441"
"[{'address_1': 'PO BOX 198441', 'address_purpose': 'MAILING', 'address_type': 'DOM', 'city': 'ATLANTA', 'country_code': 'US', 'country_name': 'United States', 'fax_number': '813-449-8618', 'postal_code': '303848441', 'state': 'GA', 'telephone_number': '813-745-4673'}, {'address_1': '12902 USF MAGNOLIA DR', 'address_purpose': 'LOCATION', 'address_type': 'DOM', 'city': 'TAMPA', 'country_code': 'US', 'country_name': 'United States', 'fax_number': '813-449-8618', 'postal_code': '336129416', 'state': 'FL', 'telephone_number': '813-745-4673'}]","{'certification_date': '2025-09-16', 'credential': 'M.D.', 'enumeration_date': '2013-04-30', 'first_name': 'ALTAN', 'last_name': 'AHMED', 'last_updated': '2025-09-16', 'middle_name': 'FAREED', 'sex': 'M', 'sole_proprietor': 'NO', 'status': 'A'}",1367354061000,[],NPI-1,[],1758034962000,1184069411,[],[],"[{'code': '2085R0204X', 'desc': 'Radiology, Vascular & Interventional Radiology', 'license': 'ME135276', 'primary': True, 'state': 'FL', 'taxonomy_group': ''}]",PO BOX 198441,,ATLANTA,GA,303848441,"Radiology, Vascular & Interventional Radiology",ALTAN AHMED,813-449-8618,813-745-4673,"PO BOX 198441, ATLANTA, GA 303848441"
"[{'address_1': 'PO BOX 947407', 'address_purpose': 'MAILING', 'address_type': 'DOM', 'city': 'ATLANTA', 'country_code': 'US', 'country_name': 'United States', 'fax_number': '941-917-7884', 'postal_code': '303947407', 'state': 'GA', 'telephone_number': '941-917-2600'}, {'address_1': '1700 S TAMIAMI TRL', 'address_purpose': 'LOCATION', 'address_type': 'DOM', 'city': 'SARASOTA', 'country_code': 'US', 'country_name': 'United States', 'fax_number': '941-917-2675', 'postal_code': '342393509', 'state': 'FL', 'telephone_number': '941-917-8560'}]","{'certification_date': '2024-06-12', 'credential': 'CNM', 'enumeration_date': '2016-03-19', 'first_name': 'SARA', 'last_name': 'ABERCROMBIE', 'last_updated': '2024-06-12', 'middle_name': 'ELAINE', 'sex': 'F', 'sole_proprietor': 'NO', 'status': 'A'}",1458431620000,"[{'address_1': '544 W Pershing Rd', 'address_type': 'DOM', 'affiliation': 'N', 'city': 'Decatur', 'contentOtherDescription': 'CDA/CCD/TXT', 'contentType': 'OTHER', 'contentTypeDescription': 'Other', 'country_code': 'US', 'country_name': 'United States', 'endpoint': 'sabercrombie247229@ewd.direct.hshs.org', 'endpointType': 'DIRECT', 'endpointTypeDescription': 'Direct Messaging Address', 'postal_code': '625263226', 'state': 'IL', 'use': 'DIRECT', 'useDescription': 'Direct'}]",NPI-1,[],1718214046000,1215398128,"[{'code': '1', 'credential': 'CNM', 'first_name': 'SARA', 'last_name': 'GEPHART', 'prefix': '--', 'suffix': '--', 'type': 'Former Name'}]","[{'address_1': '544 W PERSHING RD', 'address_purpose': 'LOCATION', 'address_type': 'DOM', 'city': 'DECATUR', 'country_code': 'US', 'country_name': 'United States', 'fax_number': '217-875-4680', 'postal_code': '625263226', 'state': 'IL', 'telephone_number': '217-872-2400'}, {'address_1': '4030 W BOY SCOUT BLVD STE 800', 'address_purpose': 'LOCATION', 'address_type': 'DOM', 'city': 'TAMPA', 'country_code': 'US', 'country_name': 'United States', 'fax_number': '813-282-1806', 'postal_code': '336075713', 'state': 'FL', 'telephone_number': '813-286-0033'}]","[{'code': '363LW0102X', 'desc': ""Nurse Practitioner, Women's Health"", 'license': 'APRN11019002', 'primary': False, 'state': 'FL', 'taxonomy_group': ''}, {'code': '367A00000X', 'desc': 'Advanced Practice Midwife', 'license': 'APRN11019002', 'primary': True, 'state': 'FL', 'taxonomy_group': ''}]",PO BOX 947407,,ATLANTA,GA,303947407,Advanced Practice Midwife,SARA ABERCROMBIE,941-917-7884,941-917-2600,"PO BOX 947407, ATLANTA, GA 303947407"
"[{'address_1': 'PO BOX 947407', 'address_purpose': 'MAILING', 'address_type': 'DOM', 'city': 'ATLANTA', 'country_code': 'US', 'country_name': 'United States', 'fax_number': '941-917-2600', 'postal_code': '303947407', 'state': 'GA', 'telephone_number': '941-917-2600'}, {'address_1': '1700 S TAMIAMI TRL', 'address_purpose': 'LOCATION', 'address_type': 'DOM', 'city': 'SARASOTA', 'country_code': 'US', 'country_name': 'United States', 'fax_number': '941-917-6884', 'postal_code': '342393509', 'state': 'FL', 'telephone_number': '941-917-4896'}]","{'certification_date': '2022-05-25', 'credential': 'MD', 'enumeration_date': '2018-01-22', 'first_name': 'CRISTINA', 'last_name': 'ACOSTA DIAZ', 'last_updated': '2023-03-07', 'middle_name': 'MARIA', 'sex': 'F', 'sole_proprietor': 'NO', 'status': 'A'}",1516638233000,[],NPI-1,"[{'code': '01', 'desc': 'Other (non-Medicare)', 'identifier': '14655-I', 'issuer': 'provisional license', 'state': 'PR'}, {'code': '01', 'desc': 'Other (non-Medicare)', 'identifier': 'ME156969', 'issuer': 'FL MED LIC', 'state': 'FL'}]",1678238276000,1114435351,[],"[{'address_1': 'CALLE HERNANDEZ CARRION', 'address_2': 'URB ATENAS', 'address_purpose': 'LOCATION', 'address_type': 'DOM', 'city': 'MANATI', 'country_code': 'US', 'country_name': 'United States', 'postal_code': '00674', 'state': 'PR', 'telephone_number': '787-621-3700'}]","[{'code': '390200000X', 'desc': 'Student in an Organized Health Care Education/Training Program', 'license': '14655-I', 'primary': False, 'state': 'PR', 'taxonomy_group': ''}, {'code': '207R00000X', 'desc': 'Internal Medicine', 'license': 'ME156969', 'primary': True, 'state': 'FL', 'taxonomy_group': ''}]",PO BOX 947407,,ATLANTA,GA,303947407,Internal Medicine,CRISTINA ACOSTA DIAZ,941-917-2600,941-917-2600,"PO BOX 947407, ATLANTA, GA 303947407"
"[{'address_1': 'PO BOX 947407', 'address_purpose': 'MAILING', 'address_type': 'DOM', 'city': 'ATLANTA', 'country_code': 'US', 'country_name': 'United States', 'fax_number': '941-917-7884', 'postal_code': '303947407', 'state': 'GA', 'telephone_number': '941-917-2600'}, {'address_1': '1852 HILLVIEW ST STE 301', 'address_purpose': 'LOCATION', 'address_type': 'DOM', 'city': 'SARASOTA', 'country_code': 'US', 'country_name': 'United States', 'fax_number': '941-262-0410', 'postal_code': '342393638', 'state': 'FL', 'telephone_number': '941-262-0400'}]","{'certification_date': '2026-06-29', 'credential': 'M.D.', 'enumeration_date': '2011-06-08', 'first_name': 'DUSTIN', 'last_name': 'ALBERT', 'last_updated': '2026-06-29', 'sex': 'M', 'sole_proprietor': 'NO', 'status': 'A'}",1307563497000,"[{'address_1': '310 N L Rogers Wells Blvd', 'address_type': 'DOM', 'affiliation': 'N', 'city': 'Glasgow', 'contentTypeDescription': '', 'country_code': 'US', 'country_name': 'United States', 'endpoint': 'Dustin.Albert@tjsamson.direct-ci.net', 'endpointType': 'DIRECT', 'endpointTypeDescription': 'Direct Messaging Address', 'postal_code': '421411300', 'state': 'KY', 'useDescription': ''}]",NPI-1,[],1782731166000,1689968463,[],"[{'address_1': '1888 HILLVIEW ST', 'address_purpose': 'LOCATION', 'address_type': 'DOM', 'city': 'SARASOTA', 'country_code': 'US', 'country_name': 'United States', 'fax_number': '941-262-0410', 'postal_code': '342393605', 'state': 'FL', 'telephone_number': '941-262-0400'}]","[{'code': '207RG0100X', 'desc': 'Internal Medicine, Gastroenterology', 'license': 'ME154927', 'primary': True, 'state': 'FL', 'taxonomy_group': ''}]",PO BOX 947407,,ATLANTA,GA,303947407,"Internal Medicine, Gastroenterology",DUSTIN ALBERT,941-917-7884,941-917-2600,"PO BOX 947407, ATLANTA, GA 303947407"
"[{'address_1': 'PO BOX 947407', 'address_purpose': 'MAILING', 'address_type': 'DOM', 'city': 'ATLANTA', 'country_code': 'US', 'country_name': 'United States', 'fax_number': '941-917-7884', 'postal_code': '303947407', 'state': 'GA', 'telephone_number': '941-917-2600'}, {'address_1': '1700 S TAMIAMI TRL', 'address_purpose': 'LOCATION', 'address_type': 'DOM', 'city': 'SARASOTA', 'country_code': 'US', 'country_name': 'United States', 'fax_number': '941-917-1875', 'postal_code': '342393509', 'state': 'FL', 'telephone_number': '941-917-8720'}]","{'certification_date': '2023-05-02', 'credential': 'CRNA', 'enumeration_date': '2009-06-02', 'first_name': 'MARCIANNA', 'last_name': 'ALEXANDER', 'last_updated': '2023-05-02', 'middle_name': 'G', 'sex': 'F', 'sole_proprietor': 'NO', 'status': 'A'}",1243946141000,[],NPI-1,"[{'code': '05', 'desc': 'MEDICAID', 'identifier': '001286400', 'issuer': None, 'state': 'FL'}, {'code': '01', 'desc': 'Other (non-Medicare)', 'identifier': 'G001N', 'issuer': 'BCBS OF FL', 'state': 'FL'}]",1683036192000,1558597856,[],[],"[{'code': '367500000X', 'desc': 'Nurse Anesthetist, Certified Registered', 'license': 'RN9168858', 'primary': False, 'state': 'FL', 'taxonomy_group': ''}, {'code': '367500000X', 'desc': 'Nurse Anesthetist, Certified Registered', 'license': 'APRN9168858', 'primary': True, 'state': 'FL', 'taxonomy_group': ''}]",PO BOX 947407,,ATLANTA,GA,303947407,"Nurse Anesthetist, Certified Registered",MARCIANNA ALEXANDER,941-917-7884,941-917-2600,"PO BOX 947407, ATLANTA, GA 303947407"
"[{'address_1': 'PO BOX 947407', 'address_purpose': 'MAILING', 'address_type': 'DOM', 'city': 'ATLANTA', 'country_code': 'US', 'country_name': 'United States', 'fax_number': '941-917-7884', 'postal_code': '303947407', 'state': 'GA', 'telephone_number': '941-917-2600'}, {'address_1': '1700 S TAMIAMI TRL', 'address_purpose': 'LOCATION', 'address_type': 'DOM', 'city': 'SARASOTA', 'country_code': 'US', 'country_name': 'United States', 'fax_number': '941-917-1875', 'postal_code': '342393509', 'state': 'FL', 'telephone_number': '941-917-8720'}]","{'certification_date': '2024-03-29', 'credential': 'CRNA', 'enumeration_date': '2019-07-16', 'first_name': 'ZACHARY', 'last_name': 'ADAMS', 'last_updated': '2024-03-29', 'middle_name': 'ROBERT', 'sex': 'M', 'sole_proprietor': 'NO', 'status': 'A'}",1563286961000,[],NPI-1,[],1711729415000,1972155315,[],"[{'address_1': '25 HENRY ST', 'address_purpose': 'LOCATION', 'address_type': 'DOM', 'city': 'BAYPORT', 'country_code': 'US', 'country_name': 'United States', 'fax_number': '215-893-7270', 'postal_code': '117052100', 'state': 'NY', 'telephone_number': '215-349-8310'}]","[{'code': '367500000X', 'desc': 'Nurse Anesthetist, Certified Registered', 'license': 'RN682851', 'primary': False, 'state': 'PA', 'taxonomy_group': ''}, {'code': '367500000X', 'desc': 'Nurse Anesthetist, Certified Registered', 'license': '123275', 'primary': False, 'state': 'NY', 'taxonomy_group': ''}, {'code': '367500000X', 'desc': 'Nurse Anesthetist, Certified Registered', 'license': 'APRN11022101', 'primary': True, 'state': 'FL', 'taxonomy_group': ''}]",PO BOX 947407,,ATLANTA,GA,303947407,"Nurse Anesthetist, Certified Registered",ZACHARY ADAMS,941-917-7884,941-917-2600,"PO BOX 947407, ATLANTA, GA 303947407"
"[{'address_1': 'PO BOX 947407', 'address_purpose': 'MAILING', 'address_type': 'DOM', 'city': 'ATLANTA', 'country_code': 'US', 'country_name': 'United States', 'fax_number': '941-917-7884', 'postal_code': '303947407', 'state': 'GA', 'telephone_number': '941-917-2600'}, {'address_1': '1921 WALDEMERE ST STE 504', 'address_purpose': 'LOCATION', 'address_type': 'DOM', 'city': 'SARASOTA', 'country_code': 'US', 'country_name': 'United States', 'fax_number': '941-917-8526', 'postal_code': '342392941', 'state': 'FL', 'telephone_number': '941-917-8525'}]","{'certification_date': '2024-02-02', 'credential': 'PA-C', 'enumeration_date': '2019-10-11', 'first_name': 'EVONNA', 'last_name': 'ACKOUREY', 'last_updated': '2024-02-02', 'sex': 'F', 'sole_proprietor': 'NO', 'status': 'A'}",1570830653000,[],NPI-1,[],1706899674000,1285276139,[],[],"[{'code': '363A00000X', 'desc': 'Physician Assistant', 'license': 'MA061187', 'primary': False, 'state': 'PA', 'taxonomy_group': ''}, {'code': '363A00000X', 'desc': 'Physician Assistant', 'license': 'PA9117342', 'primary': True, 'state': 'FL', 'taxonomy_group': ''}]",PO BOX 947407,,ATLANTA,GA,303947407,Physician Assistant,EVONNA ACKOUREY,941-917-7884,941-917-2600,"PO BOX 947407, ATLANTA, GA 303947407"
